seed,student,route,macro_f1,accuracy,macro_precision,macro_recall,per_class_f1,params,kd_minus_scratch
42,RF,A_RF_200,0.9435403040494533,0.9846204138958087,,,,,
42,A,D_Small_MLP,0.7185980195239438,0.8957905155687662,0.6678741885787967,0.8512589387856334,"[0.5233873433200856, 0.5321444160379123, 0.9930790920224432, 0.9624620480264974, 0.9997257268239166, 0.5131313131313131, 0.875, 0.9537680674895904, 0.49170291606251004, 0.9194414607948442, 0.6617189370361504, 0.7625262176648799, 0.3399193131271335, 0.9074551829066614, 0.3435082584152206]",2095.0,
42,A,E_KD_from_RF,0.7630789240039444,0.9447200588425809,0.7932662919658255,0.7694351530651565,"[0.9460889460889461, 0.5583452211126961, 0.9967935075622145, 0.9552442774171507, 0.9993414915217034, 0.6532951289398281, 0.9130434782608695, 0.9843039922410036, 0.3812340810122422, 0.9214562354763749, 0.918783542039356, 0.7477935589455842, 0.4965858252884389, 0.8514865144512658, 0.12238805970149254]",2095.0,0.04448090448000064
42,B,D_Small_MLP,0.8079022400503834,0.9379822200966786,0.7799118599008723,0.883740482296044,"[0.993109151047409, 0.6716388616290481, 0.9944823663253698, 0.9655029952489155, 0.9995885563814906, 0.5701559020044543, 0.863013698630137, 0.9803991311085988, 0.5243252535671308, 0.9235511713933415, 0.997598627787307, 0.785697701416299, 0.37486030546538235, 0.9287133960514111, 0.5458964826994567]",5199.0,
42,B,E_KD_from_RF,0.8117371119738478,0.9577356503104067,0.80698589870944,0.849355296516132,"[0.9627128183481075, 0.6320138611222178, 0.9952541987552929, 0.9635761589403974, 0.9994238525062416, 0.6076555023923444, 0.9333333333333333, 0.9970009927605167, 0.4955409073284219, 0.9218461538461539, 0.9258992805755396, 0.768487248165832, 0.5434288312869486, 0.897681691481406, 0.5322018487649643]",5199.0,0.0038348719234644335
123,RF,A_RF_200,0.944076982099298,0.9848534837895349,,,,,
123,A,D_Small_MLP,0.7053357580095938,0.8877269026221877,0.6433791853029691,0.858509151390848,"[0.563165905631659, 0.6076537013801756, 0.9928209218847929, 0.9603251136520182, 0.99950619993416, 0.5019762845849802, 0.8289473684210527, 0.9471652498562788, 0.34563916347253043, 0.917470525187567, 0.4588730025231287, 0.7726909464550747, 0.32039878799726323, 0.8938902406055691, 0.4695129585576562]",2095.0,
123,A,E_KD_from_RF,0.7565244225576596,0.9432853168993834,0.7831620871230388,0.7686774685860309,"[0.9460308395202741, 0.5663619492748643, 0.9965941987852642, 0.9632894827467456, 0.9990943769038667, 0.6648351648351648, 0.9130434782608695, 0.986989431092818, 0.36391390627385134, 0.9209960036889026, 0.9316546762589928, 0.6804100356799003, 0.4548097585640248, 0.8471875865890829, 0.11265544989027067]",2095.0,0.05118866454806581
123,B,D_Small_MLP,0.8016838930823226,0.9312625426411965,0.7721382099341604,0.8803796893731496,"[0.9623101952277657, 0.6631158455392809, 0.9941972920696325, 0.9640763979866235, 0.9996159964891107, 0.5582417582417583, 0.8811188811188811, 0.9760306521882423, 0.5232755691471288, 0.9204301075268817, 0.986096982027806, 0.7810336871250577, 0.3326194879781953, 0.9321510673234811, 0.5509444762449914]",5199.0,
123,B,E_KD_from_RF,0.8207545902815238,0.9565733277235126,0.8194141053576004,0.8472155698985812,"[0.9687985316956093, 0.6140922586718807, 0.9967365702772496, 0.9655029952489155, 0.9991493098433084, 0.684931506849315, 0.9618320610687023, 0.9952586037405498, 0.5002183088342308, 0.9235511713933415, 0.9269521410579346, 0.7536899279726059, 0.5852484132195229, 0.8939787817044895, 0.5413782726452001]",5199.0,0.01907069719920118
456,RF,A_RF_200,0.942923025551525,0.9843116719586649,,,,,
456,A,D_Small_MLP,0.7460482433757446,0.9184104027871527,0.6976585011251891,0.858058695971234,"[0.6777724892908139, 0.5913836394872473, 0.993452143711211, 0.9622420100780009, 0.9989298943613665, 0.5280665280665281, 0.7590361445783133, 0.9705162434054551, 0.44793035479632065, 0.9209960036889026, 0.8542034097589654, 0.7689532720816189, 0.3464100666173205, 0.8924363889857093, 0.4783950617283951]",2095.0,
456,A,E_KD_from_RF,0.7696307835638764,0.9492997309102136,0.7773048066821677,0.8022205272695765,"[0.9577261578415813, 0.570840197693575, 0.9946828172538315, 0.9410896403650026, 0.9991219886956044, 0.5707762557077626, 0.7875, 0.9926822072625018, 0.41050597581049164, 0.917094415927827, 0.9369303682099891, 0.7612676455581382, 0.41314308155517737, 0.8700960219478738, 0.4210049796287913]",2095.0,0.023582540188131773
456,B,D_Small_MLP,0.8102697570557404,0.947967902946064,0.7823611145205103,0.878155627961729,"[0.9861814201669175, 0.6695245004286751, 0.9944251663917174, 0.9642192347466391, 0.9996708721887, 0.5657015590200446, 0.8611111111111112, 0.9880246189794765, 0.5256887565152644, 0.9207129686539643, 0.9663865546218487, 0.7793127466914326, 0.4475459716893769, 0.9322762698199408, 0.5532646048109966]",5199.0,
456,B,E_KD_from_RF,0.802784387525466,0.9538763760961095,0.8041177491284451,0.8316301613255448,"[0.9705756929637527, 0.5845620121422377, 0.9952824826645448, 0.9638155627541526, 0.9991218441273326, 0.5701559020044543, 0.9618320610687023, 0.9950460424211071, 0.4869576879232884, 0.9221298861188058, 0.9334787350054525, 0.7534883720930232, 0.5440788719477244, 0.8794177339211982, 0.48182292572621327]",5199.0,-0.007485369530274455
789,RF,A_RF_200,0.944058428275641,0.984544741852391,,,,,
789,A,D_Small_MLP,0.7410343168326153,0.9041810317429088,0.6877192711846594,0.8620279987358549,"[0.6751396110148277, 0.6103310912296741, 0.9941390690793217, 0.9648615130219099, 0.9992866158151786, 0.5533769063180828, 0.782608695652174, 0.9586071896187401, 0.42263313609467457, 0.9225558121632025, 0.8600810221252727, 0.7819650067294751, 0.3327186643408921, 0.8740328491923443, 0.38317757009345793]",2095.0,
789,A,E_KD_from_RF,0.7716937860809545,0.9449773437902008,0.780459079595236,0.7896985701489582,"[0.94453158420077, 0.5543478260869565, 0.9954825695371765, 0.9618110507121723, 0.99950619993416, 0.5938242280285035, 0.9692307692307692, 0.9930286247640759, 0.41261128589597695, 0.9217043531764344, 0.9068454481298518, 0.6104175634954799, 0.4814634146341463, 0.8518467664424001, 0.3787551069454458]",2095.0,0.030659469248339177
789,B,D_Small_MLP,0.8063819835450545,0.9390416287045249,0.7798439634401844,0.8828531888905904,"[0.980274792545232, 0.6619063216508353, 0.9944251663917174, 0.964932828108853, 0.9996708721887, 0.5657015590200446, 0.863013698630137, 0.9812063158963598, 0.5168699367933767, 0.922271817762044, 0.9948682860075265, 0.7911203128594433, 0.3828748168647241, 0.9347182959700217, 0.5418747324868027]",5199.0,
789,B,E_KD_from_RF,0.8119222235541751,0.9554079782548816,0.8060257451725688,0.8394260022281586,"[0.9704807421984819, 0.6382864071130271, 0.9971634424462472, 0.9653605123614076, 0.9995610906896363, 0.7236467236467237, 0.863013698630137, 0.9942708096511642, 0.4331159535549547, 0.9231243259898321, 0.9447852760736196, 0.7619785458879619, 0.560580204778157, 0.8886240975678138, 0.5148415227234614]",5199.0,0.005540240009120567
1001,RF,A_RF_200,0.9448016412017217,0.9847203009931199,,,,,
1001,A,D_Small_MLP,0.7566135396974482,0.9207653167783082,0.71277859596531,0.8582653829001783,"[0.8980162767039674, 0.6081785380195109, 0.9936534137803456, 0.961944885696526, 0.999259198287925, 0.5369978858350951, 0.7974683544303798, 0.9722723375942063, 0.4828728449898366, 0.9184549356223176, 0.7597145122918318, 0.7611141189917584, 0.34821340195981393, 0.8813194693438509, 0.4297229219143577]",2095.0,
1001,A,E_KD_from_RF,0.7768880609925686,0.9504438922066876,0.7808228433902124,0.800831230578618,"[0.9439093484419263, 0.6070168430863457, 0.9965941987852642, 0.9572273414936048, 0.9990945756852416, 0.6685082872928176, 0.7730061349693251, 0.9913004408518602, 0.4051674483666584, 0.9156439335093988, 0.9257925072046109, 0.7328925806633892, 0.5116547426725133, 0.8818103391067755, 0.34370219275879654]",2095.0,0.020274521295120418
1001,B,D_Small_MLP,0.8017643641447443,0.9353246179318527,0.7744136386577816,0.8782004821718032,"[0.9541014318212231, 0.6650432553668696, 0.9946539270886652, 0.9651515151515152, 0.9996708721887, 0.5707865168539326, 0.8811188811188811, 0.9790559934200206, 0.49875666074600356, 0.9226978749615029, 0.9671621154510889, 0.7858049624927871, 0.35668255880966104, 0.9314545334825838, 0.5543243632177292]",5199.0,
1001,B,E_KD_from_RF,0.8172463468000513,0.9585862040784204,0.8123740965793398,0.8517675593038075,"[0.9658083579569439, 0.6419513547224724, 0.9968219737812837, 0.9657308009909166, 0.9995610906896363, 0.6958904109589041, 0.8571428571428571, 0.9959772340015859, 0.501906577693041, 0.9236228977009721, 0.9298118668596237, 0.7851267605633803, 0.5812135227397863, 0.8874237216805779, 0.5307057745187901]",5199.0,0.01548198265530698
