view,category,student,route,accuracy_mean,accuracy_sample_sd,macro_precision_mean,macro_precision_sample_sd,macro_recall_mean,macro_recall_sample_sd,macro_f1_mean,macro_f1_sample_sd
inverse_test_group_size,student,student_A,D_Small_MLP,0.9866614981356369,0.002002826094895535,0.890058272828744,0.009381053813042169,0.9433816633874113,0.0028203665817928525,0.9140919107997905,0.005454561689798275
inverse_test_group_size,student,student_A,E2_KD_from_MLP,0.9879074832945693,0.0003485506793115175,0.8958544980367569,0.002607665514747638,0.9383411921126438,0.0018206963528046678,0.9144081408230577,0.002340273391046438
inverse_test_group_size,student,student_A,E_KD_from_RF,0.9885406283457009,0.000341012400078465,0.9040427508696023,0.0026875140450320495,0.9313566350162509,0.002563820818826647,0.9153009453883632,0.0022267702974036194
inverse_test_group_size,student,student_A,F_KD_from_CL_MLP_ext,0.9876712075903569,0.0003530832479424652,0.8944860720355715,0.0026430690679304907,0.9374439557310096,0.0028002528493163187,0.9128257219501823,0.0026503313237928746
inverse_test_group_size,student,student_A,F_KD_from_CL_MLP_fair,0.9879167128142651,0.00033364993832846467,0.8963939724889641,0.002471969170310213,0.9398137362340696,0.0031060783527272037,0.9149587922665665,0.002401593132919249
inverse_test_group_size,student,student_A,G_KD_random_pacing,0.9880053162033449,0.0003553651412865012,0.8968228013835671,0.002863348399615718,0.9400541185176958,0.003459136442956159,0.9154041694882359,0.0029207271917763514
inverse_test_group_size,student,student_A,I_KD_from_SMOTE_MLP,0.9876841289179312,0.000813446022085804,0.893903691955423,0.0062179568154432764,0.9376971310835962,0.005167337586274089,0.9132273201379458,0.005530510489633381
inverse_test_group_size,student,student_A,J_CoDistill_RF_CL,0.9887584450105218,0.0008182350800447373,0.9040151080989416,0.006512536899334157,0.9356507817057654,0.0046703741059441065,0.9178609778899736,0.0059080931129042525
inverse_test_group_size,student,student_B,D_Small_MLP,0.9903957618045556,0.000722817999238263,0.9136898965066766,0.006202241936780574,0.9538059408902411,0.004757706505069087,0.9319770911692424,0.0056115864159390245
inverse_test_group_size,student,student_B,E2_KD_from_MLP,0.9888876582862629,0.0004021642519380337,0.9032083845658396,0.0032504804056515055,0.9448497216046274,0.002755671983383833,0.9215835485872793,0.002876842856999346
inverse_test_group_size,student,student_B,E_KD_from_RF,0.9908572377893454,0.0013368346778216678,0.9214829357583751,0.010994828749228578,0.9448531311608201,0.008211352559102394,0.9317732676073733,0.010205966679572333
inverse_test_group_size,student,student_B,F_KD_from_CL_MLP_ext,0.9888175139365748,0.0005558728913000106,0.902385152789676,0.004547064570940137,0.9443805772748316,0.003586846291803127,0.9210193860050895,0.004115576078744664
inverse_test_group_size,student,student_B,F_KD_from_CL_MLP_fair,0.9885461660575185,0.0006418185551574361,0.9010209959786414,0.004739208810720435,0.9430828459125493,0.0044976416770847695,0.9194704307828749,0.004908449571929155
inverse_test_group_size,student,student_B,G_KD_random_pacing,0.9888452024956621,0.0005713396568910485,0.9026256526254224,0.004400981351151116,0.9435392921563961,0.004007701171139161,0.921005483241221,0.004161055434997981
inverse_test_group_size,student,student_B,I_KD_from_SMOTE_MLP,0.9886033890796323,0.000682024800156922,0.9010880662218836,0.005336062398698911,0.9415689996404701,0.004140779107659793,0.9196744831175149,0.004508448134092466
inverse_test_group_size,student,student_B,J_CoDistill_RF_CL,0.9899564366670358,0.0009913208802926235,0.9131392810925787,0.008292754329795766,0.9440038618437754,0.005703039858606173,0.9267960925544367,0.00743733037449617
inverse_test_group_size,teacher,,A_RF_500_uncalibrated,0.9968231993207073,5.180968591334019e-05,0.9761796363483027,0.00043703582384678626,0.9817959100638237,0.0004176079088614359,0.9785277702775106,0.0003608835801819042
inverse_test_group_size,teacher,,A_calibrated_RF_KD_teacher,0.9967825894340459,5.709386155552915e-05,0.9772711947957695,0.000675157497953653,0.980382653273318,0.00055681415525619,0.9784388654802287,0.000430126839126126
inverse_test_group_size,teacher,,B_Full_MLP,0.9888876582862627,0.0003104681412126893,0.9030549063549064,0.0023223109231634608,0.9452345041370546,0.0011730941524843732,0.9213879731467566,0.002011027686211052
inverse_test_group_size,teacher,,C2_CL_MLP_domain,0.9879517849891091,0.0003623544904427388,0.8965223866791165,0.0024542234566896992,0.9382207789614009,0.0014408615650179182,0.9148010179365551,0.0022945191630009735
inverse_test_group_size,teacher,,C_CL_MLP_loss_ext,0.9884501790526821,0.000395715769074791,0.9001253059779406,0.002941123911006199,0.9436751357215586,0.0029807728466904673,0.9184577082199834,0.0028089246297680038
inverse_test_group_size,teacher,,C_CL_MLP_loss_fair,0.9878465684645772,0.00045450738270917456,0.8960082451549463,0.0031526222840844143,0.9400359912288069,0.0019733827120952977,0.9143067310046107,0.0031496588216759444
inverse_test_group_size,teacher,,G_random_pacing_teacher,0.9886163104072064,0.0005769446511891319,0.9010123138616134,0.004657183087575598,0.9446517888142697,0.002155981430122639,0.9195676780048195,0.0038313885860601525
inverse_test_group_size,teacher,,I_SMOTE_MLP_teacher,0.992374570827334,0.0012311393594522193,0.9319860150953698,0.01037376459367422,0.9698334505806565,0.008582848623940072,0.9499130224782899,0.009568990594841757
pure_group_representative,student,student_A,D_Small_MLP,0.9866614981356369,0.002002826094895535,0.8900582728287436,0.009381053813042177,0.9433816633874113,0.0028203665817928525,0.9140919107997905,0.0054545616897982594
pure_group_representative,student,student_A,E2_KD_from_MLP,0.9879074832945693,0.0003485506793115175,0.8958544980367567,0.0026076655147476016,0.9383411921126438,0.0018206963528046636,0.9144081408230574,0.002340273391046428
pure_group_representative,student,student_A,E_KD_from_RF,0.9885406283457009,0.000341012400078465,0.904042750869602,0.002687514045032137,0.9313566350162509,0.0025638208188266836,0.915300945388363,0.002226770297403706
pure_group_representative,student,student_A,F_KD_from_CL_MLP_ext,0.9876712075903569,0.0003530832479424652,0.8944860720355713,0.002643069067930458,0.9374439557310096,0.0028002528493163014,0.9128257219501821,0.0026503313237928256
pure_group_representative,student,student_A,F_KD_from_CL_MLP_fair,0.9879167128142651,0.00033364993832846467,0.896393972488964,0.002471969170310147,0.9398137362340696,0.003106078352727256,0.9149587922665663,0.0024015931329192408
pure_group_representative,student,student_A,G_KD_random_pacing,0.9880053162033449,0.0003553651412865012,0.8968228013835666,0.002863348399615675,0.9400541185176963,0.003459136442956132,0.9154041694882358,0.0029207271917762886
pure_group_representative,student,student_A,I_KD_from_SMOTE_MLP,0.9876841289179312,0.000813446022085804,0.8939036919554226,0.006217956815443329,0.9376971310835962,0.005167337586274108,0.9132273201379457,0.005530510489633404
pure_group_representative,student,student_A,J_CoDistill_RF_CL,0.9887584450105218,0.0008182350800447373,0.9040151080989414,0.006512536899334117,0.9356507817057654,0.004670374105944101,0.9178609778899736,0.005908093112904317
pure_group_representative,student,student_B,D_Small_MLP,0.9903957618045556,0.000722817999238263,0.9136898965066763,0.006202241936780596,0.9538059408902411,0.004757706505069072,0.9319770911692423,0.005611586415939037
pure_group_representative,student,student_B,E2_KD_from_MLP,0.9888876582862629,0.0004021642519380337,0.9032083845658395,0.003250480405651479,0.9448497216046275,0.0027556719833838083,0.9215835485872791,0.002876842856999347
pure_group_representative,student,student_B,E_KD_from_RF,0.9908572377893454,0.0013368346778216678,0.9214829357583747,0.0109948287492286,0.9448531311608204,0.008211352559102422,0.9317732676073731,0.010205966679572357
pure_group_representative,student,student_B,F_KD_from_CL_MLP_ext,0.9888175139365748,0.0005558728913000106,0.9023851527896756,0.0045470645709400894,0.9443805772748316,0.0035868462918030846,0.9210193860050893,0.0041155760787446065
pure_group_representative,student,student_B,F_KD_from_CL_MLP_fair,0.9885461660575185,0.0006418185551574361,0.901020995978641,0.004739208810720445,0.9430828459125493,0.004497641677084726,0.9194704307828745,0.004908449571929105
pure_group_representative,student,student_B,G_KD_random_pacing,0.9888452024956621,0.0005713396568910485,0.902625652625422,0.0044009813511510665,0.9435392921563961,0.004007701171139163,0.9210054832412208,0.004161055434997958
pure_group_representative,student,student_B,I_KD_from_SMOTE_MLP,0.9886033890796323,0.000682024800156922,0.9010880662218833,0.005336062398698863,0.9415689996404701,0.004140779107659726,0.9196744831175145,0.004508448134092411
pure_group_representative,student,student_B,J_CoDistill_RF_CL,0.9899564366670358,0.0009913208802926235,0.9131392810925784,0.008292754329795761,0.9440038618437754,0.005703039858606145,0.9267960925544367,0.007437330374496165
pure_group_representative,teacher,,A_RF_500_uncalibrated,0.9968231993207073,5.180968591334019e-05,0.9761796363483027,0.00043703582384680746,0.9817959100638239,0.0004176079088614329,0.9785277702775106,0.0003608835801818957
pure_group_representative,teacher,,A_calibrated_RF_KD_teacher,0.9967825894340459,5.709386155552915e-05,0.9772711947957695,0.000675157497953653,0.980382653273318,0.0005568141552561851,0.9784388654802287,0.00043012683912611323
pure_group_representative,teacher,,B_Full_MLP,0.9888876582862627,0.0003104681412126893,0.9030549063549062,0.002322310923163491,0.9452345041370546,0.0011730941524843868,0.9213879731467565,0.002011027686211075
pure_group_representative,teacher,,C2_CL_MLP_domain,0.9879517849891091,0.0003623544904427388,0.8965223866791163,0.0024542234566897105,0.9382207789614011,0.001440861565017916,0.9148010179365549,0.002294519163000945
pure_group_representative,teacher,,C_CL_MLP_loss_ext,0.9884501790526821,0.000395715769074791,0.9001253059779405,0.0029411239110061203,0.9436751357215586,0.002980772846690465,0.9184577082199832,0.002808924629767932
pure_group_representative,teacher,,C_CL_MLP_loss_fair,0.9878465684645772,0.00045450738270917456,0.8960082451549457,0.003152622284084451,0.9400359912288071,0.0019733827120952717,0.9143067310046105,0.0031496588216759444
pure_group_representative,teacher,,G_random_pacing_teacher,0.9886163104072064,0.0005769446511891319,0.9010123138616131,0.004657183087575535,0.9446517888142697,0.0021559814301226345,0.9195676780048195,0.0038313885860601225
pure_group_representative,teacher,,I_SMOTE_MLP_teacher,0.992374570827334,0.0012311393594522193,0.9319860150953694,0.010373764593674223,0.9698334505806565,0.008582848623940079,0.9499130224782897,0.009568990594841693
row_level,student,student_A,D_Small_MLP,0.9847800216692422,0.001944152033756892,0.8948453274070237,0.00876483725701452,0.9390603120509058,0.004567611463482094,0.9147922276378905,0.005658203562415463
row_level,student,student_A,E2_KD_from_MLP,0.9857160618816717,0.0005663223358507414,0.8995092884976875,0.0032889389126374994,0.933126667044889,0.002883214379398282,0.9143207990030675,0.0032035604446533712
row_level,student,student_A,E_KD_from_RF,0.9859203211310634,0.0007807081285368921,0.905722390463653,0.005098659026802772,0.925018619058317,0.0045643299835562276,0.9137807036842556,0.004545713542959567
row_level,student,student_A,F_KD_from_CL_MLP_ext,0.9853608284044688,0.0005404791714731502,0.8979944525418958,0.003198854920102104,0.9316211332316918,0.0035744321778444707,0.9122958349868882,0.0033303346717487555
row_level,student,student_A,F_KD_from_CL_MLP_fair,0.9858421697660787,0.0005247932608252613,0.9009488454659571,0.003249360641417714,0.9348369678832974,0.0036078868164287604,0.9153568725303188,0.003083747349887809
row_level,student,student_A,G_KD_random_pacing,0.9858048702509725,0.0005783266954095753,0.9004781496388803,0.0035422188261567426,0.9345464551478007,0.004186791439001796,0.9149695025980671,0.0036143572253085326
row_level,student,student_A,I_KD_from_SMOTE_MLP,0.9852329443526756,0.0011505153853277206,0.895849526646184,0.007196571961897255,0.931222114098677,0.006321444229642132,0.9115766922405542,0.006552193125405791
row_level,student,student_A,J_CoDistill_RF_CL,0.986463828351184,0.0011157840856663853,0.9067015300645289,0.006810039828255161,0.9309067909572912,0.005905884491315501,0.917462515299208,0.006553400768822203
row_level,student,student_B,D_Small_MLP,0.9889984192110264,0.0009319266654275765,0.917568842051,0.005877908222253048,0.9511564366188366,0.005362277234218897,0.9328671717288431,0.0057274432607507305
row_level,student,student_B,E2_KD_from_MLP,0.9871014724427629,0.0006327965903965531,0.9079322594327734,0.003924808617628014,0.9411787089948073,0.003987373971464809,0.922492270400412,0.0037307985710510814
row_level,student,student_B,E_KD_from_RF,0.9891227509280475,0.0018137250252625683,0.9242288055609663,0.011045706308870765,0.9420589534803456,0.0102111364407072,0.9321418755524803,0.010930384531076216
row_level,student,student_B,F_KD_from_CL_MLP_ext,0.9870570682581125,0.0008644845883185977,0.9070841058040804,0.005450621016221703,0.9409064618681929,0.004829933248359105,0.9221126730319963,0.005210862317282533
row_level,student,student_B,F_KD_from_CL_MLP_fair,0.9866929539439797,0.0008915817740039676,0.9056799058486904,0.005278997058106068,0.939124915282091,0.005339079419397622,0.9203439011305212,0.00545811395801432
row_level,student,student_B,G_KD_random_pacing,0.9868883323564412,0.0006759711319739917,0.9059811453930534,0.004145509386371878,0.9392899087040073,0.004150696180230093,0.9210072571062466,0.003970928151449453
row_level,student,student_B,I_KD_from_SMOTE_MLP,0.9865952647377488,0.0009002772468057514,0.9041625705616619,0.005658027895841916,0.9374854290853714,0.004936155220407206,0.9196192844251645,0.0050916439514542096
row_level,student,student_B,J_CoDistill_RF_CL,0.9881778298786876,0.001310817413985376,0.9169494930751281,0.007863919803294364,0.9409255361797882,0.006968371831905796,0.9275752509348468,0.007726967650714833
row_level,teacher,,A_RF_500_uncalibrated,0.9967904655334718,5.364561335242546e-05,0.9777043981815694,0.0003572579314060465,0.9821204936269314,0.0003128003475872706,0.9794765359763808,0.00027749254698206224
row_level,teacher,,A_calibrated_RF_KD_teacher,0.9967549421857516,7.15628691895183e-05,0.9785785700705818,0.0006780425474427027,0.9811542411344811,0.0005950524467526978,0.9794999769458613,0.0004892024243454725
row_level,teacher,,B_Full_MLP,0.9870552920907265,0.0003078462413569059,0.9075705411412116,0.002037524143280127,0.9410118910060733,0.001244147801805653,0.9219511672264762,0.0017029063285428287
row_level,teacher,,C2_CL_MLP_domain,0.9858368412639207,0.00045114496209277156,0.9004591780671427,0.0024065147541050018,0.9335214763428263,0.001920794307065603,0.9151457195558217,0.0025162953405405844
row_level,teacher,,C_CL_MLP_loss_ext,0.986598817072521,0.0005357532487593186,0.9055130327664281,0.003464367592681899,0.9392965563686493,0.0033696286704550577,0.9194172308005106,0.003050021805974644
row_level,teacher,,C_CL_MLP_loss_fair,0.9858386174313066,0.0005410787515844445,0.9013670672957778,0.0029803625013631397,0.9352851147915361,0.0023390005390949253,0.9151625947472724,0.0030853380918741706
row_level,teacher,,G_random_pacing_teacher,0.9868155094936146,0.0006852032356060875,0.9062231382281449,0.00439997056893865,0.9405469486735223,0.002756811917100982,0.9205554993161765,0.0039905205215167204
row_level,teacher,,I_SMOTE_MLP_teacher,0.9917674641658231,0.0017379081612069818,0.9349956470212811,0.01037851105269193,0.9691293627824331,0.01042687280727711,0.95118752119864,0.010473929918472884
