view,seed,category,student,route,accuracy_minus_row_level,macro_f1_minus_row_level
inverse_test_group_size,42,teacher,,A_RF_500_uncalibrated,3.921082780133922e-05,-0.0008506669523837829
pure_group_representative,42,teacher,,A_RF_500_uncalibrated,3.921082780133922e-05,-0.0008506669523837829
inverse_test_group_size,42,teacher,,A_calibrated_RF_KD_teacher,5.3485674004205563e-05,-0.0009307774230039589
pure_group_representative,42,teacher,,A_calibrated_RF_KD_teacher,5.3485674004205563e-05,-0.0009307774230039589
inverse_test_group_size,42,teacher,,B_Full_MLP,0.0020626360973013957,0.0005666956298541193
pure_group_representative,42,teacher,,B_Full_MLP,0.0020626360973013957,0.0005666956298538972
inverse_test_group_size,42,teacher,,C_CL_MLP_loss_fair,0.0018118382722815962,-0.00212704121066698
pure_group_representative,42,teacher,,C_CL_MLP_loss_fair,0.0018118382722815962,-0.002127041210667091
inverse_test_group_size,42,teacher,,C_CL_MLP_loss_ext,0.002073054285889664,-0.00012029845123340266
pure_group_representative,42,teacher,,C_CL_MLP_loss_ext,0.002073054285889664,-0.00012029845123351368
inverse_test_group_size,42,teacher,,C2_CL_MLP_domain,0.0021217852843239404,-0.0006152471348425115
pure_group_representative,42,teacher,,C2_CL_MLP_domain,0.0021217852843239404,-0.0006152471348427335
inverse_test_group_size,42,teacher,,G_random_pacing_teacher,0.0019285412628401444,-0.0005531415174937493
pure_group_representative,42,teacher,,G_random_pacing_teacher,0.0019285412628401444,-0.0005531415174937493
inverse_test_group_size,42,teacher,,I_SMOTE_MLP_teacher,0.0003465690301415192,-0.00213184304036651
pure_group_representative,42,teacher,,I_SMOTE_MLP_teacher,0.0003465690301415192,-0.002131843040366732
inverse_test_group_size,42,student,student_A,D_Small_MLP,0.0011711393459103991,-0.004097594061579057
pure_group_representative,42,student,student_A,D_Small_MLP,0.0011711393459103991,-0.004097594061579279
inverse_test_group_size,42,student,student_A,E_KD_from_RF,0.0023499398767634627,-0.0003167954504297299
pure_group_representative,42,student,student_A,E_KD_from_RF,0.0023499398767634627,-0.00031679545042995194
inverse_test_group_size,42,student,student_A,E2_KD_from_MLP,0.0023422688559175953,0.001573004073667117
pure_group_representative,42,student,student_A,E2_KD_from_MLP,0.0023422688559175953,0.0015730040736668949
inverse_test_group_size,42,student,student_A,F_KD_from_CL_MLP_fair,0.0017014538658894907,-0.0018090511952975064
pure_group_representative,42,student,student_A,F_KD_from_CL_MLP_fair,0.0017014538658894907,-0.0018090511952976174
inverse_test_group_size,42,student,student_A,F_KD_from_CL_MLP_ext,0.0023325057384773196,0.001234772682223162
pure_group_representative,42,student,student_A,F_KD_from_CL_MLP_ext,0.0023325057384773196,0.00123477268222294
inverse_test_group_size,42,student,student_A,G_KD_random_pacing,0.0015774919788259512,-0.00202592346565722
pure_group_representative,42,student,student_A,G_KD_random_pacing,0.0015774919788259512,-0.002025923465657442
inverse_test_group_size,42,student,student_A,I_KD_from_SMOTE_MLP,0.0022590394108684686,0.0008937878471160232
pure_group_representative,42,student,student_A,I_KD_from_SMOTE_MLP,0.0022590394108684686,0.0008937878471159122
inverse_test_group_size,42,student,student_A,J_CoDistill_RF_CL,0.001957090955245988,-0.001839371111490351
pure_group_representative,42,student,student_A,J_CoDistill_RF_CL,0.001957090955245988,-0.001839371111490573
inverse_test_group_size,42,student,student_B,D_Small_MLP,0.0018178716152573715,0.0012131490350163476
pure_group_representative,42,student,student_B,D_Small_MLP,0.0018178716152573715,0.0012131490350162366
inverse_test_group_size,42,student,student_B,E_KD_from_RF,0.002119777776496523,-0.00018990745285285549
pure_group_representative,42,student,student_B,E_KD_from_RF,0.002119777776496523,-0.00018990745285307753
inverse_test_group_size,42,student,student_B,E2_KD_from_MLP,0.0022489487578541967,0.0012330976599059795
pure_group_representative,42,student,student_B,E2_KD_from_MLP,0.0022489487578541967,0.0012330976599056465
inverse_test_group_size,42,student,student_B,F_KD_from_CL_MLP_fair,0.0018006804237784557,-0.0024983722942512054
pure_group_representative,42,student,student_B,F_KD_from_CL_MLP_fair,0.0018006804237784557,-0.0024983722942513165
inverse_test_group_size,42,student,student_B,F_KD_from_CL_MLP_ext,0.0016022273080005256,-0.002024796665612949
pure_group_representative,42,student,student_B,F_KD_from_CL_MLP_ext,0.0016022273080005256,-0.00202479666561306
inverse_test_group_size,42,student,student_B,G_KD_random_pacing,0.002119735482113083,0.00019924480365063335
pure_group_representative,42,student,student_B,G_KD_random_pacing,0.002119735482113083,0.00019924480365052233
inverse_test_group_size,42,student,student_B,I_KD_from_SMOTE_MLP,0.002013905098867008,0.0007427042364207548
pure_group_representative,42,student,student_B,I_KD_from_SMOTE_MLP,0.002013905098867008,0.0007427042364204217
inverse_test_group_size,42,student,student_B,J_CoDistill_RF_CL,0.0020790453344821103,0.00013732122699905425
pure_group_representative,42,student,student_B,J_CoDistill_RF_CL,0.0020790453344821103,0.0001373212269988322
inverse_test_group_size,123,teacher,,A_RF_500_uncalibrated,4.339502098993364e-05,-0.0007756648650304454
pure_group_representative,123,teacher,,A_RF_500_uncalibrated,4.339502098993364e-05,-0.0007756648650304454
inverse_test_group_size,123,teacher,,A_calibrated_RF_KD_teacher,2.0751788409656413e-05,-0.0010429477113190755
pure_group_representative,123,teacher,,A_calibrated_RF_KD_teacher,2.0751788409656413e-05,-0.0010429477113190755
inverse_test_group_size,123,teacher,,B_Full_MLP,0.0017906320651477348,-0.0011448360368535582
pure_group_representative,123,teacher,,B_Full_MLP,0.0017906320651477348,-0.0011448360368536692
inverse_test_group_size,123,teacher,,C_CL_MLP_loss_fair,0.00194663047227428,-0.0010070999780383838
pure_group_representative,123,teacher,,C_CL_MLP_loss_fair,0.00194663047227428,-0.0010070999780384948
inverse_test_group_size,123,teacher,,C_CL_MLP_loss_ext,0.0018693497814340487,-0.0007983484430834631
pure_group_representative,123,teacher,,C_CL_MLP_loss_ext,0.0018693497814340487,-0.0007983484430836851
inverse_test_group_size,123,teacher,,C2_CL_MLP_domain,0.001999587958280813,-0.0002757658298550014
pure_group_representative,123,teacher,,C2_CL_MLP_domain,0.001999587958280813,-0.00027576582985522347
inverse_test_group_size,123,teacher,,G_random_pacing_teacher,0.0021343378638900568,-3.2791558862710346e-06
pure_group_representative,123,teacher,,G_random_pacing_teacher,0.0021343378638900568,-3.2791558862710346e-06
inverse_test_group_size,123,teacher,,I_SMOTE_MLP_teacher,0.0012951966412342308,0.0012122889411487758
pure_group_representative,123,teacher,,I_SMOTE_MLP_teacher,0.0012951966412342308,0.0012122889411484428
inverse_test_group_size,123,student,student_A,D_Small_MLP,0.0021510323422612165,0.0006656402720136567
pure_group_representative,123,student,student_A,D_Small_MLP,0.0021510323422612165,0.0006656402720136567
inverse_test_group_size,123,student,student_A,E_KD_from_RF,0.0025944191176168196,0.0009603297357686502
pure_group_representative,123,student,student_A,E_KD_from_RF,0.0025944191176168196,0.0009603297357683171
inverse_test_group_size,123,student,student_A,E2_KD_from_MLP,0.0022249107942110546,0.0005486432347066028
pure_group_representative,123,student,student_A,E2_KD_from_MLP,0.0022249107942110546,0.0005486432347064918
inverse_test_group_size,123,student,student_A,F_KD_from_CL_MLP_fair,0.0018654931238194505,-0.0011086072571074856
pure_group_representative,123,student,student_A,F_KD_from_CL_MLP_fair,0.0018654931238194505,-0.0011086072571075967
inverse_test_group_size,123,student,student_A,F_KD_from_CL_MLP_ext,0.002355148971057597,0.0009807238334053059
pure_group_representative,123,student,student_A,F_KD_from_CL_MLP_ext,0.002355148971057597,0.0009807238334050838
inverse_test_group_size,123,student,student_A,G_KD_random_pacing,0.0024745991293584346,0.0017105314166198093
pure_group_representative,123,student,student_A,G_KD_random_pacing,0.0024745991293584346,0.0017105314166198093
inverse_test_group_size,123,student,student_A,I_KD_from_SMOTE_MLP,0.002148285174518927,0.0004369324841452249
pure_group_representative,123,student,student_A,I_KD_from_SMOTE_MLP,0.002148285174518927,0.0004369324841452249
inverse_test_group_size,123,student,student_A,J_CoDistill_RF_CL,0.002418566940035727,0.0014005998168322709
pure_group_representative,123,student,student_A,J_CoDistill_RF_CL,0.002418566940035727,0.0014005998168318268
inverse_test_group_size,123,student,student_B,D_Small_MLP,0.0019150060765521504,0.0007290591600057628
pure_group_representative,123,student,student_B,D_Small_MLP,0.0019150060765521504,0.0007290591600055407
inverse_test_group_size,123,student,student_B,E_KD_from_RF,0.0017353818301231172,0.00047220139842918396
pure_group_representative,123,student,student_B,E_KD_from_RF,0.0017353818301231172,0.00047220139842907294
inverse_test_group_size,123,student,student_B,E2_KD_from_MLP,0.002059846635175555,0.00034775137264186906
pure_group_representative,123,student,student_B,E2_KD_from_MLP,0.002059846635175555,0.00034775137264186906
inverse_test_group_size,123,student,student_B,F_KD_from_CL_MLP_fair,0.0020365060370639565,8.708937447954312e-05
pure_group_representative,123,student,student_B,F_KD_from_CL_MLP_fair,0.0020365060370639565,8.708937447932108e-05
inverse_test_group_size,123,student,student_B,F_KD_from_CL_MLP_ext,0.0021301959650846802,0.00032149749526821925
pure_group_representative,123,student,student_B,F_KD_from_CL_MLP_ext,0.0021301959650846802,0.0003214974952679972
inverse_test_group_size,123,student,student_B,G_KD_random_pacing,0.002013165438952247,-0.0005782848982907041
pure_group_representative,123,student,student_B,G_KD_random_pacing,0.002013165438952247,-0.0005782848982907041
inverse_test_group_size,123,student,student_B,I_KD_from_SMOTE_MLP,0.001839077822391455,-0.00010279978424299063
pure_group_representative,123,student,student_B,I_KD_from_SMOTE_MLP,0.001839077822391455,-0.00010279978424310166
inverse_test_group_size,123,student,student_B,J_CoDistill_RF_CL,0.0019408086012155934,0.0007641315083140032
pure_group_representative,123,student,student_B,J_CoDistill_RF_CL,0.0019408086012155934,0.0007641315083140032
inverse_test_group_size,456,teacher,,A_RF_500_uncalibrated,3.572400014406618e-05,-0.001094849532112474
pure_group_representative,456,teacher,,A_RF_500_uncalibrated,3.572400014406618e-05,-0.001094849532112474
inverse_test_group_size,456,teacher,,A_calibrated_RF_KD_teacher,-1.058736612202793e-05,-0.0011691146230659033
pure_group_representative,456,teacher,,A_calibrated_RF_KD_teacher,-1.058736612202793e-05,-0.0011691146230659033
inverse_test_group_size,456,teacher,,B_Full_MLP,0.0018843219931685695,-0.00014121919299336927
pure_group_representative,456,teacher,,B_Full_MLP,0.0018843219931685695,-0.00014121919299359131
inverse_test_group_size,456,teacher,,C_CL_MLP_loss_fair,0.0022227764032332065,-0.00021287153555216154
pure_group_representative,456,teacher,,C_CL_MLP_loss_fair,0.0022227764032332065,-0.00021287153555238358
inverse_test_group_size,456,teacher,,C_CL_MLP_loss_ext,0.0017418587723297962,-0.0016899862348195294
pure_group_representative,456,teacher,,C_CL_MLP_loss_ext,0.0017418587723297962,-0.0016899862348196404
inverse_test_group_size,456,teacher,,C2_CL_MLP_domain,0.002294192928631311,0.0006191230607774934
pure_group_representative,456,teacher,,C2_CL_MLP_domain,0.002294192928631311,0.0006191230607770493
inverse_test_group_size,456,teacher,,G_random_pacing_teacher,0.0017592929106160504,-0.0010921443450847557
pure_group_representative,456,teacher,,G_random_pacing_teacher,0.0017592929106160504,-0.0010921443450850887
inverse_test_group_size,456,teacher,,I_SMOTE_MLP_teacher,0.00040678541265304347,-0.00208508440486066
pure_group_representative,456,teacher,,I_SMOTE_MLP_teacher,0.00040678541265304347,-0.002085084404860882
inverse_test_group_size,456,student,student_A,D_Small_MLP,0.0020705500649544906,-2.2012327543508015e-05
pure_group_representative,456,student,student_A,D_Small_MLP,0.0020705500649544906,-2.2012327543508015e-05
inverse_test_group_size,456,student,student_A,E_KD_from_RF,0.0033146491894628927,0.006110028050592575
pure_group_representative,456,student,student_A,E_KD_from_RF,0.0033146491894628927,0.006110028050592464
inverse_test_group_size,456,student,student_A,E2_KD_from_MLP,0.0019438410101485504,-0.001306178543908465
pure_group_representative,456,student,student_A,E2_KD_from_MLP,0.0019438410101485504,-0.001306178543908798
inverse_test_group_size,456,student,student_A,F_KD_from_CL_MLP_fair,0.0023011665839457462,0.0008286183860611862
pure_group_representative,456,student,student_A,F_KD_from_CL_MLP_fair,0.0023011665839457462,0.0008286183860611862
inverse_test_group_size,456,student,student_A,F_KD_from_CL_MLP_ext,0.002283362615702167,0.00011423743044025603
pure_group_representative,456,student,student_A,F_KD_from_CL_MLP_ext,0.002283362615702167,0.00011423743044003398
inverse_test_group_size,456,student,student_A,G_KD_random_pacing,0.0022147778468133428,-0.00025784511676085753
pure_group_representative,456,student,student_A,G_KD_random_pacing,0.0022147778468133428,-0.00025784511676085753
inverse_test_group_size,456,student,student_A,I_KD_from_SMOTE_MLP,0.002437311220617966,0.0016140064709323498
pure_group_representative,456,student,student_A,I_KD_from_SMOTE_MLP,0.002437311220617966,0.0016140064709323498
inverse_test_group_size,456,student,student_A,J_CoDistill_RF_CL,0.0027194482001693387,0.0023096190243584447
pure_group_representative,456,student,student_A,J_CoDistill_RF_CL,0.0027194482001693387,0.0023096190243583337
inverse_test_group_size,456,student,student_B,D_Small_MLP,0.0011133534150606916,-0.0023592843797595187
pure_group_representative,456,student,student_B,D_Small_MLP,0.0011133534150606916,-0.0023592843797596297
inverse_test_group_size,456,student,student_B,E_KD_from_RF,0.0011708649242131441,-0.001648354531767482
pure_group_representative,456,student,student_B,E_KD_from_RF,0.0011708649242131441,-0.001648354531767482
inverse_test_group_size,456,student,student_B,E2_KD_from_MLP,0.0013605375292730093,-0.0029343432537257685
pure_group_representative,456,student,student_B,E2_KD_from_MLP,0.0013605375292730093,-0.0029343432537259906
inverse_test_group_size,456,student,student_B,F_KD_from_CL_MLP_fair,0.0016412374833780774,-0.001736360360591216
pure_group_representative,456,student,student_B,F_KD_from_CL_MLP_fair,0.0016412374833780774,-0.001736360360591327
inverse_test_group_size,456,student,student_B,F_KD_from_CL_MLP_ext,0.0015440607276999696,-0.0025546930982353055
pure_group_representative,456,student,student_B,F_KD_from_CL_MLP_ext,0.0015440607276999696,-0.0025546930982353055
inverse_test_group_size,456,student,student_B,G_KD_random_pacing,0.0019762896545524322,0.0006003195641675063
pure_group_representative,456,student,student_B,G_KD_random_pacing,0.0019762896545524322,0.0006003195641672843
inverse_test_group_size,456,student,student_B,I_KD_from_SMOTE_MLP,0.00217404540479893,0.0002143785903685469
pure_group_representative,456,student,student_B,I_KD_from_SMOTE_MLP,0.00217404540479893,0.00021437859036832485
inverse_test_group_size,456,student,student_B,J_CoDistill_RF_CL,0.0012602860702785046,-0.0036366429681725654
pure_group_representative,456,student,student_B,J_CoDistill_RF_CL,0.0012602860702785046,-0.0036366429681727874
inverse_test_group_size,789,teacher,,A_RF_500_uncalibrated,2.2843885003953623e-05,-0.0008860626320761344
pure_group_representative,789,teacher,,A_RF_500_uncalibrated,2.2843885003953623e-05,-0.0008860626320763565
inverse_test_group_size,789,teacher,,A_calibrated_RF_KD_teacher,5.488040506707037e-05,-0.000908231108968649
pure_group_representative,789,teacher,,A_calibrated_RF_KD_teacher,5.488040506707037e-05,-0.000908231108968649
inverse_test_group_size,789,teacher,,B_Full_MLP,0.0019034783980915737,-0.0004182834051714712
pure_group_representative,789,teacher,,B_Full_MLP,0.0019034783980915737,-0.00041828340517169327
inverse_test_group_size,789,teacher,,C_CL_MLP_loss_fair,0.002138152227121215,-0.0004512467421009525
pure_group_representative,789,teacher,,C_CL_MLP_loss_fair,0.002138152227121215,-0.0004512467421010635
inverse_test_group_size,789,teacher,,C_CL_MLP_loss_ext,0.0023203229888688615,0.0012629328551098107
pure_group_representative,789,teacher,,C_CL_MLP_loss_ext,0.0023203229888688615,0.0012629328551096997
inverse_test_group_size,789,teacher,,C2_CL_MLP_domain,0.0021831111567077732,-4.462908928104525e-05
pure_group_representative,789,teacher,,C2_CL_MLP_domain,0.0021831111567077732,-4.46290892812673e-05
inverse_test_group_size,789,teacher,,G_random_pacing_teacher,0.0017903045295736275,-0.0006836638433296294
pure_group_representative,789,teacher,,G_random_pacing_teacher,0.0017903045295736275,-0.0006836638433296294
inverse_test_group_size,789,teacher,,I_SMOTE_MLP_teacher,0.00022395957975740455,-0.0021143548748145946
pure_group_representative,789,teacher,,I_SMOTE_MLP_teacher,0.00022395957975740455,-0.0021143548748147056
inverse_test_group_size,789,student,student_A,D_Small_MLP,0.001966727189535944,0.0004583446676421632
pure_group_representative,789,student,student_A,D_Small_MLP,0.001966727189535944,0.00045834466764205217
inverse_test_group_size,789,student,student_A,E_KD_from_RF,0.003622831640484936,0.006911082527284562
pure_group_representative,789,student,student_A,E_KD_from_RF,0.003622831640484936,0.006911082527284229
inverse_test_group_size,789,student,student_A,E2_KD_from_MLP,0.002326229448694317,0.0007959193172903944
pure_group_representative,789,student,student_A,E2_KD_from_MLP,0.002326229448694317,0.0007959193172902834
inverse_test_group_size,789,student,student_A,F_KD_from_CL_MLP_fair,0.0020691976282749547,-0.0008004867657435133
pure_group_representative,789,student,student_A,F_KD_from_CL_MLP_fair,0.0020691976282749547,-0.0008004867657437353
inverse_test_group_size,789,student,student_A,F_KD_from_CL_MLP_ext,0.0022412354426248893,0.0002442694080286856
pure_group_representative,789,student,student_A,F_KD_from_CL_MLP_ext,0.0022412354426248893,0.00024426940802846353
inverse_test_group_size,789,student,student_A,G_KD_random_pacing,0.002064685899512253,-0.0004382521292111141
pure_group_representative,789,student,student_A,G_KD_random_pacing,0.002064685899512253,-0.00043825212921122514
inverse_test_group_size,789,student,student_A,I_KD_from_SMOTE_MLP,0.0020385981336581427,0.000884309240849035
pure_group_representative,789,student,student_A,I_KD_from_SMOTE_MLP,0.0020385981336581427,0.0008843092408488129
inverse_test_group_size,789,student,student_A,J_CoDistill_RF_CL,0.002548435286924833,0.0008868346067365529
pure_group_representative,789,student,student_A,J_CoDistill_RF_CL,0.002548435286924833,0.0008868346067363309
inverse_test_group_size,789,student,student_B,D_Small_MLP,0.0015531687739922528,-0.0007496598382260578
pure_group_representative,789,student,student_B,D_Small_MLP,0.0015531687739922528,-0.0007496598382260578
inverse_test_group_size,789,student,student_B,E_KD_from_RF,0.0024286998874334387,0.0012233253688490597
pure_group_representative,789,student,student_B,E_KD_from_RF,0.0024286998874334387,0.0012233253688489487
inverse_test_group_size,789,student,student_B,E2_KD_from_MLP,0.0015649816936432748,-0.0018195366758536613
pure_group_representative,789,student,student_B,E2_KD_from_MLP,0.0015649816936432748,-0.0018195366758537723
inverse_test_group_size,789,student,student_B,F_KD_from_CL_MLP_fair,0.002220356771064913,0.0003732920888461777
pure_group_representative,789,student,student_B,F_KD_from_CL_MLP_fair,0.002220356771064913,0.0003732920888460667
inverse_test_group_size,789,student,student_B,F_KD_from_CL_MLP_ext,0.0017934215272734644,-0.0005869457925475885
pure_group_representative,789,student,student_B,F_KD_from_CL_MLP_ext,0.0017934215272734644,-0.0005869457925479216
inverse_test_group_size,789,student,student_B,G_KD_random_pacing,0.001614779887566531,-0.0016178706278540123
pure_group_representative,789,student,student_B,G_KD_random_pacing,0.001614779887566531,-0.0016178706278542343
inverse_test_group_size,789,student,student_B,I_KD_from_SMOTE_MLP,0.002097092249532695,0.00022456890953570507
pure_group_representative,789,student,student_B,I_KD_from_SMOTE_MLP,0.002097092249532695,0.00022456890953548303
inverse_test_group_size,789,student,student_B,J_CoDistill_RF_CL,0.002203704587077082,0.00046333293393074904
pure_group_representative,789,student,student_B,J_CoDistill_RF_CL,0.002203704587077082,0.00046333293393074904
inverse_test_group_size,1001,teacher,,A_RF_500_uncalibrated,2.3541250535386027e-05,-0.0009874822006322725
pure_group_representative,1001,teacher,,A_RF_500_uncalibrated,2.3541250535386027e-05,-0.0009874822006322725
inverse_test_group_size,1001,teacher,,A_calibrated_RF_KD_teacher,3.6874800809494346e-06,-0.0011890289982018354
pure_group_representative,1001,teacher,,A_calibrated_RF_KD_teacher,3.6874800809494346e-06,-0.0011890289982018354
inverse_test_group_size,1001,teacher,,B_Full_MLP,0.0018366158958396106,-0.00027913031925108633
pure_group_representative,1001,teacher,,B_Full_MLP,0.0018366158958396106,-0.0002791303192513084
inverse_test_group_size,1001,teacher,,C_CL_MLP_loss_fair,0.001960207952945825,-0.0011013794395413612
pure_group_representative,1001,teacher,,C_CL_MLP_loss_fair,0.001960207952945825,-0.0011013794395414722
inverse_test_group_size,1001,teacher,,C_CL_MLP_loss_ext,0.0016085035977835282,-0.001450916673665703
pure_group_representative,1001,teacher,,C_CL_MLP_loss_ext,0.0016085035977835282,-0.0014509166736659251
inverse_test_group_size,1001,teacher,,C2_CL_MLP_domain,0.001866190489350883,-0.0013364669515617544
pure_group_representative,1001,teacher,,C2_CL_MLP_domain,0.001866190489350883,-0.0013364669515619765
inverse_test_group_size,1001,teacher,,G_random_pacing_teacher,0.0015715855190002737,-0.0019105210957386376
pure_group_representative,1001,teacher,,G_random_pacing_teacher,0.0015715855190002737,-0.0019105210957388596
inverse_test_group_size,1001,teacher,,I_SMOTE_MLP_teacher,0.0007463493125901,-0.00074879209581169
pure_group_representative,1001,teacher,,I_SMOTE_MLP_teacher,0.0007463493125901,-0.0007487920958118011
inverse_test_group_size,1001,student,student_A,D_Small_MLP,0.001421451277315855,-0.003328751797423757
pure_group_representative,1001,student,student_A,D_Small_MLP,0.001421451277315855,-0.003328751797423868
inverse_test_group_size,1001,student,student_A,E_KD_from_RF,0.002297722050671913,-4.2701958554602903e-05
pure_group_representative,1001,student,student_A,E_KD_from_RF,0.002297722050671913,-4.270195855482495e-05
inverse_test_group_size,1001,student,student_A,E2_KD_from_MLP,0.0015896747284345203,-0.00278812161294395
pure_group_representative,1001,student,student_A,E2_KD_from_MLP,0.0015896747284345203,-0.002788121612944061
inverse_test_group_size,1001,student,student_A,F_KD_from_CL_MLP_fair,0.0022471841968338957,0.0002771137614013819
pure_group_representative,1001,student,student_A,F_KD_from_CL_MLP_fair,0.0022471841968338957,0.00027711376140115984
inverse_test_group_size,1001,student,student_A,F_KD_from_CL_MLP_ext,0.002410156259274987,0.0006795613127903444
pure_group_representative,1001,student,student_A,F_KD_from_CL_MLP_ext,0.002410156259274987,0.0006795613127903444
inverse_test_group_size,1001,student,student_A,G_KD_random_pacing,0.002129498599553248,0.0007934505904618749
pure_group_representative,1001,student,student_A,G_KD_random_pacing,0.002129498599553248,0.0007934505904616529
inverse_test_group_size,1001,student,student_A,I_KD_from_SMOTE_MLP,0.0025341604407219664,0.00200077520790809
pure_group_representative,1001,student,student_A,I_KD_from_SMOTE_MLP,0.0025341604407219664,0.0020007752079078678
inverse_test_group_size,1001,student,student_A,J_CoDistill_RF_CL,0.0018947824761401666,-0.0016708685339230644
pure_group_representative,1001,student,student_A,J_CoDistill_RF_CL,0.0018947824761401666,-0.0016708685339232865
inverse_test_group_size,1001,student,student_B,D_Small_MLP,0.0012247627225582258,-0.0022127165320434683
pure_group_representative,1001,student,student_B,D_Small_MLP,0.0012247627225582258,-0.0022127165320438014
inverse_test_group_size,1001,student,student_B,E_KD_from_RF,0.001822467932786953,0.0017234243096864166
pure_group_representative,1001,student,student_B,E_KD_from_RF,0.001822467932786953,0.0017234243096861945
inverse_test_group_size,1001,student,student_B,E2_KD_from_MLP,0.0016642505459156798,-0.0007844845995471639
pure_group_representative,1001,student,student_B,E2_KD_from_MLP,0.0016642505459156798,-0.0007844845995473859
inverse_test_group_size,1001,student,student_B,F_KD_from_CL_MLP_fair,0.001187474813817646,-0.0030800618233584043
pure_group_representative,1001,student,student_B,F_KD_from_CL_MLP_fair,0.001187474813817646,-0.0030800618233586263
inverse_test_group_size,1001,student,student_B,F_KD_from_CL_MLP_ext,0.0010635129267539956,-0.0034364772338651983
pure_group_representative,1001,student,student_B,F_KD_from_CL_MLP_ext,0.0010635129267539956,-0.0034364772338655314
inverse_test_group_size,1001,student,student_B,G_KD_random_pacing,0.0017116291076705314,0.0002141106570426876
pure_group_representative,1001,student,student_B,G_KD_random_pacing,0.0017116291076705314,0.0002141106570426876
inverse_test_group_size,1001,student,student_B,I_KD_from_SMOTE_MLP,0.0013682085501188768,-0.0030064411309143058
pure_group_representative,1001,student,student_B,I_KD_from_SMOTE_MLP,0.0013682085501188768,-0.003006441130914639
inverse_test_group_size,1001,student,student_B,J_CoDistill_RF_CL,0.0019379768447063128,-0.0005080048317764874
pure_group_representative,1001,student,student_B,J_CoDistill_RF_CL,0.0019379768447063128,-0.0005080048317767094
inverse_test_group_size,2024,teacher,,A_RF_500_uncalibrated,3.921082780133922e-05,-0.0010617661940761636
pure_group_representative,2024,teacher,,A_RF_500_uncalibrated,3.921082780133922e-05,-0.0010617661940761636
inverse_test_group_size,2024,teacher,,A_calibrated_RF_KD_teacher,2.214651947252122e-05,-0.0011055455045733131
pure_group_representative,2024,teacher,,A_calibrated_RF_KD_teacher,2.214651947252122e-05,-0.0011055455045733131
inverse_test_group_size,2024,teacher,,B_Full_MLP,0.001755108717427456,-0.0015010110443549607
pure_group_representative,2024,teacher,,B_Full_MLP,0.001755108717427456,-0.0015010110443551827
inverse_test_group_size,2024,teacher,,C_CL_MLP_loss_fair,0.002044134763526384,-0.0005460895822405609
pure_group_representative,2024,teacher,,C_CL_MLP_loss_fair,0.002044134763526384,-0.0005460895822405609
inverse_test_group_size,2024,teacher,,C_CL_MLP_loss_ext,0.0017077301556724933,-0.0016209146435247623
pure_group_representative,2024,teacher,,C_CL_MLP_loss_ext,0.0017077301556724933,-0.0016209146435248734
inverse_test_group_size,2024,teacher,,C2_CL_MLP_domain,0.002118995822198211,-0.0007008702660176169
pure_group_representative,2024,teacher,,C2_CL_MLP_domain,0.002118995822198211,-0.0007008702660176169
inverse_test_group_size,2024,teacher,,G_random_pacing_teacher,0.001852613008679338,-0.0006457548988899608
pure_group_representative,2024,teacher,,G_random_pacing_teacher,0.001852613008679338,-0.0006457548988900719
inverse_test_group_size,2024,teacher,,I_SMOTE_MLP_teacher,0.0018641406871399147,0.00037630770008367787
pure_group_representative,2024,teacher,,I_SMOTE_MLP_teacher,0.0018641406871399147,0.00037630770008367787
inverse_test_group_size,2024,student,student_A,D_Small_MLP,0.0017637623449953121,-0.0015540644718505803
pure_group_representative,2024,student,student_A,D_Small_MLP,0.0017637623449953121,-0.0015540644718506913
inverse_test_group_size,2024,student,student_A,E_KD_from_RF,0.0025550814066653826,0.000939707244994259
pure_group_representative,2024,student,student_A,E_KD_from_RF,0.0025550814066653826,0.0009397072449940369
inverse_test_group_size,2024,student,student_A,E2_KD_from_MLP,0.0023377148327714536,0.0003238806990176757
pure_group_representative,2024,student,student_A,E2_KD_from_MLP,0.0023377148327714536,0.00032388069901756467
inverse_test_group_size,2024,student,student_A,F_KD_from_CL_MLP_fair,0.0021764650369673344,-0.0003415134512131379
pure_group_representative,2024,student,student_A,F_KD_from_CL_MLP_fair,0.0021764650369673344,-0.0003415134512131379
inverse_test_group_size,2024,student,student_A,F_KD_from_CL_MLP_ext,0.002487109414541111,0.0009006306140028064
pure_group_representative,2024,student,student_A,F_KD_from_CL_MLP_ext,0.002487109414541111,0.0009006306140028064
inverse_test_group_size,2024,student,student_A,G_KD_random_pacing,0.002085237035498233,0.00022848278309550718
pure_group_representative,2024,student,student_A,G_KD_random_pacing,0.002085237035498233,0.00022848278309528514
inverse_test_group_size,2024,student,student_A,I_KD_from_SMOTE_MLP,0.0019849432821203994,0.00012078027445738826
pure_group_representative,2024,student,student_A,I_KD_from_SMOTE_MLP,0.0019849432821203994,0.00012078027445727724
inverse_test_group_size,2024,student,student_A,J_CoDistill_RF_CL,0.0023395216881751946,0.001022159090005248
pure_group_representative,2024,student,student_A,J_CoDistill_RF_CL,0.0023395216881751946,0.001022159090005248
inverse_test_group_size,2024,student,student_B,D_Small_MLP,0.0015598571881161316,0.0019143396052282435
pure_group_representative,2024,student,student_B,D_Small_MLP,0.0015598571881161316,0.0019143396052282435
inverse_test_group_size,2024,student,student_B,E_KD_from_RF,0.0012847361582625227,-0.0017850384486506332
pure_group_representative,2024,student,student_B,E_KD_from_RF,0.0012847361582625227,-0.0017850384486507442
inverse_test_group_size,2024,student,student_B,E2_KD_from_MLP,0.0022249107942110546,0.0009607532332081004
pure_group_representative,2024,student,student_B,E2_KD_from_MLP,0.0022249107942110546,0.0009607532332079893
inverse_test_group_size,2024,student,student_B,F_KD_from_CL_MLP_fair,0.001821971219679308,-0.000904137867774768
pure_group_representative,2024,student,student_B,F_KD_from_CL_MLP_fair,0.001821971219679308,-0.000904137867774768
inverse_test_group_size,2024,student,student_B,F_KD_from_CL_MLP_ext,0.002187622885470475,0.0004483702350344121
pure_group_representative,2024,student,student_B,F_KD_from_CL_MLP_ext,0.002187622885470475,0.0004483702350344121
inverse_test_group_size,2024,student,student_B,G_KD_random_pacing,0.0018710720480710208,-0.00015873626890572368
pure_group_representative,2024,student,student_B,G_KD_random_pacing,0.0018710720480710208,-0.00015873626890594572
inverse_test_group_size,2024,student,student_B,I_KD_from_SMOTE_MLP,0.0017342300458674798,-0.00045484056883371426
pure_group_representative,2024,student,student_B,I_KD_from_SMOTE_MLP,0.0017342300458674798,-0.0004548405688339363
inverse_test_group_size,2024,student,student_B,J_CoDistill_RF_CL,0.0016586716216641095,-0.0023800129239273105
pure_group_representative,2024,student,student_B,J_CoDistill_RF_CL,0.0016586716216641095,-0.0023800129239274215
inverse_test_group_size,3141,teacher,,A_RF_500_uncalibrated,3.921082780133922e-05,-0.0009540074936481568
pure_group_representative,3141,teacher,,A_RF_500_uncalibrated,3.921082780133922e-05,-0.0009540074936481568
inverse_test_group_size,3141,teacher,,A_calibrated_RF_KD_teacher,1.8659691815359203e-05,-0.0011456909471515564
pure_group_representative,3141,teacher,,A_calibrated_RF_KD_teacher,1.8659691815359203e-05,-0.0011456909471514454
inverse_test_group_size,3141,teacher,,B_Full_MLP,0.0018411699189857522,0.0004855137919522745
pure_group_representative,3141,teacher,,B_Full_MLP,0.0018411699189857522,0.00048551379195205246
inverse_test_group_size,3141,teacher,,C_CL_MLP_loss_fair,0.001891993014014437,-6.367276703345137e-05
pure_group_representative,3141,teacher,,C_CL_MLP_loss_fair,0.001891993014014437,-6.367276703367342e-05
inverse_test_group_size,3141,teacher,,C_CL_MLP_loss_ext,0.0017471101610074813,-0.0011780515848431872
pure_group_representative,3141,teacher,,C_CL_MLP_loss_ext,0.0017471101610074813,-0.0011780515848434092
inverse_test_group_size,3141,teacher,,C2_CL_MLP_domain,0.002210266118050752,0.00042720134286811096
pure_group_representative,3141,teacher,,C2_CL_MLP_domain,0.002210266118050752,0.0004272013428678889
inverse_test_group_size,3141,teacher,,G_random_pacing_teacher,0.0015896747284345203,-0.0020395959477211845
pure_group_representative,3141,teacher,,G_random_pacing_teacher,0.0015896747284345203,-0.0020395959477212955
inverse_test_group_size,3141,teacher,,I_SMOTE_MLP_teacher,8.57228464909987e-05,-0.002014142888622117
pure_group_representative,3141,teacher,,I_SMOTE_MLP_teacher,8.57228464909987e-05,-0.00201414288862245
inverse_test_group_size,3141,student,student_A,D_Small_MLP,0.0023941168520517087,0.0015387020294315157
pure_group_representative,3141,student,student_A,D_Small_MLP,0.0023941168520517087,0.0015387020294315157
inverse_test_group_size,3141,student,student_A,E_KD_from_RF,0.0019355149181545794,-0.0018935049107131618
pure_group_representative,3141,student,student_A,E_KD_from_RF,0.0019355149181545794,-0.0018935049107131618
inverse_test_group_size,3141,student,student_A,E2_KD_from_MLP,0.002562340303170374,0.002077536356673071
pure_group_representative,3141,student,student_A,E2_KD_from_MLP,0.002562340303170374,0.00207753635667296
inverse_test_group_size,3141,student,student_A,F_KD_from_CL_MLP_fair,0.0017091248867353581,-0.001465813509964109
pure_group_representative,3141,student,student_A,F_KD_from_CL_MLP_fair,0.0017091248867353581,-0.00146581350996422
inverse_test_group_size,3141,student,student_A,F_KD_from_CL_MLP_ext,0.0026041399406736554,0.0023142796489711293
pure_group_representative,3141,student,student_A,F_KD_from_CL_MLP_ext,0.0026041399406736554,0.002314279648970796
inverse_test_group_size,3141,student,student_A,G_KD_random_pacing,0.0022635511396311703,0.0012435174575717856
pure_group_representative,3141,student,student_A,G_KD_random_pacing,0.0022635511396311703,0.0012435174575715635
inverse_test_group_size,3141,student,student_A,I_KD_from_SMOTE_MLP,0.002681790461471323,0.0025195670639697187
pure_group_representative,3141,student,student_A,I_KD_from_SMOTE_MLP,0.002681790461471323,0.0025195670639697187
inverse_test_group_size,3141,student,student_A,J_CoDistill_RF_CL,0.0024230786687984285,0.0006081779022730771
pure_group_representative,3141,student,student_A,J_CoDistill_RF_CL,0.0024230786687984285,0.0006081779022728551
inverse_test_group_size,3141,student,student_B,D_Small_MLP,0.0015981277035787,0.0007217016542716559
pure_group_representative,3141,student,student_B,D_Small_MLP,0.0015981277035787,0.0007217016542714338
inverse_test_group_size,3141,student,student_B,E_KD_from_RF,0.0007857293179249769,-0.0025697112682376844
pure_group_representative,3141,student,student_B,E_KD_from_RF,0.0007857293179249769,-0.0025697112682377954
inverse_test_group_size,3141,student,student_B,E2_KD_from_MLP,0.0014169395485531533,-0.002816313393995462
pure_group_representative,3141,student,student_B,E2_KD_from_MLP,0.0014169395485531533,-0.002816313393995684
inverse_test_group_size,3141,student,student_B,F_KD_from_CL_MLP_fair,0.001921240071951713,-3.321975050363246e-05
pure_group_representative,3141,student,student_B,F_KD_from_CL_MLP_fair,0.001921240071951713,-3.321975050363246e-05
inverse_test_group_size,3141,student,student_B,F_KD_from_CL_MLP_ext,0.0017812387776648952,-0.0006920586629350911
pure_group_representative,3141,student,student_B,F_KD_from_CL_MLP_ext,0.0017812387776648952,-0.0006920586629354242
inverse_test_group_size,3141,student,student_B,G_KD_random_pacing,0.0020504533476928266,0.000944963680547195
pure_group_representative,3141,student,student_B,G_KD_random_pacing,0.0020504533476928266,0.000944963680546973
inverse_test_group_size,3141,student,student_B,I_KD_from_SMOTE_MLP,0.002150049735539228,0.00109753134908952
pure_group_representative,3141,student,student_B,I_KD_from_SMOTE_MLP,0.002150049735539228,0.001097531349089298
inverse_test_group_size,3141,student,student_B,J_CoDistill_RF_CL,0.0011917858901565603,-1.718550009999209e-05
pure_group_representative,3141,student,student_B,J_CoDistill_RF_CL,0.0011917858901565603,-1.7185500100103113e-05
inverse_test_group_size,5678,teacher,,A_RF_500_uncalibrated,2.214651947252122e-05,-0.0009633315629539174
pure_group_representative,5678,teacher,,A_RF_500_uncalibrated,2.214651947252122e-05,-0.0009633315629539174
inverse_test_group_size,5678,teacher,,A_calibrated_RF_KD_teacher,5.69725016614786e-05,-0.0009388506111281947
pure_group_representative,5678,teacher,,A_calibrated_RF_KD_teacher,5.69725016614786e-05,-0.0009388506111281947
inverse_test_group_size,5678,teacher,,B_Full_MLP,0.0016450518466093467,-0.001862056169791293
pure_group_representative,5678,teacher,,B_Full_MLP,0.0016450518466093467,-0.001862056169791626
inverse_test_group_size,5678,teacher,,C_CL_MLP_loss_fair,0.001922592508631138,-0.001358606051353739
pure_group_representative,5678,teacher,,C_CL_MLP_loss_fair,0.001922592508631138,-0.001358606051353739
inverse_test_group_size,5678,teacher,,C_CL_MLP_loss_ext,0.0017456731355610655,-0.0023322448993161604
pure_group_representative,5678,teacher,,C_CL_MLP_loss_ext,0.0017456731355610655,-0.0023322448993161604
inverse_test_group_size,5678,teacher,,C2_CL_MLP_domain,0.0022297500585477525,-1.9342239340414125e-05
pure_group_representative,5678,teacher,,C2_CL_MLP_domain,0.0022297500585477525,-1.9342239340525147e-05
inverse_test_group_size,5678,teacher,,G_random_pacing_teacher,0.0018424800612817371,-0.001397398949894102
pure_group_representative,5678,teacher,,G_random_pacing_teacher,0.0018424800612817371,-0.001397398949894324
inverse_test_group_size,5678,teacher,,I_SMOTE_MLP_teacher,0.000289797180903828,-0.002724302838682746
pure_group_representative,5678,teacher,,I_SMOTE_MLP_teacher,0.000289797180903828,-0.002724302838682746
inverse_test_group_size,5678,student,student_A,D_Small_MLP,0.0014657128413709808,-0.0017212113267073281
pure_group_representative,5678,student,student_A,D_Small_MLP,0.0014657128413709808,-0.0017212113267076612
inverse_test_group_size,5678,student,student_A,E_KD_from_RF,0.0024227511332244323,0.0007039334484810755
pure_group_representative,5678,student,student_A,E_KD_from_RF,0.0024227511332244323,0.0007039334484810755
inverse_test_group_size,5678,student,student_A,E2_KD_from_MLP,0.0022659707717994637,0.0003220704465857205
pure_group_representative,5678,student,student_A,E2_KD_from_MLP,0.0022659707717994637,0.00032207044658549844
inverse_test_group_size,5678,student,student_A,F_KD_from_CL_MLP_fair,0.002220356771064913,-7.08035400087681e-07
pure_group_representative,5678,student,student_A,F_KD_from_CL_MLP_fair,0.002220356771064913,-7.080354003097256e-07
inverse_test_group_size,5678,student,student_A,F_KD_from_CL_MLP_ext,0.002016979802183405,-0.0007658168113708896
pure_group_representative,5678,student,student_A,F_KD_from_CL_MLP_ext,0.002016979802183405,-0.0007658168113711117
inverse_test_group_size,5678,student,student_A,G_KD_random_pacing,0.002182741326750337,6.0791698114570636e-05
pure_group_representative,5678,student,student_A,G_KD_random_pacing,0.002182741326750337,6.079169811434859e-05
inverse_test_group_size,5678,student,student_A,I_KD_from_SMOTE_MLP,0.0024129457214007166,0.0009549055604625156
pure_group_representative,5678,student,student_A,I_KD_from_SMOTE_MLP,0.0024129457214007166,0.0009549055604622936
inverse_test_group_size,5678,student,student_A,J_CoDistill_RF_CL,0.0016747533232708278,-0.0003364098085485434
pure_group_representative,5678,student,student_A,J_CoDistill_RF_CL,0.0016747533232708278,-0.0003364098085485434
inverse_test_group_size,5678,student,student_B,D_Small_MLP,0.0013870374194678847,-0.001850032495301801
pure_group_representative,5678,student,student_B,D_Small_MLP,0.0013870374194678847,-0.001850032495302023
inverse_test_group_size,5678,student,student_B,E_KD_from_RF,0.0018906405773350121,-0.001122581369221165
pure_group_representative,5678,student,student_B,E_KD_from_RF,0.0018906405773350121,-0.001122581369221387
inverse_test_group_size,5678,student,student_B,E2_KD_from_MLP,0.0018798102644058678,-0.00018503451193141451
pure_group_representative,5678,student,student_B,E2_KD_from_MLP,0.0018798102644058678,-0.00018503451193163656
inverse_test_group_size,5678,student,student_B,F_KD_from_CL_MLP_fair,0.0021078802680785103,-0.0003598016563518547
pure_group_representative,5678,student,student_B,F_KD_from_CL_MLP_fair,0.0021078802680785103,-0.0003598016563520767
inverse_test_group_size,5678,student,student_B,F_KD_from_CL_MLP_ext,0.0015409437300002438,-0.002098731200199544
pure_group_representative,5678,student,student_B,F_KD_from_CL_MLP_ext,0.0015409437300002438,-0.002098731200199544
inverse_test_group_size,5678,student,student_B,G_KD_random_pacing,0.0021002092472325318,-0.0007226156290093266
pure_group_representative,5678,student,student_B,G_KD_random_pacing,0.0021002092472325318,-0.0007226156290093266
inverse_test_group_size,5678,student,student_B,I_KD_from_SMOTE_MLP,0.0024080641626805788,0.0008347010608655836
pure_group_representative,5678,student,student_B,I_KD_from_SMOTE_MLP,0.0024080641626805788,0.0008347010608655836
inverse_test_group_size,5678,student,student_B,J_CoDistill_RF_CL,0.001589389487243964,-0.0023709080227998225
pure_group_representative,5678,student,student_B,J_CoDistill_RF_CL,0.001589389487243964,-0.0023709080228001556
inverse_test_group_size,8192,teacher,,A_RF_500_uncalibrated,2.2843885003953623e-05,-0.0009576667006538919
pure_group_representative,8192,teacher,,A_RF_500_uncalibrated,2.2843885003953623e-05,-0.0009576667006538919
inverse_test_group_size,8192,teacher,,A_calibrated_RF_KD_teacher,3.8513462269795795e-05,-0.0010392765419324768
pure_group_representative,8192,teacher,,A_calibrated_RF_KD_teacher,3.8513462269795795e-05,-0.0010392765419324768
inverse_test_group_size,8192,teacher,,B_Full_MLP,0.0017349274113988011,-0.0011544096310517338
pure_group_representative,8192,teacher,,B_Full_MLP,0.0017349274113988011,-0.0011544096310519558
inverse_test_group_size,8192,teacher,,C_CL_MLP_loss_fair,0.002076868649120933,-0.0007828449174631658
pure_group_representative,8192,teacher,,C_CL_MLP_loss_fair,0.002076868649120933,-0.0007828449174634988
inverse_test_group_size,8192,teacher,,C_CL_MLP_loss_ext,0.0019543014931201474,-0.0008685656652812623
pure_group_representative,8192,teacher,,C_CL_MLP_loss_ext,0.0019543014931201474,-0.0008685656652813734
inverse_test_group_size,8192,teacher,,C2_CL_MLP_domain,0.0021719533082046327,-0.00025610580964297025
pure_group_representative,8192,teacher,,C2_CL_MLP_domain,0.0021719533082046327,-0.00025610580964308127
inverse_test_group_size,8192,teacher,,G_random_pacing_teacher,0.001871441878028457,-0.00046386820572119625
pure_group_representative,8192,teacher,,G_random_pacing_teacher,0.001871441878028457,-0.0004638682057214183
inverse_test_group_size,8192,teacher,,I_SMOTE_MLP_teacher,0.0005269752308687536,-0.0010262419873745543
pure_group_representative,8192,teacher,,I_SMOTE_MLP_teacher,0.0005269752308687536,-0.0010262419873749984
inverse_test_group_size,8192,student,student_A,D_Small_MLP,0.0020631219909156284,-0.0005152902198348741
pure_group_representative,8192,student,student_A,D_Small_MLP,0.0020631219909156284,-0.0005152902198350962
inverse_test_group_size,8192,student,student_A,E_KD_from_RF,0.0023823462267840156,7.053393403089192e-05
pure_group_representative,8192,student,student_A,E_KD_from_RF,0.0023823462267840156,7.053393403066988e-05
inverse_test_group_size,8192,student,student_A,E2_KD_from_MLP,0.002239513175987917,0.00029124430070159857
pure_group_representative,8192,student,student_A,E2_KD_from_MLP,0.002239513175987917,0.0002912443007013765
inverse_test_group_size,8192,student,student_A,F_KD_from_CL_MLP_fair,0.002090118594218371,-0.0004973793516107605
pure_group_representative,8192,student,student_A,F_KD_from_CL_MLP_fair,0.002090118594218371,-0.0004973793516108715
inverse_test_group_size,8192,student,student_A,F_KD_from_CL_MLP_ext,0.0017540415219384764,-0.001985884311841879
pure_group_representative,8192,student,student_A,F_KD_from_CL_MLP_ext,0.0017540415219384764,-0.001985884311842101
inverse_test_group_size,8192,student,student_A,G_KD_random_pacing,0.0023290189108201576,0.0005540878386591785
pure_group_representative,8192,student,student_A,G_KD_random_pacing,0.0023290189108201576,0.0005540878386591785
inverse_test_group_size,8192,student,student_A,I_KD_from_SMOTE_MLP,0.0029106001250587266,0.003700469203845147
pure_group_representative,8192,student,student_A,I_KD_from_SMOTE_MLP,0.0029106001250587266,0.003700469203844814
inverse_test_group_size,8192,student,student_A,J_CoDistill_RF_CL,0.002232254279482926,-0.00010062808881916574
pure_group_representative,8192,student,student_A,J_CoDistill_RF_CL,0.002232254279482926,-0.00010062808881916574
inverse_test_group_size,8192,student,student_B,D_Small_MLP,0.000783922462521236,-0.002532913578624507
pure_group_representative,8192,student,student_B,D_Small_MLP,0.000783922462521236,-0.0025329135786248402
inverse_test_group_size,8192,student,student_B,E_KD_from_RF,0.0018537647929351975,1.231822128333615e-05
pure_group_representative,8192,student,student_B,E_KD_from_RF,0.0018537647929351975,1.2318221283225128e-05
inverse_test_group_size,8192,student,student_B,E2_KD_from_MLP,0.0018376407969450392,-0.0014139442763887455
pure_group_representative,8192,student,student_B,E2_KD_from_MLP,0.0018376407969450392,-0.0014139442763889676
inverse_test_group_size,8192,student,student_B,F_KD_from_CL_MLP_fair,0.002175809965819231,0.0005767253022337382
pure_group_representative,8192,student,student_B,F_KD_from_CL_MLP_fair,0.002175809965819231,0.0005767253022336272
inverse_test_group_size,8192,student,student_B,F_KD_from_CL_MLP_ext,0.00206784519159553,-8.032803784918663e-05
pure_group_representative,8192,student,student_B,F_KD_from_CL_MLP_ext,0.00206784519159553,-8.03280378495197e-05
inverse_test_group_size,8192,student,student_B,G_KD_random_pacing,0.001977314555657972,-0.0002571186044595386
pure_group_representative,8192,student,student_B,G_KD_random_pacing,0.001977314555657972,-0.0002571186044596496
inverse_test_group_size,8192,student,student_B,I_KD_from_SMOTE_MLP,0.0022559224131686317,0.0010764916276395642
pure_group_representative,8192,student,student_B,I_KD_from_SMOTE_MLP,0.0022559224131686317,0.0010764916276395642
inverse_test_group_size,8192,student,student_B,J_CoDistill_RF_CL,0.0014741235221317206,-0.002431997176796985
pure_group_representative,8192,student,student_B,J_CoDistill_RF_CL,0.0014741235221317206,-0.002431997176797318
inverse_test_group_size,9999,teacher,,A_RF_500_uncalibrated,3.921082780133922e-05,-0.000956158855134781
pure_group_representative,9999,teacher,,A_RF_500_uncalibrated,3.921082780133922e-05,-0.000956158855134781
inverse_test_group_size,9999,teacher,,A_calibrated_RF_KD_teacher,1.79623262839268e-05,-0.0011416511869823953
pure_group_representative,9999,teacher,,A_calibrated_RF_KD_teacher,1.79623262839268e-05,-0.0011416511869823953
inverse_test_group_size,9999,teacher,,B_Full_MLP,0.001869719611391596,-0.0001832044195358984
pure_group_representative,9999,teacher,,B_Full_MLP,0.001869719611391596,-0.0001832044195358984
inverse_test_group_size,9999,teacher,,C_CL_MLP_loss_fair,0.002064316069554928,-0.0009077852026254662
pure_group_representative,9999,teacher,,C_CL_MLP_loss_fair,0.002064316069554928,-0.0009077852026256883
inverse_test_group_size,9999,teacher,,C_CL_MLP_loss_ext,0.0017457154299446165,-0.0007988320646159508
pure_group_representative,9999,teacher,,C_CL_MLP_loss_ext,0.0017457154299446165,-0.0007988320646161728
inverse_test_group_size,9999,teacher,,C2_CL_MLP_domain,0.001953604127588715,-0.0012449132757708092
pure_group_representative,9999,teacher,,C2_CL_MLP_domain,0.001953604127588715,-0.0012449132757708092
inverse_test_group_size,9999,teacher,,G_random_pacing_teacher,0.0016677373735729528,-0.001088845153808804
pure_group_representative,9999,teacher,,G_random_pacing_teacher,0.0016677373735729528,-0.001088845153809026
inverse_test_group_size,9999,teacher,,I_SMOTE_MLP_teacher,0.00028557069333179363,-0.0014888217141999505
pure_group_representative,9999,teacher,,I_SMOTE_MLP_teacher,0.00028557069333179363,-0.0014888217142000615
inverse_test_group_size,9999,student,student_A,D_Small_MLP,0.002347150414637733,0.001573068854852644
pure_group_representative,9999,student,student_A,D_Small_MLP,0.002347150414637733,0.001573068854852644
inverse_test_group_size,9999,student,student_A,E_KD_from_RF,0.0027278165865466386,0.0017598044196219798
pure_group_representative,9999,student,student_A,E_KD_from_RF,0.0027278165865466386,0.0017598044196217577
inverse_test_group_size,9999,student,student_A,E2_KD_from_MLP,0.00208175020784096,-0.0009645800718868225
pure_group_representative,9999,student,student_A,E2_KD_from_MLP,0.00208175020784096,-0.0009645800718868225
inverse_test_group_size,9999,student,student_A,F_KD_from_CL_MLP_fair,0.0023648697941144325,0.0009370247813510479
pure_group_representative,9999,student,student_A,F_KD_from_CL_MLP_fair,0.0023648697941144325,0.0009370247813510479
inverse_test_group_size,9999,student,student_A,F_KD_from_CL_MLP_ext,0.002619112152408065,0.001582095826292762
pure_group_representative,9999,student,student_A,F_KD_from_CL_MLP_ext,0.002619112152408065,0.001582095826292651
inverse_test_group_size,9999,student,student_A,G_KD_random_pacing,0.0026828576569600804,0.0024778278287939104
pure_group_representative,9999,student,student_A,G_KD_random_pacing,0.0026828576569600804,0.0024778278287937994
inverse_test_group_size,9999,student,student_A,I_KD_from_SMOTE_MLP,0.00310417168211663,0.0033807456202309405
pure_group_representative,9999,student,student_A,I_KD_from_SMOTE_MLP,0.00310417168211663,0.0033807456202307185
inverse_test_group_size,9999,student,student_A,J_CoDistill_RF_CL,0.0027382347751349068,0.0017045130102314454
pure_group_representative,9999,student,student_A,J_CoDistill_RF_CL,0.0027382347751349068,0.0017045130102312234
inverse_test_group_size,9999,student,student_B,D_Small_MLP,0.0010203185581878493,-0.0037744482265750223
pure_group_representative,9999,student,student_B,D_Small_MLP,0.0010203185581878493,-0.0037744482265752444
inverse_test_group_size,9999,student,student_B,E_KD_from_RF,0.002252805415468906,0.00019824432141135606
pure_group_representative,9999,student,student_B,E_KD_from_RF,0.002252805415468906,0.00019824432141124504
inverse_test_group_size,9999,student,student_B,E2_KD_from_MLP,0.0016039918690208266,-0.0016751636856418006
pure_group_representative,9999,student,student_B,E2_KD_from_MLP,0.0016039918690208266,-0.0016751636856419116
inverse_test_group_size,9999,student,student_B,F_KD_from_CL_MLP_fair,0.0016189640807552363,-0.0011598564891949215
pure_group_representative,9999,student,student_B,F_KD_from_CL_MLP_fair,0.0016189640807552363,-0.0011598564891953655
inverse_test_group_size,9999,student,student_B,F_KD_from_CL_MLP_ext,0.0018933877450773018,-0.0002287073081261859
pure_group_representative,9999,student,student_B,F_KD_from_CL_MLP_ext,0.0018933877450773018,-0.00022870730812640794
inverse_test_group_size,9999,student,student_B,G_KD_random_pacing,0.0021340526226993894,0.0013582486728545007
pure_group_representative,9999,student,student_B,G_KD_random_pacing,0.0021340526226993894,0.0013582486728545007
inverse_test_group_size,9999,student,student_B,I_KD_from_SMOTE_MLP,0.002040647935869222,-7.430736642377589e-05
pure_group_representative,9999,student,student_B,I_KD_from_SMOTE_MLP,0.002040647935869222,-7.430736642399793e-05
inverse_test_group_size,9999,student,student_B,J_CoDistill_RF_CL,0.0024502759245247363,0.002188381950228968
pure_group_representative,9999,student,student_B,J_CoDistill_RF_CL,0.0024502759245247363,0.002188381950228968
