seed,student,route,weighting,class_index,class_name,support_rows,exact_group_count,kl_teacher_to_student_T4,js_T4,l1_T4,hard_agreement_T1,top2_overlap_T1,margin_abs_error_T1,teacher_correct_student_wrong_rate,teacher_wrong_student_correct_rate
42,student_A,rf_kd,exact_group_balanced,0,Blackhole,1590,1015,0.14571090518568647,0.040915470385360996,0.34773098205888364,0.8975369458128079,0.7541871921182266,0.24394383134876213,0.09458128078817735,0.007881773399014778
42,student_A,rf_kd,exact_group_balanced,1,Flooding,495,474,0.04744199278948417,0.011496582791824953,0.1913541803689559,0.9978902953586498,0.9947257383966245,0.07749231993023027,0.0,0.002109704641350211
42,student_A,rf_kd,exact_group_balanced,2,Grayhole,2149,1890,0.18662236792636386,0.055157159918123845,0.34581094202807483,0.8201058201058201,0.8267195767195767,0.2301809769578758,0.17037037037037037,0.009523809523809525
42,student_A,rf_kd,exact_group_balanced,3,Normal,51070,49807,0.006018386043428926,0.0014667263730837132,0.04156491325306838,0.9980725600819162,0.9774730459573956,0.0034846209433287024,0.0015861224325897966,0.00034131748549400687
42,student_A,rf_kd,exact_group_balanced,4,TDMA,997,988,0.01985025305096994,0.00477264622728181,0.08216476211362203,0.9979757085020243,0.9519230769230769,0.004418843633399398,0.0,0.0020242914979757085
42,student_A,rf_kd,row_weighted,0,Blackhole,1590,1015,0.21639914497602694,0.0619585018137921,0.47151758294216545,0.8974842767295598,0.6814465408805032,0.3419225070216443,0.09748427672955975,0.005031446540880503
42,student_A,rf_kd,row_weighted,1,Flooding,495,474,0.04664110722202017,0.011318197731509046,0.1894936682972288,0.997979797979798,0.9949494949494949,0.07477195794378065,0.0,0.00202020202020202
42,student_A,rf_kd,row_weighted,2,Grayhole,2149,1890,0.21360945872676082,0.06340624772812051,0.3849514792903099,0.8022335970218707,0.8043275942298743,0.2617223159249593,0.18939041414611446,0.00837598883201489
42,student_A,rf_kd,row_weighted,3,Normal,51070,49807,0.005971969383870152,0.0014550121440449438,0.04135834613063794,0.9980614842373213,0.9778441355002937,0.0034478574555767,0.0016056393185823379,0.00033287644409633833
42,student_A,rf_kd,row_weighted,4,TDMA,997,988,0.019962177038054595,0.004814811251911456,0.08224871699222694,0.9979939819458375,0.9493480441323972,0.004379780117308891,0.0,0.0020060180541624875
42,student_A,scratch,exact_group_balanced,0,Blackhole,1590,1015,0.23444405887982253,0.05635834965135487,0.41917957156401436,0.9310344827586207,0.6113300492610837,0.22089821519171185,0.059113300492610835,0.009852216748768473
42,student_A,scratch,exact_group_balanced,1,Flooding,495,474,0.14785574961573517,0.0261761923979986,0.2825139106301835,0.9957805907172996,0.989451476793249,0.08750229984429408,0.002109704641350211,0.002109704641350211
42,student_A,scratch,exact_group_balanced,2,Grayhole,2149,1890,0.26577529261158256,0.07767934078501883,0.530329437167484,0.8592592592592593,0.8002645502645502,0.21349259682932115,0.12751322751322752,0.012698412698412698
42,student_A,scratch,exact_group_balanced,3,Normal,51070,49807,0.17114087269690167,0.037901535700117936,0.36817866880047234,0.9894392354488325,0.9034573453530628,0.11448520678014942,0.010299757062260325,0.0002610074889071817
42,student_A,scratch,exact_group_balanced,4,TDMA,997,988,1.6065545181607588,0.0457144838372898,0.2794345158145064,0.9989878542510121,0.8183198380566802,0.01466468638776181,0.0,0.0010121457489878543
42,student_A,scratch,row_weighted,0,Blackhole,1590,1015,0.2757468014120738,0.07268512676200294,0.5203128888343379,0.9471698113207547,0.589622641509434,0.3083155354820311,0.04654088050314465,0.006289308176100629
42,student_A,scratch,row_weighted,1,Flooding,495,474,0.14489885046770415,0.025650876484686124,0.27737024467850624,0.9959595959595959,0.98989898989899,0.08439412403368184,0.00202020202020202,0.00202020202020202
42,student_A,scratch,row_weighted,2,Grayhole,2149,1890,0.28701895289353063,0.08434673004565851,0.5578861239890952,0.8385295486272685,0.7810609585853886,0.24324469510513014,0.14751046998604,0.013494648673801768
42,student_A,scratch,row_weighted,3,Normal,51070,49807,0.1702623814509829,0.037827782591281396,0.3674774677397572,0.989543763461915,0.9012042294889367,0.11418612973209659,0.01020168396318778,0.0002545525748971999
42,student_A,scratch,row_weighted,4,TDMA,997,988,1.5975518684843306,0.04570847326510714,0.27937842079932257,0.9989969909729187,0.8164493480441324,0.014549792169312552,0.0,0.0010030090270812437
42,student_B,rf_kd,exact_group_balanced,0,Blackhole,1590,1015,0.13264046929541023,0.03713881734433611,0.3202541206537023,0.8945812807881773,0.7738916256157635,0.19176645619264465,0.09458128078817735,0.01083743842364532
42,student_B,rf_kd,exact_group_balanced,1,Flooding,495,474,0.040094947902744926,0.009793539305179899,0.17815695629192702,0.9978902953586498,0.9926160337552743,0.07764725909839998,0.0,0.002109704641350211
42,student_B,rf_kd,exact_group_balanced,2,Grayhole,2149,1890,0.17291622870988654,0.05116478411006435,0.3179429448804549,0.8444444444444444,0.8365079365079365,0.16747280222058988,0.14444444444444443,0.011111111111111112
42,student_B,rf_kd,exact_group_balanced,3,Normal,51070,49807,0.004723953797664996,0.0011397793868482289,0.037960117185280515,0.9980725600819162,0.9848615656433835,0.003551856454463996,0.0016061999317365028,0.00030116248720059427
42,student_B,rf_kd,exact_group_balanced,4,TDMA,997,988,0.009065896270130944,0.002156699276164134,0.05000237492764741,0.9979757085020243,0.9731781376518218,0.004388428058412628,0.0,0.0020242914979757085
42,student_B,rf_kd,row_weighted,0,Blackhole,1590,1015,0.194596940835972,0.05568103686204951,0.434932424941623,0.8867924528301887,0.6946540880503145,0.2540353378862532,0.10628930817610063,0.006918238993710692
42,student_B,rf_kd,row_weighted,1,Flooding,495,474,0.039239206713435074,0.009583591585178056,0.17554501061537536,0.997979797979798,0.9929292929292929,0.0749340731319715,0.0,0.00202020202020202
42,student_B,rf_kd,row_weighted,2,Grayhole,2149,1890,0.1988268594441136,0.05906656288286368,0.35650009807708205,0.8334108887854816,0.8129362494183341,0.19410015195976768,0.15495579339227547,0.011633317822242903
42,student_B,rf_kd,row_weighted,3,Normal,51070,49807,0.004682896543550196,0.0011300986251145983,0.0377792502427881,0.9980614842373213,0.985089093401214,0.003531551775996576,0.0016252202858821226,0.00029371450949676914
42,student_B,rf_kd,row_weighted,4,TDMA,997,988,0.00903577406195589,0.0021503086103710376,0.049995079261910845,0.9979939819458375,0.9729187562688064,0.004349790750866584,0.0,0.0020060180541624875
42,student_B,scratch,exact_group_balanced,0,Blackhole,1590,1015,0.2857824740928204,0.05444303376435797,0.4106730484358759,0.9369458128078818,0.6118226600985222,0.20434596082089182,0.05024630541871921,0.012807881773399015
42,student_B,scratch,exact_group_balanced,1,Flooding,495,474,0.5337051153464144,0.03759784122977561,0.3089197688840872,0.9978902953586498,0.9915611814345991,0.0847658714668396,0.0,0.002109704641350211
42,student_B,scratch,exact_group_balanced,2,Grayhole,2149,1890,0.24303725670237905,0.06172565433224804,0.40159500593996633,0.8740740740740741,0.8092592592592592,0.19736312117853178,0.1126984126984127,0.013227513227513227
42,student_B,scratch,exact_group_balanced,3,Normal,51070,49807,0.19202045751939864,0.040018099081143205,0.37336426583198334,0.9968879876322605,0.9023430441504207,0.11680030546598454,0.00281084988053888,0.00030116248720059427
42,student_B,scratch,exact_group_balanced,4,TDMA,997,988,1.3156139139178513,0.04588079736120308,0.2780419851765844,0.9979757085020243,0.770748987854251,0.014854823912073052,0.0,0.0020242914979757085
42,student_B,scratch,row_weighted,0,Blackhole,1590,1015,0.29900188647888293,0.06886215308332617,0.5028906154243217,0.9352201257861635,0.589937106918239,0.28161940549663383,0.055345911949685536,0.009433962264150943
42,student_B,scratch,row_weighted,1,Flooding,495,474,0.5235377991664131,0.036971843672844215,0.3029637031556798,0.997979797979798,0.9919191919191919,0.08176819998568167,0.0,0.00202020202020202
42,student_B,scratch,row_weighted,2,Grayhole,2149,1890,0.2609495628575306,0.0684068718627052,0.43220755204479017,0.8515588645881805,0.7887389483480689,0.22312895246815573,0.13448115402512797,0.013959981386691484
42,student_B,scratch,row_weighted,3,Normal,51070,49807,0.19180384395912967,0.04009022518388854,0.3733274405110443,0.9968278832974349,0.8996181711376542,0.1166372614879149,0.0028784021930683377,0.00029371450949676914
42,student_B,scratch,row_weighted,4,TDMA,997,988,1.308112865332927,0.04579643371898019,0.2777889498629529,0.9979939819458375,0.7688064192577733,0.014724663021406462,0.0,0.0020060180541624875
123,student_A,rf_kd,exact_group_balanced,0,Blackhole,1590,1015,0.16904626970756675,0.04699043534072981,0.3801491417266821,0.8817733990147784,0.9,0.2835000072665136,0.1123152709359606,0.005911330049261084
123,student_A,rf_kd,exact_group_balanced,1,Flooding,495,474,0.04270015797588136,0.010652930770575532,0.1833198558630569,1.0,0.9810126582278481,0.0776678874254265,0.0,0.0
123,student_A,rf_kd,exact_group_balanced,2,Grayhole,2149,1890,0.2056084940067178,0.060379549991404116,0.35905820484880674,0.8275132275132275,0.7904761904761904,0.24294834587908784,0.16137566137566137,0.011111111111111112
123,student_A,rf_kd,exact_group_balanced,3,Normal,51070,49807,0.006089013287827173,0.0014913023446706196,0.04300180425822952,0.9979320175878893,0.9786174634087578,0.0033963398646032527,0.0017266649266167405,0.00032123998634730057
123,student_A,rf_kd,exact_group_balanced,4,TDMA,997,988,0.027348615037654705,0.0070609737432801275,0.09874132181974547,0.9989878542510121,0.8572874493927125,0.00590905470921461,0.0,0.0010121457489878543
123,student_A,rf_kd,row_weighted,0,Blackhole,1590,1015,0.253473760256944,0.07223952358661284,0.521233555743631,0.8742138364779874,0.9323899371069182,0.40909955020561367,0.1220125786163522,0.0037735849056603774
123,student_A,rf_kd,row_weighted,1,Flooding,495,474,0.04198738411016943,0.010483153447264644,0.18185674545862482,1.0,0.9818181818181818,0.07530095102855447,0.0,0.0
123,student_A,rf_kd,row_weighted,2,Grayhole,2149,1890,0.2352344061735295,0.06947660947625084,0.40248088991881315,0.8064215914378781,0.80316426244765,0.28241647990950386,0.1814797580269893,0.01209865053513262
123,student_A,rf_kd,row_weighted,3,Normal,51070,49807,0.006024905811023362,0.0014753442583094669,0.042761990635363435,0.9979244174662228,0.97908752692383,0.0033746538625055067,0.0017427060896808302,0.00031329547679655374
123,student_A,rf_kd,row_weighted,4,TDMA,997,988,0.02741583646775251,0.007091313058033827,0.0988364409134288,0.9989969909729187,0.8555667001003009,0.005857011472671698,0.0,0.0010030090270812437
123,student_A,scratch,exact_group_balanced,0,Blackhole,1590,1015,0.304370525244176,0.06674167811400915,0.4722322433989164,0.9379310344827586,0.765024630541872,0.22831177303730116,0.05123152709359606,0.01083743842364532
123,student_A,scratch,exact_group_balanced,1,Flooding,495,474,0.35542630545773307,0.030849400071194556,0.29850246327498564,1.0,0.9789029535864979,0.08636723806741224,0.0,0.0
123,student_A,scratch,exact_group_balanced,2,Grayhole,2149,1890,0.29930393328842403,0.08513790855275875,0.5498724669155095,0.8248677248677249,0.7801587301587302,0.19840474405389183,0.16296296296296298,0.01216931216931217
123,student_A,scratch,exact_group_balanced,3,Normal,51070,49807,0.18798956309489795,0.04557350869270339,0.41919231325922496,0.9956833376834582,0.889051739715301,0.1074926210463573,0.004035577328487964,0.000281084988053888
123,student_A,scratch,exact_group_balanced,4,TDMA,997,988,1.1708600805326637,0.03613799370300453,0.23127898358246649,0.9979757085020243,0.6649797570850202,0.01477690666550228,0.0,0.0020242914979757085
123,student_A,scratch,row_weighted,0,Blackhole,1590,1015,0.3415415040475765,0.08467672680325265,0.5896137840926852,0.9408805031446541,0.8446540880503145,0.3282370596758973,0.05220125786163522,0.006918238993710692
123,student_A,scratch,row_weighted,1,Flooding,495,474,0.3487015419716472,0.03013301083687076,0.29268352221343946,1.0,0.9797979797979798,0.08357826868219186,0.0,0.0
123,student_A,scratch,row_weighted,2,Grayhole,2149,1890,0.3225175998499853,0.09230792467047387,0.5813740281142583,0.7938576081898557,0.7936249418334109,0.22652211371981942,0.19264774313634248,0.013494648673801768
123,student_A,scratch,row_weighted,3,Normal,51070,49807,0.18778175280165324,0.04563586665920648,0.4190595166726481,0.9956138633248482,0.8864597611121989,0.10731205221981249,0.004112003132954768,0.00027413354219698455
123,student_A,scratch,row_weighted,4,TDMA,997,988,1.164411970905742,0.036154750843665664,0.23167010145189437,0.9979939819458375,0.6639919759277834,0.014663428390222529,0.0,0.0020060180541624875
123,student_B,rf_kd,exact_group_balanced,0,Blackhole,1590,1015,0.15243460585693855,0.04229238999195274,0.3439279749362623,0.8788177339901477,0.912807881773399,0.17474647216536973,0.11133004926108374,0.009852216748768473
123,student_B,rf_kd,exact_group_balanced,1,Flooding,495,474,0.03484087745191586,0.008776894468826658,0.16658611235978965,1.0,0.9778481012658228,0.07459856012616205,0.0,0.0
123,student_B,rf_kd,exact_group_balanced,2,Grayhole,2149,1890,0.14872842109134884,0.04349504829654467,0.28007053347835276,0.908994708994709,0.7962962962962963,0.14797698738820064,0.08095238095238096,0.010052910052910053
123,student_B,rf_kd,exact_group_balanced,3,Normal,51070,49807,0.004759390597209076,0.0011561602325441476,0.03721424406788351,0.9981729475776497,0.9851024956331439,0.003414502683872217,0.0014857349368562651,0.00034131748549400687
123,student_B,rf_kd,exact_group_balanced,4,TDMA,997,988,0.019662434157167175,0.004776089944293648,0.07727352376425797,0.9979757085020243,0.9068825910931174,0.004035281437469767,0.0,0.0020242914979757085
123,student_B,rf_kd,row_weighted,0,Blackhole,1590,1015,0.21754571625916488,0.0619894206251361,0.46258871727374296,0.8779874213836478,0.9421383647798742,0.23806300404706923,0.11572327044025157,0.006289308176100629
123,student_B,rf_kd,row_weighted,1,Flooding,495,474,0.03422177636231531,0.008631850493967048,0.16518072739984227,1.0,0.9787878787878788,0.07227353030091943,0.0,0.0
123,student_B,rf_kd,row_weighted,2,Grayhole,2149,1890,0.1690485580846122,0.04982284010939873,0.3117021769847599,0.8990228013029316,0.808282922289437,0.16837210160398866,0.08980921358771522,0.011167985109353188
123,student_B,rf_kd,row_weighted,3,Normal,51070,49807,0.0047045327967347806,0.0011428068683174582,0.036967032854086666,0.99817897004112,0.9854219698453104,0.003399437089332934,0.0014881535147836303,0.00033287644409633833
123,student_B,rf_kd,row_weighted,4,TDMA,997,988,0.01953827269864375,0.004747198521035457,0.07685688046035294,0.9979939819458375,0.9077231695085256,0.003999057576109194,0.0,0.0020060180541624875
123,student_B,scratch,exact_group_balanced,0,Blackhole,1590,1015,0.30191868090203217,0.06484135917697585,0.46296328562028977,0.8896551724137931,0.7655172413793103,0.22468333254947948,0.09950738916256158,0.01083743842364532
123,student_B,scratch,exact_group_balanced,1,Flooding,495,474,0.37666653243707887,0.03330947898019708,0.29224070792876494,1.0,0.979957805907173,0.0842193215073694,0.0,0.0
123,student_B,scratch,exact_group_balanced,2,Grayhole,2149,1890,0.27393721741390376,0.07409919136046503,0.4852919032829474,0.8846560846560847,0.7857142857142857,0.1978562852899155,0.10317460317460317,0.01216931216931217
123,student_B,scratch,exact_group_balanced,3,Normal,51070,49807,0.16271876154439596,0.037894282285433574,0.37376090379328714,0.9967072901399402,0.8903266609111169,0.09345866646417618,0.0029513923745658243,0.00032123998634730057
123,student_B,scratch,exact_group_balanced,4,TDMA,997,988,1.5740909273975572,0.0365730413733998,0.22532733686805198,0.9979757085020243,0.6639676113360324,0.012777216151539535,0.0,0.0020242914979757085
123,student_B,scratch,row_weighted,0,Blackhole,1590,1015,0.3364426407164834,0.08250268647182506,0.5764541654192591,0.8830188679245283,0.8449685534591195,0.3256721508143977,0.11006289308176101,0.006918238993710692
123,student_B,scratch,row_weighted,1,Flooding,495,474,0.36905383863918967,0.03274558112670739,0.28687221070210034,1.0,0.9808080808080808,0.08149303799412734,0.0,0.0
123,student_B,scratch,row_weighted,2,Grayhole,2149,1890,0.29821415661595724,0.08198668673423684,0.5226506791365012,0.8748255002326664,0.798510935318753,0.22449090345676134,0.11167985109353187,0.013494648673801768
123,student_B,scratch,row_weighted,3,Normal,51070,49807,0.16226423114979713,0.0379157552695851,0.3737333076515549,0.9966124926571372,0.8879674955942823,0.09324291590906045,0.003054630898766399,0.00031329547679655374
123,student_B,scratch,row_weighted,4,TDMA,997,988,1.5650584832132872,0.0365027144789241,0.22511562424133177,0.9979939819458375,0.6629889669007021,0.012663896398869574,0.0,0.0020060180541624875
456,student_A,rf_kd,exact_group_balanced,0,Blackhole,1590,1015,0.10662223094302181,0.028768334933390476,0.3063545677045803,0.8985221674876848,0.8660098522167488,0.29478065409091525,0.08866995073891626,0.012807881773399015
456,student_A,rf_kd,exact_group_balanced,1,Flooding,495,474,0.03771898146645262,0.009138669243778225,0.17978535709068938,1.0,0.9936708860759493,0.07632890605610637,0.0,0.0
456,student_A,rf_kd,exact_group_balanced,2,Grayhole,2149,1890,0.17674747772077715,0.05284362060293816,0.33419719030122513,0.819047619047619,0.8251322751322752,0.269563030686147,0.1724867724867725,0.008465608465608466
456,student_A,rf_kd,exact_group_balanced,3,Normal,51070,49807,0.0042436669512542395,0.0010121934161470161,0.03828636568699666,0.9980123275844761,0.996275623908286,0.0034468522155272022,0.0016664324291766218,0.00032123998634730057
456,student_A,rf_kd,exact_group_balanced,4,TDMA,997,988,0.014169649053686726,0.0036377714809253726,0.06661459679356566,0.9989878542510121,0.9509109311740891,0.006837225677041435,0.0,0.0010121457489878543
456,student_A,rf_kd,row_weighted,0,Blackhole,1590,1015,0.16689475385258284,0.04583905177062977,0.4244969390016933,0.8754716981132076,0.8927672955974842,0.4420392160307669,0.11509433962264151,0.009433962264150943
456,student_A,rf_kd,row_weighted,1,Flooding,495,474,0.03715574575938819,0.009017508523761797,0.17782594756708336,1.0,0.9939393939393939,0.07367404320599368,0.0,0.0
456,student_A,rf_kd,row_weighted,2,Grayhole,2149,1890,0.20442637060415356,0.06125625361674484,0.37365204473841057,0.7850162866449512,0.80316426244765,0.3105263640653241,0.20567705909725453,0.009306654257794323
456,student_A,rf_kd,row_weighted,3,Normal,51070,49807,0.004202706989794169,0.0010027343814419793,0.0380403093269388,0.9980223223027218,0.9963285686312904,0.0034310220923291466,0.0016643822204816918,0.00031329547679655374
456,student_A,rf_kd,row_weighted,4,TDMA,997,988,0.01420164280339686,0.0036523685059800066,0.06663140912940616,0.9989969909729187,0.950852557673019,0.006775986719013825,0.0,0.0010030090270812437
456,student_A,scratch,exact_group_balanced,0,Blackhole,1590,1015,0.16745266558235727,0.041997908700781766,0.38466527549171586,0.9280788177339901,0.7394088669950739,0.2308175072730613,0.05812807881773399,0.013793103448275862
456,student_A,scratch,exact_group_balanced,1,Flooding,495,474,0.43821500343129394,0.044438052133270504,0.3591527236538848,0.9978902953586498,0.9915611814345991,0.08185110014478386,0.0,0.0
456,student_A,scratch,exact_group_balanced,2,Grayhole,2149,1890,0.23899467736391614,0.06956153818327078,0.44542061090225643,0.8343915343915344,0.8021164021164021,0.20966624472245085,0.15555555555555556,0.010052910052910053
456,student_A,scratch,exact_group_balanced,3,Normal,51070,49807,0.18586477046040195,0.04203767502690305,0.41077746990340364,0.9949404702150301,0.9885357479872308,0.10600916937653596,0.004898909791796334,0.000140542494026944
456,student_A,scratch,exact_group_balanced,4,TDMA,997,988,1.8011263105902844,0.049458412872926266,0.2919904214901508,0.9979757085020243,0.6270242914979757,0.015179008100897107,0.0,0.0010121457489878543
456,student_A,scratch,row_weighted,0,Blackhole,1590,1015,0.20180461000231809,0.0530615972144437,0.47060568372159295,0.9327044025157233,0.8106918238993711,0.3277041445685682,0.057232704402515724,0.010062893081761006
456,student_A,scratch,row_weighted,1,Flooding,495,474,0.4289737018477928,0.04378131460911004,0.354347330829744,0.997979797979798,0.9919191919191919,0.07897553294548326,0.0,0.0
456,student_A,scratch,row_weighted,2,Grayhole,2149,1890,0.2623122296598737,0.0766831957831616,0.4771168193124041,0.8040949278734295,0.7829222894369474,0.2395182755731384,0.18520241973010704,0.010702652396463471
456,student_A,scratch,row_weighted,3,Normal,51070,49807,0.1848339917916597,0.041867348769692336,0.40953062818963737,0.9948893675347562,0.9883395339729782,0.10581769211324293,0.004953984726845506,0.00013706677109849227
456,student_A,scratch,row_weighted,4,TDMA,997,988,1.7906674868239423,0.049509376953195676,0.2919795327862416,0.9979939819458375,0.6263791374122367,0.015062570231476604,0.0,0.0010030090270812437
456,student_B,rf_kd,exact_group_balanced,0,Blackhole,1590,1015,0.08594983635356711,0.02306769570751441,0.2679049100593062,0.9103448275862069,0.8832512315270936,0.20052873459227166,0.08078817733990148,0.008866995073891626
456,student_B,rf_kd,exact_group_balanced,1,Flooding,495,474,0.028369475737236822,0.007009244438917719,0.15799517284263898,1.0,0.9957805907172996,0.07472166181714512,0.0,0.0
456,student_B,rf_kd,exact_group_balanced,2,Grayhole,2149,1890,0.13631474914186287,0.04106344748885861,0.2797779958608639,0.9153439153439153,0.8394179894179894,0.16288839316929546,0.07777777777777778,0.0068783068783068784
456,student_B,rf_kd,exact_group_balanced,3,Normal,51070,49807,0.0033180897215147474,0.0007925127321391666,0.03363723682710904,0.9981327925793563,0.9969080651314073,0.003316541366660063,0.001545967434296384,0.00032123998634730057
456,student_B,rf_kd,exact_group_balanced,4,TDMA,997,988,0.007845564635636414,0.0018940001569430647,0.046930034979193555,0.9989878542510121,0.957995951417004,0.003890026607965005,0.0,0.0010121457489878543
456,student_B,rf_kd,row_weighted,0,Blackhole,1590,1015,0.12643540419264152,0.03474994885995185,0.35853276381513277,0.9144654088050315,0.9047169811320754,0.26247775367278553,0.07987421383647798,0.005660377358490566
456,student_B,rf_kd,row_weighted,1,Flooding,495,474,0.027711581660327198,0.006851538273000108,0.15557257176890674,1.0,0.9959595959595959,0.07206249042955276,0.0,0.0
456,student_B,rf_kd,row_weighted,2,Grayhole,2149,1890,0.15757759431039364,0.047631666545466064,0.3121618940199717,0.9078641228478362,0.8157282456956724,0.1889640769701947,0.08422522103303862,0.007910656119125175
456,student_B,rf_kd,row_weighted,3,Normal,51070,49807,0.003290068352161747,0.0007861797552892537,0.03344476217198818,0.9981398081065205,0.9969551595848835,0.003296888753506709,0.0015468964166829842,0.00031329547679655374
456,student_B,rf_kd,row_weighted,4,TDMA,997,988,0.007814045146178462,0.0018867315008693456,0.046833092041952504,0.9989969909729187,0.9583751253761283,0.003855618732538525,0.0,0.0010030090270812437
456,student_B,scratch,exact_group_balanced,0,Blackhole,1590,1015,0.25960330557045946,0.04659500504714228,0.3911564921730911,0.9359605911330049,0.7280788177339902,0.1907864951638392,0.05812807881773399,0.005911330049261084
456,student_B,scratch,exact_group_balanced,1,Flooding,495,474,0.7894453890069838,0.04602829097563735,0.35785416673488185,1.0,0.9862869198312236,0.08277332710744705,0.0,0.0
456,student_B,scratch,exact_group_balanced,2,Grayhole,2149,1890,0.20461896762855283,0.0563789737587215,0.386799761534426,0.8978835978835978,0.8174603174603174,0.1719961193610739,0.09259259259259259,0.009523809523809525
456,student_B,scratch,exact_group_balanced,3,Normal,51070,49807,0.17279932341895432,0.034824482009069804,0.35623270179962635,0.9970285301262874,0.9947898889714297,0.11433021501664928,0.0026301523882185235,0.00032123998634730057
456,student_B,scratch,exact_group_balanced,4,TDMA,997,988,1.4910715214887023,0.046102337109440616,0.2788018240032062,0.9989878542510121,0.5637651821862348,0.01524241272144515,0.0,0.0010121457489878543
456,student_B,scratch,row_weighted,0,Blackhole,1590,1015,0.24416884056285115,0.05156755228726881,0.44720032297660545,0.949685534591195,0.8034591194968553,0.24586648353726281,0.04654088050314465,0.0037735849056603774
456,student_B,scratch,row_weighted,1,Flooding,495,474,0.7781938535623272,0.045371270521250916,0.3523500793808235,1.0,0.9868686868686869,0.07986032487098425,0.0,0.0
456,student_B,scratch,row_weighted,2,Grayhole,2149,1890,0.22522604432084814,0.06313573811206588,0.41593914914934493,0.8804094927873429,0.7964169381107492,0.1958192335240614,0.1093531875290833,0.010237319683573755
456,student_B,scratch,row_weighted,3,Normal,51070,49807,0.17185848331468345,0.03471328019175598,0.3555623835399684,0.997004112003133,0.9948599960838065,0.11411627997887287,0.0026630115527707067,0.00031329547679655374
456,student_B,scratch,row_weighted,4,TDMA,997,988,1.481952138102775,0.045999525509650974,0.27818304048115056,0.9989969909729187,0.5631895687061184,0.015107131259639433,0.0,0.0010030090270812437
789,student_A,rf_kd,exact_group_balanced,0,Blackhole,1590,1015,0.17121471174596972,0.04741674445436646,0.37098706558183936,0.8935960591133005,0.9320197044334976,0.29994803076966986,0.09556650246305419,0.01083743842364532
789,student_A,rf_kd,exact_group_balanced,1,Flooding,495,474,0.05611607583337389,0.013887498514994394,0.19511978652430984,0.9978902953586498,0.9324894514767933,0.07826349594631536,0.0,0.002109704641350211
789,student_A,rf_kd,exact_group_balanced,2,Grayhole,2149,1890,0.2092584122540189,0.0614168077261512,0.3608769526203933,0.8031746031746032,0.7986772486772487,0.2765283481520136,0.18571428571428572,0.011111111111111112
789,student_A,rf_kd,exact_group_balanced,3,Normal,51070,49807,0.00889388825841465,0.0022540808617666167,0.047473903136899843,0.9978316300921557,0.9572349268175157,0.003430083297335854,0.001827052422350272,0.00034131748549400687
789,student_A,rf_kd,exact_group_balanced,4,TDMA,997,988,0.021127895139096797,0.00478991022321339,0.06710541480071065,0.9979757085020243,0.9195344129554656,0.004182592709385822,0.0,0.0020242914979757085
789,student_A,rf_kd,row_weighted,0,Blackhole,1590,1015,0.2636038332303275,0.07500326047144806,0.5258312247215307,0.8477987421383648,0.9544025157232704,0.4532140100842269,0.14528301886792452,0.006918238993710692
789,student_A,rf_kd,row_weighted,1,Flooding,495,474,0.05554834229258206,0.013830258431415924,0.194014631938928,0.997979797979798,0.9313131313131313,0.07580318796408964,0.0,0.00202020202020202
789,student_A,rf_kd,row_weighted,2,Grayhole,2149,1890,0.2392187860476255,0.0706103322663256,0.405171881059434,0.783620288506282,0.8134015821312238,0.31931081847525006,0.2042810609585854,0.01209865053513262
789,student_A,rf_kd,row_weighted,3,Normal,51070,49807,0.00879350499827017,0.0022300747787290134,0.04714421937432854,0.9978265126297239,0.9577932249853143,0.0034103907664447103,0.0018406109261797532,0.00033287644409633833
789,student_A,rf_kd,row_weighted,4,TDMA,997,988,0.02129798967648765,0.004835297668882626,0.06743739440625822,0.9979939819458375,0.9167502507522568,0.004146948009462548,0.0,0.0020060180541624875
789,student_A,scratch,exact_group_balanced,0,Blackhole,1590,1015,0.2778376814541406,0.06337920471690878,0.4573731711682544,0.8847290640394089,0.7704433497536946,0.2343909553728034,0.10541871921182266,0.009852216748768473
789,student_A,scratch,exact_group_balanced,1,Flooding,495,474,0.3070863372116886,0.03415485265714513,0.30485312484505195,0.9978902953586498,0.9251054852320675,0.0853300728145935,0.0,0.002109704641350211
789,student_A,scratch,exact_group_balanced,2,Grayhole,2149,1890,0.2949331382987515,0.08523625116060707,0.5525912198894023,0.8867724867724868,0.7685185185185185,0.2199875794745809,0.09947089947089947,0.013756613756613757
789,student_A,scratch,exact_group_balanced,3,Normal,51070,49807,0.310064988025385,0.05630575118645666,0.43713895640241085,0.992551247816572,0.8399823318007509,0.12214990861936316,0.007127512197080732,0.00032123998634730057
789,student_A,scratch,exact_group_balanced,4,TDMA,997,988,1.4312663201760711,0.03252817788058711,0.20037822511194503,0.9979757085020243,0.5910931174089069,0.01660210113548957,0.0,0.0020242914979757085
789,student_A,scratch,row_weighted,0,Blackhole,1590,1015,0.3318659768094848,0.08447652363817626,0.5879159456861663,0.8735849056603774,0.849685534591195,0.3451560784624215,0.11886792452830189,0.007547169811320755
789,student_A,scratch,row_weighted,1,Flooding,495,474,0.301018941479663,0.033653869566298227,0.300797467036468,0.997979797979798,0.9242424242424242,0.08251847744541159,0.0,0.00202020202020202
789,student_A,scratch,row_weighted,2,Grayhole,2149,1890,0.31905636471320914,0.09257373004783588,0.5853132273104383,0.8752908329455561,0.7850162866449512,0.2509227802855568,0.10981852024197301,0.014890646812470917
789,student_A,scratch,row_weighted,3,Normal,51070,49807,0.3085848962042452,0.056243952307858475,0.437062595719061,0.9925592324260818,0.839729782651263,0.12188366714566687,0.007127472097121598,0.00031329547679655374
789,student_A,scratch,row_weighted,4,TDMA,997,988,1.4249576875436716,0.032548358250886734,0.20075291508262316,0.9979939819458375,0.5902708124373119,0.016460336633807606,0.0,0.0020060180541624875
789,student_B,rf_kd,exact_group_balanced,0,Blackhole,1590,1015,0.15272229920216318,0.04213043428354434,0.34285545907966525,0.8748768472906404,0.9339901477832512,0.21404851297617034,0.11428571428571428,0.01083743842364532
789,student_B,rf_kd,exact_group_balanced,1,Flooding,495,474,0.04127564483874697,0.009917989914021224,0.16740282469470225,0.9978902953586498,0.9356540084388185,0.07671741948260279,0.0,0.002109704641350211
789,student_B,rf_kd,exact_group_balanced,2,Grayhole,2149,1890,0.19127285245456188,0.05605751226064215,0.3337453876191222,0.846031746031746,0.8298941798941799,0.18821499939669026,0.1433862433862434,0.010582010582010581
789,student_B,rf_kd,exact_group_balanced,3,Normal,51070,49807,0.008163667000583665,0.0020612834489722757,0.04507973692850233,0.9985142650631438,0.9585801192603449,0.003392493004757439,0.001124339952215552,0.00036139498464071316
789,student_B,rf_kd,exact_group_balanced,4,TDMA,997,988,0.016830785627622157,0.0037808903325784807,0.057551984474722984,0.9979757085020243,0.9458502024291497,0.0040640094618904655,0.0,0.0020242914979757085
789,student_B,rf_kd,row_weighted,0,Blackhole,1590,1015,0.22100024334618268,0.06297708860570639,0.46772589649431334,0.8679245283018868,0.9556603773584905,0.2867329807707261,0.12515723270440252,0.006918238993710692
789,student_B,rf_kd,row_weighted,1,Flooding,495,474,0.04062433087924521,0.009780378494147228,0.1648376600664357,0.997979797979798,0.9323232323232323,0.07395241563943593,0.0,0.00202020202020202
789,student_B,rf_kd,row_weighted,2,Grayhole,2149,1890,0.21921020623229845,0.06462573545344229,0.375364691067285,0.8292228943694742,0.8431828757561657,0.21779177457547935,0.15914378780828292,0.011633317822242903
789,student_B,rf_kd,row_weighted,3,Normal,51070,49807,0.008073137063465356,0.0020405219400541,0.044770042866442324,0.9985510084198159,0.9591149402780498,0.0033677705527808428,0.0010965341687879382,0.000352457411396123
789,student_B,rf_kd,row_weighted,4,TDMA,997,988,0.017045361314942827,0.0038276593180068606,0.057906529014304285,0.9979939819458375,0.9453360080240722,0.004029674025836027,0.0,0.0020060180541624875
789,student_B,scratch,exact_group_balanced,0,Blackhole,1590,1015,0.34786139406480737,0.0634804479065201,0.4420973854020792,0.9467980295566503,0.7625615763546798,0.18959203920084736,0.042364532019704436,0.01083743842364532
789,student_B,scratch,exact_group_balanced,1,Flooding,495,474,0.4493328518187717,0.032810891097565555,0.2897219291403677,0.9978902953586498,0.9272151898734177,0.0826106056262144,0.0,0.002109704641350211
789,student_B,scratch,exact_group_balanced,2,Grayhole,2149,1890,0.27174853140070787,0.0719558486716787,0.47694853545298493,0.8603174603174604,0.7759259259259259,0.17554363980764653,0.12645502645502646,0.013227513227513227
789,student_B,scratch,exact_group_balanced,3,Normal,51070,49807,0.18637799592360463,0.04427197753640823,0.39172630009421777,0.9967273676390869,0.8319312546429217,0.10926292695798,0.002931314875419118,0.00032123998634730057
789,student_B,scratch,exact_group_balanced,4,TDMA,997,988,1.283118562651115,0.030896004016852587,0.19406770107110868,0.9979757085020243,0.5799595141700404,0.014319151029589985,0.0,0.0020242914979757085
789,student_B,scratch,row_weighted,0,Blackhole,1590,1015,0.3514141605111368,0.0775636609739559,0.5454422540792232,0.9572327044025157,0.8443396226415094,0.24940839472526224,0.035849056603773584,0.006918238993710692
789,student_B,scratch,row_weighted,1,Flooding,495,474,0.4426978934193927,0.03228349065999725,0.2847172089722776,0.997979797979798,0.9262626262626262,0.07975569698128149,0.0,0.00202020202020202
789,student_B,scratch,row_weighted,2,Grayhole,2149,1890,0.2948810090676619,0.07960302411966477,0.5120964485345189,0.8352722196370405,0.7910656119125175,0.19995275787529554,0.15030246626337831,0.0144253140995812
789,student_B,scratch,row_weighted,3,Normal,51070,49807,0.18594229674970805,0.0441909643245844,0.39068563365554615,0.9966712355590366,0.8303015468964167,0.10913129474351889,0.002995887996867045,0.00031329547679655374
789,student_B,scratch,row_weighted,4,TDMA,997,988,1.2778389704493798,0.03085248174987285,0.1939013846534989,0.9979939819458375,0.5792377131394183,0.014193048410101867,0.0,0.0020060180541624875
1001,student_A,rf_kd,exact_group_balanced,0,Blackhole,1590,1015,0.1596839673997558,0.044182095669589264,0.36827535730064337,0.8807881773399014,0.9285714285714286,0.2609419581364705,0.10738916256157635,0.011822660098522168
1001,student_A,rf_kd,exact_group_balanced,1,Flooding,495,474,0.04742595849018363,0.011498960725974621,0.18833026883877957,0.9957805907172996,0.9757383966244726,0.08124872307793983,0.002109704641350211,0.002109704641350211
1001,student_A,rf_kd,exact_group_balanced,2,Grayhole,2149,1890,0.21310071660740962,0.06168618319098395,0.37535224904995684,0.8365079365079365,0.7838624338624338,0.24267355211524858,0.1523809523809524,0.011111111111111112
1001,student_A,rf_kd,exact_group_balanced,3,Normal,51070,49807,0.007649513979040779,0.0018893521074274811,0.04735723791607672,0.9979119400887425,0.9688196438251652,0.0036404529674212626,0.001686509928323328,0.00038147248378741946
1001,student_A,rf_kd,exact_group_balanced,4,TDMA,997,988,0.030145292766562058,0.007312419545926108,0.09603909841455274,0.9979757085020243,0.895242914979757,0.005394710796069599,0.0010121457489878543,0.0010121457489878543
1001,student_A,rf_kd,row_weighted,0,Blackhole,1590,1015,0.23810663768089407,0.06764474502538709,0.5045420308485067,0.8742138364779874,0.95062893081761,0.37037748959316596,0.11823899371069183,0.007547169811320755
1001,student_A,rf_kd,row_weighted,1,Flooding,495,474,0.04684971539040028,0.011381897037573535,0.1867764103757203,0.9959595959595959,0.9757575757575757,0.07853987101831675,0.00202020202020202,0.00202020202020202
1001,student_A,rf_kd,row_weighted,2,Grayhole,2149,1890,0.24217823692172163,0.07046819267085336,0.4162906817852322,0.8227082363890181,0.7838529548627269,0.27723742502197696,0.16565844578873895,0.011633317822242903
1001,student_A,rf_kd,row_weighted,3,Normal,51070,49807,0.007577387209133645,0.0018718812329472855,0.047037152806247706,0.997904836498923,0.9694145290777364,0.003591693805592811,0.001703544155081261,0.0003720383786959076
1001,student_A,rf_kd,row_weighted,4,TDMA,997,988,0.030277799919448935,0.007351284701646641,0.09633485087092944,0.9979939819458375,0.89518555667001,0.005347647102189633,0.0010030090270812437,0.0010030090270812437
1001,student_A,scratch,exact_group_balanced,0,Blackhole,1590,1015,0.27513622665717097,0.0642200587731236,0.4631095066671114,0.9123152709359605,0.7482758620689656,0.23744171830385924,0.07783251231527094,0.009852216748768473
1001,student_A,scratch,exact_group_balanced,1,Flooding,495,474,0.37791673072600446,0.036863144073305175,0.3224031080439008,0.9957805907172996,0.9757383966244726,0.08861865933031424,0.0,0.004219409282700422
1001,student_A,scratch,exact_group_balanced,2,Grayhole,2149,1890,0.2607769650691189,0.07468285595913605,0.48728670431772886,0.8587301587301587,0.7579365079365079,0.21337468445007565,0.13015873015873017,0.011111111111111112
1001,student_A,scratch,exact_group_balanced,3,Normal,51070,49807,0.16790764883264417,0.04137451955774405,0.3972902719727875,0.9960045776698054,0.8897845684341559,0.10998218433348414,0.003714337342140663,0.0002610074889071817
1001,student_A,scratch,exact_group_balanced,4,TDMA,997,988,0.7874972046876629,0.0325647194714168,0.2143573306686476,0.9979757085020243,0.853744939271255,0.015826777763696415,0.0,0.0010121457489878543
1001,student_A,scratch,row_weighted,0,Blackhole,1590,1015,0.323310204415141,0.0830974394328753,0.5844016803354558,0.9251572327044025,0.8349056603773585,0.34485417075547337,0.06855345911949685,0.006289308176100629
1001,student_A,scratch,row_weighted,1,Flooding,495,474,0.3720050797983749,0.03629085320363171,0.31678442553293684,0.9959595959595959,0.9757575757575757,0.08554115066527553,0.0,0.00404040404040404
1001,student_A,scratch,row_weighted,2,Grayhole,2149,1890,0.28724919077056427,0.0827125323562999,0.5228885683511668,0.8455095393206142,0.7603536528617962,0.2449410072603916,0.14285714285714285,0.011633317822242903
1001,student_A,scratch,row_weighted,3,Normal,51070,49807,0.16834417658420844,0.04139154052885055,0.3963880612877611,0.9958879968670452,0.8872136283532407,0.10975343606587613,0.0038378695907577832,0.0002545525748971999
1001,student_A,scratch,row_weighted,4,TDMA,997,988,0.78384040911628,0.032574578812835535,0.2149145135929813,0.9979939819458375,0.8525576730190572,0.015689866529132727,0.0,0.0010030090270812437
1001,student_B,rf_kd,exact_group_balanced,0,Blackhole,1590,1015,0.13582432268951436,0.03737156774893115,0.3203266496305857,0.8866995073891626,0.9532019704433498,0.16290771457712747,0.10246305418719212,0.01083743842364532
1001,student_B,rf_kd,exact_group_balanced,1,Flooding,495,474,0.03823151646886027,0.009267548119294906,0.16650810484062276,0.9978902953586498,0.9746835443037974,0.07715807691918534,0.0,0.002109704641350211
1001,student_B,rf_kd,exact_group_balanced,2,Grayhole,2149,1890,0.14844476524049321,0.04248011428653516,0.28029819943913414,0.917989417989418,0.773015873015873,0.13458453662358988,0.07248677248677249,0.009523809523809525
1001,student_B,rf_kd,exact_group_balanced,3,Normal,51070,49807,0.00541646233120762,0.0013235128056167304,0.03912337157081666,0.9980926375810629,0.9770313409761681,0.0034359622017106515,0.001545967434296384,0.00034131748549400687
1001,student_B,rf_kd,exact_group_balanced,4,TDMA,997,988,0.018791186741188095,0.004422513598826968,0.07318583804392131,0.9989878542510121,0.9154858299595142,0.004102975885031231,0.0,0.0010121457489878543
1001,student_B,rf_kd,row_weighted,0,Blackhole,1590,1015,0.19114350557734872,0.054197014899495334,0.4289762346063755,0.8811320754716981,0.9672955974842767,0.2034125538348415,0.1119496855345912,0.006918238993710692
1001,student_B,rf_kd,row_weighted,1,Flooding,495,474,0.03756982024756181,0.009121559765164843,0.16417420274388275,0.997979797979798,0.9747474747474747,0.07438583550267562,0.0,0.00202020202020202
1001,student_B,rf_kd,row_weighted,2,Grayhole,2149,1890,0.1702261700412373,0.04907954108729857,0.3127389862643473,0.9073987901349465,0.7736156351791531,0.15655850980419667,0.08236389018147976,0.010237319683573755
1001,student_B,rf_kd,row_weighted,3,Normal,51070,49807,0.005350345941780245,0.001307871734715884,0.03884728992096433,0.9980810652046211,0.9774720971215978,0.0034275658761401175,0.0015664773839827687,0.00033287644409633833
1001,student_B,rf_kd,row_weighted,4,TDMA,997,988,0.018877721340472567,0.004430469636092119,0.07306785552219788,0.9989969909729187,0.9157472417251755,0.0040675439475226565,0.0,0.0010030090270812437
1001,student_B,scratch,exact_group_balanced,0,Blackhole,1590,1015,0.2979881839122331,0.061854634060559514,0.449473587619417,0.9300492610837439,0.7472906403940887,0.1931494357665394,0.05812807881773399,0.011822660098522168
1001,student_B,scratch,exact_group_balanced,1,Flooding,495,474,0.6987170596977474,0.035259139635894374,0.306224983724834,0.9978902953586498,0.9767932489451476,0.08854612045922587,0.0,0.002109704641350211
1001,student_B,scratch,exact_group_balanced,2,Grayhole,2149,1890,0.24231932378833165,0.06569913617563075,0.4345603545701172,0.8809523809523809,0.7748677248677248,0.17056630536531758,0.10740740740740741,0.01164021164021164
1001,student_B,scratch,exact_group_balanced,3,Normal,51070,49807,0.18784576480447643,0.04277442046767458,0.3960374161589089,0.9965265926476198,0.8893930572007951,0.10091766627088376,0.003091934868592768,0.00034131748549400687
1001,student_B,scratch,exact_group_balanced,4,TDMA,997,988,1.1283103078473578,0.033830335806854545,0.21251431678600893,0.9989878542510121,0.5587044534412956,0.013998243375719106,0.0,0.0010121457489878543
1001,student_B,scratch,row_weighted,0,Blackhole,1590,1015,0.3134602898708073,0.0750520590177361,0.5427584289389361,0.9408805031446541,0.8342767295597484,0.2596334086874726,0.05157232704402516,0.007547169811320755
1001,student_B,scratch,row_weighted,1,Flooding,495,474,0.687427766214416,0.0347181204416169,0.3005185010634965,0.997979797979798,0.9767676767676767,0.08543605629950407,0.0,0.00202020202020202
1001,student_B,scratch,row_weighted,2,Grayhole,2149,1890,0.2657072607893515,0.07319277130096233,0.4686821503986102,0.865518845974872,0.7752442996742671,0.19486524242536665,0.12191717077710564,0.012563983248022336
1001,student_B,scratch,row_weighted,3,Normal,51070,49807,0.18743966373806706,0.04276912323488107,0.39544102242728957,0.9964950068533386,0.886812218523595,0.10081416508681362,0.0031329547679655374,0.00033287644409633833
1001,student_B,scratch,row_weighted,4,TDMA,997,988,1.122634825439593,0.03381403357645678,0.21261332677644076,0.9989969909729187,0.5581745235707122,0.013874756171466886,0.0,0.0010030090270812437
2024,student_A,rf_kd,exact_group_balanced,0,Blackhole,1590,1015,0.14744907501523272,0.04108362008419231,0.3521509016088809,0.864039408866995,0.7369458128078817,0.26799852742192115,0.12315270935960591,0.012807881773399015
2024,student_A,rf_kd,exact_group_balanced,1,Flooding,495,474,0.045288794978682954,0.010935071115881607,0.18394402681452032,0.9978902953586498,0.9915611814345991,0.07760992424664999,0.0,0.002109704641350211
2024,student_A,rf_kd,exact_group_balanced,2,Grayhole,2149,1890,0.18988805037211315,0.056047805391818514,0.35032634430466136,0.8328042328042328,0.8298941798941799,0.24179222156588667,0.15555555555555556,0.01164021164021164
2024,student_A,rf_kd,exact_group_balanced,3,Normal,51070,49807,0.006315475955598778,0.0015585620788225395,0.04238946212276453,0.9981930250767964,0.975495412291445,0.003420345527939158,0.0015258899351496779,0.000281084988053888
2024,student_A,rf_kd,exact_group_balanced,4,TDMA,997,988,0.01652738207230528,0.003915327159318532,0.06969830212756542,0.9979757085020243,0.9610323886639676,0.004989113519711817,0.0,0.0020242914979757085
2024,student_A,rf_kd,row_weighted,0,Blackhole,1590,1015,0.2266723178053556,0.06476361313529717,0.48497142643101493,0.8559748427672956,0.669496855345912,0.3873503963146248,0.13459119496855346,0.009433962264150943
2024,student_A,rf_kd,row_weighted,1,Flooding,495,474,0.044767669256744747,0.01084777290711017,0.18304546447612105,0.997979797979798,0.9919191919191919,0.07502474375535835,0.0,0.00202020202020202
2024,student_A,rf_kd,row_weighted,2,Grayhole,2149,1890,0.21798185820529012,0.06462985191205467,0.39118658968774145,0.8157282456956724,0.806654257794323,0.2787029818028285,0.17170777105630525,0.012563983248022336
2024,student_A,rf_kd,row_weighted,3,Normal,51070,49807,0.006233166317958568,0.0015378081867928265,0.04205897157707163,0.99817897004112,0.9760231055414137,0.0033851823086399895,0.0015468964166829842,0.00027413354219698455
2024,student_A,rf_kd,row_weighted,4,TDMA,997,988,0.01658682334041458,0.003939937839291801,0.06977543742068781,0.9979939819458375,0.9608826479438315,0.004945441484029793,0.0,0.0020060180541624875
2024,student_A,scratch,exact_group_balanced,0,Blackhole,1590,1015,0.29094219219107614,0.062368705947353054,0.4383530338250044,0.9389162561576355,0.6113300492610837,0.22621943118534601,0.04827586206896552,0.012807881773399015
2024,student_A,scratch,exact_group_balanced,1,Flooding,495,474,0.5195141502936625,0.035582225701279085,0.30826667555767806,0.9978902953586498,0.989451476793249,0.08501530782129786,0.0,0.002109704641350211
2024,student_A,scratch,exact_group_balanced,2,Grayhole,2149,1890,0.2477070692783415,0.0717340195916923,0.4692001843628044,0.8306878306878307,0.8007936507936508,0.20892715081444857,0.15714285714285714,0.01216931216931217
2024,student_A,scratch,exact_group_balanced,3,Normal,51070,49807,0.1452350447062445,0.037078667808315396,0.3703191891771639,0.9954825626919911,0.8821049250105407,0.10012715662514936,0.0042564298191017326,0.0002610074889071817
2024,student_A,scratch,exact_group_balanced,4,TDMA,997,988,1.6872556770778784,0.04572092929397612,0.2809913978090872,0.9959514170040485,0.868421052631579,0.01580002131415035,0.0020242914979757085,0.0020242914979757085
2024,student_A,scratch,row_weighted,0,Blackhole,1590,1015,0.31955474240726084,0.0781730360225332,0.5413489705074938,0.9528301886792453,0.5864779874213837,0.31585768040550755,0.0389937106918239,0.008176100628930818
2024,student_A,scratch,row_weighted,1,Flooding,495,474,0.5133837018653553,0.03506232482008043,0.3030259668961632,0.997979797979798,0.98989898989899,0.08209179363511514,0.0,0.00202020202020202
2024,student_A,scratch,row_weighted,2,Grayhole,2149,1890,0.27335443707756485,0.07963720590185061,0.5047204821355082,0.8003722661703118,0.780362959516054,0.23910178693552564,0.18659841786877618,0.013029315960912053
2024,student_A,scratch,row_weighted,3,Normal,51070,49807,0.1455478575969425,0.037158201060982395,0.37019123345143573,0.9954767965537498,0.879733698844723,0.09995019721308014,0.004268650871353045,0.0002545525748971999
2024,student_A,scratch,row_weighted,4,TDMA,997,988,1.678376992293717,0.04578848481252845,0.2813216915086189,0.995987963891675,0.8665997993981945,0.015705221712338187,0.0020060180541624875,0.0020060180541624875
2024,student_B,rf_kd,exact_group_balanced,0,Blackhole,1590,1015,0.12525475987078297,0.03487875858883348,0.31126337192059167,0.896551724137931,0.7660098522167488,0.1808074632093865,0.09261083743842365,0.01083743842364532
2024,student_B,rf_kd,exact_group_balanced,1,Flooding,495,474,0.034379790187087075,0.008434704042117653,0.16117074015525304,0.9978902953586498,0.990506329113924,0.07677240877591002,0.0,0.002109704641350211
2024,student_B,rf_kd,exact_group_balanced,2,Grayhole,2149,1890,0.1465425531038604,0.04376711391759068,0.2805208305783472,0.9074074074074074,0.8312169312169312,0.16549980185946778,0.08253968253968254,0.010052910052910053
2024,student_B,rf_kd,exact_group_balanced,3,Normal,51070,49807,0.005180702915950701,0.001263244502509762,0.03719781466633491,0.9982131025759431,0.979219788383159,0.0033827204640293545,0.0015058124360029714,0.000281084988053888
2024,student_B,rf_kd,exact_group_balanced,4,TDMA,997,988,0.008930386403063753,0.0020807214705574856,0.046203788571947305,0.9979757085020243,0.972165991902834,0.0036558471401949774,0.0,0.0020242914979757085
2024,student_B,rf_kd,row_weighted,0,Blackhole,1590,1015,0.18189813558827908,0.05211691987263548,0.4154904715808597,0.9075471698113208,0.6877358490566038,0.23093807025955493,0.08553459119496855,0.006918238993710692
2024,student_B,rf_kd,row_weighted,1,Flooding,495,474,0.033828517334529656,0.00830967219659364,0.15914358811942567,0.997979797979798,0.990909090909091,0.07431281382898276,0.0,0.00202020202020202
2024,student_B,rf_kd,row_weighted,2,Grayhole,2149,1890,0.1695078896719177,0.05083197904622022,0.316712704515614,0.896696137738483,0.8078175895765473,0.19000353738819162,0.0921358771521638,0.011167985109353188
2024,student_B,rf_kd,row_weighted,3,Normal,51070,49807,0.005111688478975983,0.0012461355429683638,0.03691132993240033,0.9981985510084198,0.9796651654591737,0.00336535076604153,0.0015273154493831995,0.00027413354219698455
2024,student_B,rf_kd,row_weighted,4,TDMA,997,988,0.008899531110044335,0.0020746514193134046,0.04613950921410111,0.9979939819458375,0.9724172517552658,0.0036242823716598283,0.0,0.0020060180541624875
2024,student_B,scratch,exact_group_balanced,0,Blackhole,1590,1015,0.28543888995950717,0.0562042091625212,0.41813609426010195,0.9241379310344827,0.6029556650246305,0.21303522630870217,0.06600985221674877,0.009852216748768473
2024,student_B,scratch,exact_group_balanced,1,Flooding,495,474,0.5022626409994535,0.03568652267018229,0.308110047473686,0.9978902953586498,0.989451476793249,0.0840588203006053,0.0,0.002109704641350211
2024,student_B,scratch,exact_group_balanced,2,Grayhole,2149,1890,0.21441770862091444,0.05824859821216974,0.3887633970751891,0.9238095238095239,0.8158730158730159,0.18105454333415516,0.06296296296296296,0.012698412698412698
2024,student_B,scratch,exact_group_balanced,3,Normal,51070,49807,0.14177061652393438,0.03699538812451658,0.38646765614533685,0.9965667476459132,0.8826269399883551,0.1200216368028266,0.0031320898668861807,0.00030116248720059427
2024,student_B,scratch,exact_group_balanced,4,TDMA,997,988,1.1349801416709562,0.042976387420259214,0.271992292830295,0.9989878542510121,0.8071862348178138,0.014333711604292428,0.0,0.0010121457489878543
2024,student_B,scratch,row_weighted,0,Blackhole,1590,1015,0.31360641829580815,0.07395976480904126,0.5288859308423429,0.9176100628930818,0.5808176100628931,0.3162243739496245,0.07610062893081761,0.006289308176100629
2024,student_B,scratch,row_weighted,1,Flooding,495,474,0.49385171253449156,0.03492827817973219,0.3021960970651103,0.997979797979798,0.98989898989899,0.08116606870403961,0.0,0.00202020202020202
2024,student_B,scratch,row_weighted,2,Grayhole,2149,1890,0.2329793439900412,0.06444154854306157,0.41839077393897384,0.9111214518380643,0.793392275476966,0.20624457258359702,0.07445323406235459,0.013959981386691484
2024,student_B,scratch,row_weighted,3,Normal,51070,49807,0.1421307436255518,0.03705520687743991,0.3863695164378023,0.9964754258860388,0.8813491286469551,0.11987194401783054,0.0032308596044644607,0.00029371450949676914
2024,student_B,scratch,row_weighted,4,TDMA,997,988,1.1285818037564164,0.04286130231006975,0.27165651917597944,0.9989969909729187,0.8054162487462387,0.014206762366081828,0.0,0.0010030090270812437
3141,student_A,rf_kd,exact_group_balanced,0,Blackhole,1590,1015,0.1537042450608995,0.04195212964603793,0.3547281028963364,0.9369458128078818,0.8911330049261084,0.22556488787379436,0.05123152709359606,0.011822660098522168
3141,student_A,rf_kd,exact_group_balanced,1,Flooding,495,474,0.051419586191909276,0.01259240833334737,0.18317786177163922,0.9936708860759493,0.9282700421940928,0.08058205064231413,0.002109704641350211,0.004219409282700422
3141,student_A,rf_kd,exact_group_balanced,2,Grayhole,2149,1890,0.21127627336715346,0.061470320740197745,0.3623666982466899,0.8063492063492064,0.8201058201058201,0.20143569251034388,0.18571428571428572,0.007936507936507936
3141,student_A,rf_kd,exact_group_balanced,3,Normal,51070,49807,0.00651451609430098,0.0016178797663888324,0.04330573185157313,0.9982131025759431,0.9728150661553597,0.0033788881505865715,0.001465657437709559,0.0002610074889071817
3141,student_A,rf_kd,exact_group_balanced,4,TDMA,997,988,0.018334718560325567,0.004333418958985014,0.07025236607457137,0.9979757085020243,0.9316801619433198,0.003600517118731425,0.0010121457489878543,0.0010121457489878543
3141,student_A,rf_kd,row_weighted,0,Blackhole,1590,1015,0.21913263194552735,0.062090394532366706,0.4741261123315242,0.9452830188679245,0.929874213836478,0.3048926434202081,0.04716981132075472,0.007547169811320755
3141,student_A,rf_kd,row_weighted,1,Flooding,495,474,0.05062375710108057,0.012437323067185401,0.18053652165316558,0.9939393939393939,0.9272727272727272,0.07791297125487323,0.00202020202020202,0.00404040404040404
3141,student_A,rf_kd,row_weighted,2,Grayhole,2149,1890,0.24094248863367856,0.07053498356346115,0.40553681720592233,0.783620288506282,0.8315495579339227,0.23234503604316065,0.20939972080037228,0.006979990693345742
3141,student_A,rf_kd,row_weighted,3,Normal,51070,49807,0.006442225745119914,0.0015996214862713852,0.04301765678393222,0.9981985510084198,0.9733796749559428,0.003344737785933063,0.0014881535147836303,0.0002545525748971999
3141,student_A,rf_kd,row_weighted,4,TDMA,997,988,0.018302071488423544,0.004326263664295312,0.07006976659822531,0.9979939819458375,0.9317953861584755,0.0035685844403752697,0.0010030090270812437,0.0010030090270812437
3141,student_A,scratch,exact_group_balanced,0,Blackhole,1590,1015,0.30044149713559054,0.06796820441111345,0.4756675110010245,0.9320197044334976,0.8004926108374384,0.26856805201642664,0.053201970443349754,0.014778325123152709
3141,student_A,scratch,exact_group_balanced,1,Flooding,495,474,0.3778874456089997,0.04129665944542182,0.3223825069012518,0.9957805907172996,0.9240506329113924,0.08789960820907096,0.0,0.004219409282700422
3141,student_A,scratch,exact_group_balanced,2,Grayhole,2149,1890,0.3252862367498679,0.09093044950786837,0.58155972607727,0.817989417989418,0.7804232804232805,0.2421849961411459,0.1708994708994709,0.011111111111111112
3141,student_A,scratch,exact_group_balanced,3,Normal,51070,49807,0.14031194241324058,0.03897045045752373,0.4051401417280209,0.9958038026783383,0.8868231373100167,0.11154355697384218,0.003854879836167607,0.00030116248720059427
3141,student_A,scratch,exact_group_balanced,4,TDMA,997,988,0.6031400955670932,0.029515084859933066,0.1987258910980645,0.9979757085020243,0.5713562753036437,0.01402600863342657,0.0010121457489878543,0.0010121457489878543
3141,student_A,scratch,row_weighted,0,Blackhole,1590,1015,0.3469199493477606,0.08745492149031685,0.6036699620693335,0.9339622641509434,0.869811320754717,0.3833792734718127,0.055345911949685536,0.010691823899371069
3141,student_A,scratch,row_weighted,1,Flooding,495,474,0.3715654445643463,0.040861485026211765,0.3178022457243877,0.9959595959595959,0.9232323232323232,0.08510440559934433,0.0,0.00404040404040404
3141,student_A,scratch,row_weighted,2,Grayhole,2149,1890,0.351880097342896,0.09916009189705653,0.6179977865862809,0.783620288506282,0.7961842717543043,0.27796473556239576,0.2042810609585854,0.01209865053513262
3141,student_A,scratch,row_weighted,3,Normal,51070,49807,0.14029171894177403,0.03899054116128193,0.4046843261941444,0.9956921871940474,0.8842569022909732,0.11131127092633354,0.003974936361856276,0.00029371450949676914
3141,student_A,scratch,row_weighted,4,TDMA,997,988,0.6007821253058597,0.029601241239334334,0.19949610443787,0.9979939819458375,0.5707121364092277,0.013919984750750737,0.0010030090270812437,0.0010030090270812437
3141,student_B,rf_kd,exact_group_balanced,0,Blackhole,1590,1015,0.13156373322845233,0.03588994503726554,0.3213853401777156,0.929064039408867,0.8950738916256158,0.15700279932807382,0.06403940886699508,0.006896551724137931
3141,student_B,rf_kd,exact_group_balanced,1,Flooding,495,474,0.04028978909892799,0.010180221444943406,0.1687114759106112,0.9957805907172996,0.9356540084388185,0.07803784512567243,0.0,0.004219409282700422
3141,student_B,rf_kd,exact_group_balanced,2,Grayhole,2149,1890,0.1408324089208438,0.04105226061024088,0.2712989404976401,0.9264550264550264,0.8095238095238095,0.13093620332502218,0.06402116402116402,0.008994708994708995
3141,student_B,rf_kd,exact_group_balanced,3,Normal,51070,49807,0.00574485876335868,0.0013915911507785897,0.040771059246762276,0.9984540325657036,0.9756861485333387,0.0033412015253304946,0.0011644949505089646,0.00036139498464071316
3141,student_B,rf_kd,exact_group_balanced,4,TDMA,997,988,0.0145544383379055,0.0032163694765186897,0.05353766152388523,0.9989878542510121,0.9493927125506073,0.0037920131146897663,0.0,0.0010121457489878543
3141,student_B,rf_kd,row_weighted,0,Blackhole,1590,1015,0.17307222313109416,0.04903737625653147,0.40492270819835346,0.940251572327044,0.9327044025157233,0.18570732042049418,0.055345911949685536,0.00440251572327044
3141,student_B,rf_kd,row_weighted,1,Flooding,495,474,0.039977339751111056,0.010134199336511027,0.16635594311363125,0.9959595959595959,0.9343434343434344,0.07552011472928513,0.0,0.00404040404040404
3141,student_B,rf_kd,row_weighted,2,Grayhole,2149,1890,0.16233052481510046,0.04775908070743299,0.3051694385540595,0.9185667752442996,0.8227082363890181,0.15303184043195275,0.07119590507212657,0.009771986970684038
3141,student_B,rf_kd,row_weighted,3,Normal,51070,49807,0.005681600702069625,0.0013766353248011133,0.04051214124815597,0.9984922655179166,0.976179753279812,0.003308830453965018,0.0011356961033875074,0.000352457411396123
3141,student_B,rf_kd,row_weighted,4,TDMA,997,988,0.01451189787328691,0.0032064643050789977,0.05341040752903743,0.9989969909729187,0.9493480441323972,0.0037584007659512797,0.0,0.0010030090270812437
3141,student_B,scratch,exact_group_balanced,0,Blackhole,1590,1015,0.2598791452856875,0.056259659606771546,0.41788487468918784,0.9566502463054187,0.8083743842364532,0.18513672347496452,0.033497536945812804,0.009852216748768473
3141,student_B,scratch,exact_group_balanced,1,Flooding,495,474,0.575475986740987,0.03738120942438946,0.2979009227682575,0.9957805907172996,0.9229957805907173,0.0879013567050877,0.0,0.004219409282700422
3141,student_B,scratch,exact_group_balanced,2,Grayhole,2149,1890,0.23105383808899546,0.06250320495026508,0.4104398964739142,0.8804232804232804,0.7783068783068783,0.18330713922378045,0.10793650793650794,0.01164021164021164
3141,student_B,scratch,exact_group_balanced,3,Normal,51070,49807,0.16314575355610994,0.03894419783426944,0.3804849780285908,0.9967474451382335,0.8899451884273295,0.11129402482033582,0.0029112373762724113,0.00030116248720059427
3141,student_B,scratch,exact_group_balanced,4,TDMA,997,988,1.3388204052781616,0.031099644599827326,0.1975377403961915,0.9989878542510121,0.5865384615384616,0.014353939483942398,0.0,0.0010121457489878543
3141,student_B,scratch,row_weighted,0,Blackhole,1590,1015,0.2899327644206961,0.07146724022396617,0.5237691565983054,0.959748427672956,0.8751572327044025,0.24799743276255673,0.033962264150943396,0.006289308176100629
3141,student_B,scratch,row_weighted,1,Flooding,495,474,0.5661616433565312,0.03689073399527465,0.29304077601253703,0.9959595959595959,0.9222222222222223,0.08509136318297694,0.0,0.00404040404040404
3141,student_B,scratch,row_weighted,2,Grayhole,2149,1890,0.2562126232919064,0.07056315141522652,0.44931426915979955,0.855746859004188,0.793392275476966,0.2085269719185632,0.13168915774778966,0.012563983248022336
3141,student_B,scratch,row_weighted,3,Normal,51070,49807,0.16262908989950534,0.03885231789848056,0.3792642335435003,0.9966712355590366,0.8880458194634815,0.1110385205677316,0.002995887996867045,0.00029371450949676914
3141,student_B,scratch,row_weighted,4,TDMA,997,988,1.3323499310394933,0.03115100637208655,0.1978890575422953,0.9989969909729187,0.5857572718154463,0.014230097570314494,0.0,0.0010030090270812437
5678,student_A,rf_kd,exact_group_balanced,0,Blackhole,1590,1015,0.16749109674408794,0.046512524193605055,0.38024866922732903,0.8738916256157635,0.8733990147783252,0.27198681025375465,0.11428571428571428,0.011822660098522168
5678,student_A,rf_kd,exact_group_balanced,1,Flooding,495,474,0.06104653196755175,0.014953918354372086,0.20955460668833745,0.9936708860759493,0.9240506329113924,0.08291912243701921,0.0,0.006329113924050633
5678,student_A,rf_kd,exact_group_balanced,2,Grayhole,2149,1890,0.2031836877767679,0.05954353638120466,0.36393021036916023,0.8428571428571429,0.7724867724867724,0.23510341756476552,0.1492063492063492,0.007936507936507936
5678,student_A,rf_kd,exact_group_balanced,3,Normal,51070,49807,0.005713500711824015,0.0013787282087540616,0.04160590942669998,0.9980725600819162,0.9834862569518341,0.0035432995537602583,0.0015660449334430903,0.00036139498464071316
5678,student_A,rf_kd,exact_group_balanced,4,TDMA,997,988,0.018408238461094115,0.004536450548421492,0.06983208139574651,1.0,0.9331983805668016,0.004394919857902915,0.0,0.0
5678,student_A,rf_kd,row_weighted,0,Blackhole,1590,1015,0.248377711553203,0.07058612120621682,0.5187032782693475,0.8704402515723271,0.9072327044025157,0.39261266025836977,0.1220125786163522,0.007547169811320755
5678,student_A,rf_kd,row_weighted,1,Flooding,495,474,0.060597309690281584,0.01493517325443449,0.20710791422929825,0.9939393939393939,0.9222222222222223,0.07995686697864518,0.0,0.006060606060606061
5678,student_A,rf_kd,row_weighted,2,Grayhole,2149,1890,0.23257304586859173,0.06849155307059643,0.4066982330103145,0.8259655653792461,0.7805956258724989,0.27032539594276245,0.16519311307584922,0.008841321544904607
5678,student_A,rf_kd,row_weighted,3,Normal,51070,49807,0.005657844771315896,0.0013656185996010553,0.04137471456773349,0.9980614842373213,0.983816330526728,0.0035016658110618515,0.0015860583512825534,0.000352457411396123
5678,student_A,rf_kd,row_weighted,4,TDMA,997,988,0.018416798808989138,0.004546276614519898,0.06983888346544778,1.0,0.9317953861584755,0.004355376084288134,0.0,0.0
5678,student_A,scratch,exact_group_balanced,0,Blackhole,1590,1015,0.26006822688382997,0.060251522953477146,0.44195226158246836,0.9320197044334976,0.7950738916256158,0.22488024581473376,0.05517241379310345,0.012807881773399015
5678,student_A,scratch,exact_group_balanced,1,Flooding,495,474,0.40058062434380604,0.03759971321456711,0.31077060984515403,0.9936708860759493,0.9261603375527426,0.08751089348678232,0.0,0.006329113924050633
5678,student_A,scratch,exact_group_balanced,2,Grayhole,2149,1890,0.2861327343947674,0.08342617455304155,0.5435189778098555,0.8693121693121693,0.7452380952380953,0.1971529067661851,0.12116402116402117,0.009523809523809525
5678,student_A,scratch,exact_group_balanced,3,Normal,51070,49807,0.1537646372078693,0.03748060884724623,0.3823437118020614,0.9959644226715121,0.8956271206858474,0.11641056728883768,0.003774569839580782,0.0002610074889071817
5678,student_A,scratch,exact_group_balanced,4,TDMA,997,988,1.4893121209128575,0.03121857961312135,0.19875340587156284,0.9989878542510121,0.555161943319838,0.01570764029319928,0.0,0.0010121457489878543
5678,student_A,scratch,row_weighted,0,Blackhole,1590,1015,0.30490672686693354,0.07813441995168258,0.5611569243588712,0.9408805031446541,0.8556603773584905,0.31076265348304355,0.0509433962264151,0.008176100628930818
5678,student_A,scratch,row_weighted,1,Flooding,495,474,0.395345284127174,0.03727817573110431,0.3066515886197039,0.9939393939393939,0.9242424242424242,0.08441530161881637,0.0,0.006060606060606061
5678,student_A,scratch,row_weighted,2,Grayhole,2149,1890,0.30753996444605747,0.08990148386327088,0.5715318236388061,0.8515588645881805,0.7545369939506748,0.2246505405444542,0.137738483015356,0.010702652396463471
5678,student_A,scratch,row_weighted,3,Normal,51070,49807,0.15362724744721698,0.03751750808005962,0.3820099917787479,0.9958879968670452,0.8929018993538281,0.11614783343010308,0.003857450558057568,0.0002545525748971999
5678,student_A,scratch,row_weighted,4,TDMA,997,988,1.479911057268654,0.03122984486516769,0.19882565549231088,0.9989969909729187,0.5546639919759278,0.015572361576126426,0.0,0.0010030090270812437
5678,student_B,rf_kd,exact_group_balanced,0,Blackhole,1590,1015,0.14497047443598934,0.04036146710140646,0.3416869987114173,0.8935960591133005,0.8837438423645321,0.20443082290202577,0.09556650246305419,0.01083743842364532
5678,student_B,rf_kd,exact_group_balanced,1,Flooding,495,474,0.04054162342170674,0.009792130162931118,0.16885017494306376,0.9936708860759493,0.9345991561181435,0.07869024969348284,0.0,0.006329113924050633
5678,student_B,rf_kd,exact_group_balanced,2,Grayhole,2149,1890,0.1857063140036056,0.054310724683173155,0.3305508027403822,0.8592592592592593,0.771957671957672,0.1564878945797811,0.13333333333333333,0.007407407407407408
5678,student_B,rf_kd,exact_group_balanced,3,Normal,51070,49807,0.004257183030562033,0.001004440057338343,0.03510985579302731,0.9983134900716767,0.9880338105085631,0.0034131908532217922,0.00140542494026944,0.000281084988053888
5678,student_B,rf_kd,exact_group_balanced,4,TDMA,997,988,0.012942529469286,0.003095501954883612,0.05565914789014745,0.9989878542510121,0.9402834008097166,0.0035099219753783693,0.0,0.0010121457489878543
5678,student_B,rf_kd,row_weighted,0,Blackhole,1590,1015,0.20748722922209434,0.05923678506874242,0.45805336392902474,0.8962264150943396,0.9147798742138364,0.2660613313764214,0.09685534591194969,0.006918238993710692
5678,student_B,rf_kd,row_weighted,1,Flooding,495,474,0.040123853963854886,0.00971899770371822,0.16682766086994857,0.9939393939393939,0.9323232323232323,0.07594266736365506,0.0,0.006060606060606061
5678,student_B,rf_kd,row_weighted,2,Grayhole,2149,1890,0.21299914445950485,0.06260323838509836,0.3712051882572203,0.8445788738948348,0.7801302931596091,0.18419301902565524,0.1470451372731503,0.00837598883201489
5678,student_B,rf_kd,row_weighted,3,Normal,51070,49807,0.004211751676532602,0.0009942423756272771,0.03489293179347515,0.9983356177795183,0.9882514196201292,0.003401971750257832,0.0013902486782847072,0.00027413354219698455
5678,student_B,rf_kd,row_weighted,4,TDMA,997,988,0.012888778788635097,0.003085002874379702,0.05556540547834165,0.9989969909729187,0.9408224674022067,0.0034783983520342457,0.0,0.0010030090270812437
5678,student_B,scratch,exact_group_balanced,0,Blackhole,1590,1015,0.24682229383914203,0.05657725948807436,0.42013335206821734,0.9448275862068966,0.7852216748768472,0.21737061725235776,0.04433497536945813,0.01083743842364532
5678,student_B,scratch,exact_group_balanced,1,Flooding,495,474,0.6024826751874398,0.038969474852861175,0.31652526805252285,0.9936708860759493,0.9261603375527426,0.0869183127696995,0.0,0.006329113924050633
5678,student_B,scratch,exact_group_balanced,2,Grayhole,2149,1890,0.24729811816190758,0.06694360433959946,0.4296721398380193,0.8677248677248677,0.7494708994708995,0.19562094070738031,0.12328042328042328,0.008994708994708995
5678,student_B,scratch,exact_group_balanced,3,Normal,51070,49807,0.21317606711388215,0.041867547159097844,0.379553367452763,0.9965466701467666,0.896811693135503,0.10615144818115603,0.0031120123677394742,0.00032123998634730057
5678,student_B,scratch,exact_group_balanced,4,TDMA,997,988,1.1525340979776837,0.030601459569891385,0.1922820529798256,0.9989878542510121,0.6477732793522267,0.013411582548315353,0.0,0.0010121457489878543
5678,student_B,scratch,row_weighted,0,Blackhole,1590,1015,0.2935680345517127,0.07514400808450085,0.5403779511440754,0.949685534591195,0.8493710691823899,0.31269559873078634,0.04213836477987421,0.008176100628930818
5678,student_B,scratch,row_weighted,1,Flooding,495,474,0.5924897948425277,0.038497738305179705,0.3118131157842358,0.9939393939393939,0.9242424242424242,0.08381129514821004,0.0,0.006060606060606061
5678,student_B,scratch,row_weighted,2,Grayhole,2149,1890,0.2719307944506213,0.07492044326096867,0.46732919049129457,0.8510935318752908,0.7601209865053513,0.22572308875541539,0.13913448115402513,0.009771986970684038
5678,student_B,scratch,row_weighted,3,Normal,51070,49807,0.2124752553502203,0.04186229826020105,0.37907797276737654,0.9964754258860388,0.8948012531819072,0.10588488713991193,0.0031916976698648913,0.00031329547679655374
5678,student_B,scratch,row_weighted,4,TDMA,997,988,1.1445960848091736,0.030511163028495856,0.19205638105624032,0.9989969909729187,0.6469408224674023,0.013292051207191213,0.0,0.0010030090270812437
8192,student_A,rf_kd,exact_group_balanced,0,Blackhole,1590,1015,0.15466433379273112,0.04310380459472973,0.3619708826910665,0.8492610837438423,0.8152709359605911,0.28619869898387273,0.1399014778325123,0.01083743842364532
8192,student_A,rf_kd,exact_group_balanced,1,Flooding,495,474,0.04779625507322976,0.012264610701325665,0.1897715528961959,0.9957805907172996,0.930379746835443,0.07379609860153666,0.0,0.004219409282700422
8192,student_A,rf_kd,exact_group_balanced,2,Grayhole,2149,1890,0.1868623708897171,0.055399023298163236,0.3415292806172368,0.8492063492063492,0.8063492063492064,0.2362341155965407,0.1402116402116402,0.010582010582010581
8192,student_A,rf_kd,exact_group_balanced,3,Normal,51070,49807,0.004534746087568625,0.001083168285997455,0.038969471604844964,0.9980524825827695,0.9966771738912201,0.003397490690128155,0.0015861224325897966,0.00036139498464071316
8192,student_A,rf_kd,exact_group_balanced,4,TDMA,997,988,0.02399320165339564,0.005402045527855151,0.08070668963704367,0.9989878542510121,0.923582995951417,0.004113087318870965,0.0,0.0010121457489878543
8192,student_A,rf_kd,row_weighted,0,Blackhole,1590,1015,0.23674310633118012,0.06766248177783371,0.4977635231044986,0.8471698113207548,0.7213836477987421,0.4160091964728214,0.1459119496855346,0.006918238993710692
8192,student_A,rf_kd,row_weighted,1,Flooding,495,474,0.04710845811893301,0.012124449037264413,0.18759061853330422,0.9959595959595959,0.9303030303030303,0.07139156826253552,0.0,0.00404040404040404
8192,student_A,rf_kd,row_weighted,2,Grayhole,2149,1890,0.21445252473476104,0.06390917029415023,0.3814909937574004,0.8366682177757097,0.7854816193578409,0.2726055015554118,0.15169846440204746,0.011633317822242903
8192,student_A,rf_kd,row_weighted,3,Normal,51070,49807,0.004505656117377616,0.0010767087611030718,0.03880269814909784,0.9980419032700215,0.9967397689445858,0.0033708903106446295,0.0016056393185823379,0.000352457411396123
8192,student_A,rf_kd,row_weighted,4,TDMA,997,988,0.024121292510467417,0.005425721725006334,0.08073094144631875,0.9989969909729187,0.9232698094282848,0.004076866008313094,0.0,0.0010030090270812437
8192,student_A,scratch,exact_group_balanced,0,Blackhole,1590,1015,0.30684789169421134,0.06543250593011928,0.46693855026318454,0.8975369458128079,0.6054187192118227,0.2424431610397068,0.08768472906403942,0.014778325123152709
8192,student_A,scratch,exact_group_balanced,1,Flooding,495,474,0.5061537267015218,0.03721112897881649,0.31112211330428996,0.9957805907172996,0.9272151898734177,0.0792863649087406,0.0,0.004219409282700422
8192,student_A,scratch,exact_group_balanced,2,Grayhole,2149,1890,0.28555416921236043,0.08321307149304656,0.556943710685313,0.8492063492063492,0.6412698412698413,0.21213784079739062,0.13703703703703704,0.013756613756613757
8192,student_A,scratch,exact_group_balanced,3,Normal,51070,49807,0.1741536519109284,0.0402489666881154,0.40586574103072526,0.9917079928524103,0.9774128134599555,0.13264360968739455,0.007990844660389101,0.00030116248720059427
8192,student_A,scratch,exact_group_balanced,4,TDMA,997,988,1.4870596574040993,0.03245527551360903,0.2066907359384948,0.9969635627530364,0.5713562753036437,0.01663304110870814,0.0010121457489878543,0.0010121457489878543
8192,student_A,scratch,row_weighted,0,Blackhole,1590,1015,0.3374154816945169,0.08251722322517879,0.5762544811359288,0.889308176100629,0.5858490566037736,0.3552775583467835,0.1,0.010691823899371069
8192,student_A,scratch,row_weighted,1,Flooding,495,474,0.49795870867572184,0.03671340580018495,0.30649615627704424,0.9959595959595959,0.9272727272727272,0.07667654452129659,0.0,0.00404040404040404
8192,student_A,scratch,row_weighted,2,Grayhole,2149,1890,0.3081480703396453,0.09018035414310226,0.5859786853201497,0.8329455560725919,0.6314564913913449,0.24258899346870713,0.1521637971149372,0.014890646812470917
8192,student_A,scratch,row_weighted,3,Normal,51070,49807,0.173117622914708,0.04008930849113897,0.4050491517450052,0.9916976698648913,0.9754454670060702,0.13219383542249846,0.008008615625611904,0.00029371450949676914
8192,student_A,scratch,row_weighted,4,TDMA,997,988,1.4795176833778252,0.032403729595741754,0.2065745786783788,0.9969909729187563,0.5707121364092277,0.016484813952367346,0.0010030090270812437,0.0010030090270812437
8192,student_B,rf_kd,exact_group_balanced,0,Blackhole,1590,1015,0.12917942891544043,0.03571411808061477,0.3083676419062518,0.9044334975369458,0.8325123152709359,0.1673473716039951,0.08571428571428572,0.009852216748768473
8192,student_B,rf_kd,exact_group_balanced,1,Flooding,495,474,0.032670413119001304,0.008157699743020006,0.1600840940371995,0.9957805907172996,0.9251054852320675,0.07346799624365734,0.0,0.004219409282700422
8192,student_B,rf_kd,exact_group_balanced,2,Grayhole,2149,1890,0.15579826106095093,0.04596386845751342,0.2926242617925953,0.8724867724867725,0.814021164021164,0.14362441714636617,0.11693121693121693,0.010582010582010581
8192,student_B,rf_kd,exact_group_balanced,3,Normal,51070,49807,0.0034997690947357525,0.000837835256168855,0.03440070409904786,0.9983737225691168,0.9973096151143414,0.0033265201825337016,0.001325114943682615,0.00030116248720059427
8192,student_B,rf_kd,exact_group_balanced,4,TDMA,997,988,0.01711088852699266,0.0038888073284064134,0.06257842192492818,0.9989878542510121,0.930161943319838,0.003247288609856467,0.0,0.0010121457489878543
8192,student_B,rf_kd,row_weighted,0,Blackhole,1590,1015,0.18907361292247135,0.05400168159777635,0.41918788815273744,0.909433962264151,0.7339622641509433,0.23119621196123785,0.08427672955974842,0.006289308176100629
8192,student_B,rf_kd,row_weighted,1,Flooding,495,474,0.03222049447441163,0.008047622859786375,0.15792313630450858,0.9959595959595959,0.9222222222222223,0.07109988606627206,0.0,0.00404040404040404
8192,student_B,rf_kd,row_weighted,2,Grayhole,2149,1890,0.18001434383035278,0.05336816890267537,0.32927272778045147,0.8520241973010703,0.7922289436947417,0.16529686219524767,0.13634248487668682,0.011633317822242903
8192,student_B,rf_kd,row_weighted,3,Normal,51070,49807,0.0034723639978096743,0.0008317291576650621,0.03423594067879139,0.9983943606814176,0.9973565694145291,0.0033103810365156935,0.0013119248090855688,0.00029371450949676914
8192,student_B,rf_kd,row_weighted,4,TDMA,997,988,0.017205830367447456,0.0039041330103236553,0.06266339111621475,0.9989969909729187,0.9297893681043129,0.003218896627070445,0.0,0.0010030090270812437
8192,student_B,scratch,exact_group_balanced,0,Blackhole,1590,1015,0.2503472555767857,0.053947685441907436,0.4075757657886363,0.954679802955665,0.6108374384236454,0.1789747670430492,0.034482758620689655,0.01083743842364532
8192,student_B,scratch,exact_group_balanced,1,Flooding,495,474,0.46169762453152213,0.037670701553569025,0.30849364842091503,0.9957805907172996,0.9240506329113924,0.07926583174118151,0.0,0.004219409282700422
8192,student_B,scratch,exact_group_balanced,2,Grayhole,2149,1890,0.2115370060980019,0.058751072161334135,0.3984895386466315,0.9074074074074074,0.6304232804232804,0.16400665451917726,0.07883597883597884,0.013756613756613757
8192,student_B,scratch,exact_group_balanced,3,Normal,51070,49807,0.15569139045729702,0.03565640771678274,0.3723127825822659,0.9966269801433534,0.9854136968699179,0.10406365988296552,0.0030517798702993557,0.00030116248720059427
8192,student_B,scratch,exact_group_balanced,4,TDMA,997,988,1.4300128362800353,0.03293401032230108,0.20252850461369082,0.9989878542510121,0.5511133603238867,0.013261685378986834,0.0,0.0010121457489878543
8192,student_B,scratch,row_weighted,0,Blackhole,1590,1015,0.26680291327202266,0.06543409827933164,0.4921921524713393,0.9641509433962264,0.5893081761006289,0.220227415854212,0.028930817610062894,0.006918238993710692
8192,student_B,scratch,row_weighted,1,Flooding,495,474,0.45440317661979224,0.03717488659000483,0.30424246300045754,0.9959595959595959,0.9242424242424242,0.07663017761881048,0.0,0.00404040404040404
8192,student_B,scratch,row_weighted,2,Grayhole,2149,1890,0.23337629577328317,0.06567444320024447,0.43210286138085957,0.896696137738483,0.6223825034899954,0.18610046973243002,0.08841321544904607,0.014890646812470917
8192,student_B,scratch,row_weighted,3,Normal,51070,49807,0.1553617762072013,0.03559791330163468,0.37158643140780984,0.9965733307225377,0.9854905032308596,0.10387594474608736,0.003113373800665753,0.00029371450949676914
8192,student_B,scratch,row_weighted,4,TDMA,997,988,1.423001128468024,0.03289953555882811,0.20232727979192305,0.9989969909729187,0.5506519558676028,0.013143021951891026,0.0,0.0010030090270812437
9999,student_A,rf_kd,exact_group_balanced,0,Blackhole,1590,1015,0.15051548461952038,0.04196540894635297,0.3577452691015394,0.8679802955665025,0.7320197044334975,0.2695461173170499,0.12413793103448276,0.007881773399014778
9999,student_A,rf_kd,exact_group_balanced,1,Flooding,495,474,0.04067604775296784,0.009902302481068935,0.17529744804625305,0.9936708860759493,0.9915611814345991,0.08149093492959941,0.002109704641350211,0.004219409282700422
9999,student_A,rf_kd,exact_group_balanced,2,Grayhole,2149,1890,0.1867146465681412,0.05527235431944085,0.3355429395851804,0.8343915343915344,0.8335978835978836,0.24419084360373497,0.1523809523809524,0.013227513227513227
9999,student_A,rf_kd,exact_group_balanced,3,Normal,51070,49807,0.005592915145485321,0.0013284949107689411,0.04100925475991388,0.9981528700785031,0.9772521934667818,0.0033408514839894615,0.0015660449334430903,0.0002610074889071817
9999,student_A,rf_kd,exact_group_balanced,4,TDMA,997,988,0.013638286537590158,0.003256035915333509,0.06541598738563449,0.9989878542510121,0.972165991902834,0.00434952665621181,0.0,0.0010121457489878543
9999,student_A,rf_kd,row_weighted,0,Blackhole,1590,1015,0.22820088374145506,0.06511074909631827,0.48803013582374244,0.8584905660377359,0.6688679245283019,0.39504395215925686,0.13647798742138365,0.005031446540880503
9999,student_A,rf_kd,row_weighted,1,Flooding,495,474,0.04021073205830421,0.009817251702305765,0.17363344045430998,0.9939393939393939,0.9919191919191919,0.07841785637678494,0.00202020202020202,0.00404040404040404
9999,student_A,rf_kd,row_weighted,2,Grayhole,2149,1890,0.21436053493620577,0.0636990352282599,0.37644623812232997,0.8143322475570033,0.8106095858538855,0.28168624372720025,0.17170777105630525,0.013959981386691484
9999,student_A,rf_kd,row_weighted,3,Normal,51070,49807,0.005526263672934848,0.0013129968058825689,0.040722321544720656,0.9981398081065205,0.9777462306637948,0.00331121744662686,0.0015860583512825534,0.0002545525748971999
9999,student_A,rf_kd,row_weighted,4,TDMA,997,988,0.013670663012431444,0.0032715928625767646,0.06545970230701487,0.9989969909729187,0.9724172517552658,0.004311532483749199,0.0,0.0010030090270812437
9999,student_A,scratch,exact_group_balanced,0,Blackhole,1590,1015,0.22912069197190574,0.05801270240154132,0.44170499731041535,0.9261083743842364,0.6103448275862069,0.2296841797125936,0.06305418719211822,0.01083743842364532
9999,student_A,scratch,exact_group_balanced,1,Flooding,495,474,0.44491639032522873,0.0370025582150569,0.3190829065092799,0.9957805907172996,0.9926160337552743,0.08747400155349573,0.0,0.004219409282700422
9999,student_A,scratch,exact_group_balanced,2,Grayhole,2149,1890,0.2519319113692509,0.07310267258044459,0.4843003825207551,0.8296296296296296,0.78994708994709,0.2022221997014577,0.15608465608465608,0.014285714285714285
9999,student_A,scratch,exact_group_balanced,3,Normal,51070,49807,0.16336348530427233,0.04283150395579399,0.4173414561440107,0.9966872126407934,0.9026843616359146,0.11503866707067943,0.0030317023711526492,0.000281084988053888
9999,student_A,scratch,exact_group_balanced,4,TDMA,997,988,1.0513375183205105,0.04262909870688635,0.2737415925262988,0.9989878542510121,0.5576923076923077,0.015144672824926191,0.0,0.0010121457489878543
9999,student_A,scratch,row_weighted,0,Blackhole,1590,1015,0.27855443262957436,0.0752703461752855,0.5483599253706003,0.9238993710691824,0.590566037735849,0.32622495371641724,0.06792452830188679,0.008176100628930818
9999,student_A,scratch,row_weighted,1,Flooding,495,474,0.43677533555436276,0.03644462748150581,0.3143029662242604,0.9959595959595959,0.9929292929292929,0.08439220890259368,0.0,0.00404040404040404
9999,student_A,scratch,row_weighted,2,Grayhole,2149,1890,0.276378185647208,0.0805964519420297,0.5185694502964323,0.7975802698929735,0.7694276407631456,0.22827333099059433,0.18706375058166588,0.015355979525360632
9999,student_A,scratch,row_weighted,3,Normal,51070,49807,0.1630306560660857,0.04276013241720913,0.41636067399437954,0.9966516545917369,0.8998629332289015,0.11468308811231487,0.0030742118660661835,0.00027413354219698455
9999,student_A,scratch,row_weighted,4,TDMA,997,988,1.0459264867786795,0.0426396429220581,0.2743303034533592,0.9989969909729187,0.5571715145436309,0.015038890945398247,0.0,0.0010030090270812437
9999,student_B,rf_kd,exact_group_balanced,0,Blackhole,1590,1015,0.127877595961887,0.035248137822566965,0.3123227005704416,0.9073891625615763,0.7364532019704434,0.1907769820634726,0.08275862068965517,0.009852216748768473
9999,student_B,rf_kd,exact_group_balanced,1,Flooding,495,474,0.036793515805971184,0.009098962384096304,0.17002358702658416,0.9957805907172996,0.989451476793249,0.07875685946176071,0.0,0.004219409282700422
9999,student_B,rf_kd,exact_group_balanced,2,Grayhole,2149,1890,0.1878136046633878,0.0551407635408605,0.3252981834865018,0.825925925925926,0.8338624338624339,0.17199910265723556,0.16296296296296298,0.011111111111111112
9999,student_B,rf_kd,exact_group_balanced,3,Normal,51070,49807,0.004858462726383665,0.0011579673205910567,0.038204626782448736,0.9982331800750899,0.980444515831108,0.0034031773579801332,0.0014255024394161464,0.00034131748549400687
9999,student_B,rf_kd,exact_group_balanced,4,TDMA,997,988,0.008612447174953672,0.0020055002281636294,0.04987850977902006,0.9989878542510121,0.9741902834008097,0.0037440309443888546,0.0,0.0010121457489878543
9999,student_B,rf_kd,row_weighted,0,Blackhole,1590,1015,0.1890332007296553,0.05386044373355984,0.4226406880510983,0.8987421383647799,0.6723270440251572,0.26633591557749137,0.0949685534591195,0.006289308176100629
9999,student_B,rf_kd,row_weighted,1,Flooding,495,474,0.03638176594182785,0.009017750644993123,0.16866415150408787,0.9959595959595959,0.98989898989899,0.0758751949281987,0.0,0.00404040404040404
9999,student_B,rf_kd,row_weighted,2,Grayhole,2149,1890,0.21396888568745254,0.06314754073862693,0.3646345892484887,0.8078175895765473,0.8108422522103303,0.20081356443518217,0.18008375988832015,0.01209865053513262
9999,student_B,rf_kd,row_weighted,3,Normal,51070,49807,0.00480652520272565,0.0011453475192650287,0.037978991096237855,0.9982572939103191,0.9808498139808106,0.0033873363737216716,0.001409829645584492,0.00033287644409633833
9999,student_B,rf_kd,row_weighted,4,TDMA,997,988,0.008602445714355289,0.0020066287934950404,0.049826517260915026,0.9989969909729187,0.9744232698094283,0.00371097272381048,0.0,0.0010030090270812437
9999,student_B,scratch,exact_group_balanced,0,Blackhole,1590,1015,0.2848183568363436,0.05964344842966074,0.4253576896376169,0.9448275862068966,0.6118226600985222,0.21306518990391993,0.04532019704433497,0.009852216748768473
9999,student_B,scratch,exact_group_balanced,1,Flooding,495,474,0.6537181030990656,0.039853252312746314,0.32203334409663426,0.9957805907172996,0.9926160337552743,0.08684347011935051,0.0,0.004219409282700422
9999,student_B,scratch,exact_group_balanced,2,Grayhole,2149,1890,0.23375611960992643,0.062448594474520704,0.4124004944306364,0.8645502645502645,0.8214285714285714,0.1875475723723266,0.12063492063492064,0.014814814814814815
9999,student_B,scratch,exact_group_balanced,3,Normal,51070,49807,0.20106643036576827,0.04548288714518395,0.4123903060012826,0.9966269801433534,0.901529905434979,0.1220054813580541,0.0030718573694460617,0.00030116248720059427
9999,student_B,scratch,exact_group_balanced,4,TDMA,997,988,1.9236631208277195,0.04811153681120399,0.28521326342936437,0.9989878542510121,0.5774291497975709,0.01581795647073643,0.0,0.0010121457489878543
9999,student_B,scratch,row_weighted,0,Blackhole,1590,1015,0.30134235689099154,0.07289294708522397,0.5178671870028654,0.9566037735849057,0.5915094339622642,0.29763949319942395,0.03710691823899371,0.006289308176100629
9999,student_B,scratch,row_weighted,1,Flooding,495,474,0.6451010567549388,0.03932740950963721,0.3166529171932107,0.9959595959595959,0.9929292929292929,0.08374694691290684,0.0,0.00404040404040404
9999,student_B,scratch,row_weighted,2,Grayhole,2149,1890,0.2567327365312746,0.07003756595912633,0.4485461501024023,0.8520241973010703,0.7992089343880875,0.2144438816943431,0.1326198231735691,0.015355979525360632
9999,student_B,scratch,row_weighted,3,Normal,51070,49807,0.20027511747436633,0.04537905452177177,0.4111917996992459,0.9965929116898374,0.8987761895437635,0.12173542179349411,0.003113373800665753,0.00029371450949676914
9999,student_B,scratch,row_weighted,4,TDMA,997,988,1.913411830414093,0.0480838066153327,0.2847227165824851,0.9989969909729187,0.5767301905717152,0.015677530753280117,0.0,0.0010030090270812437
