seed,student,route,weighting,kl_teacher_to_student_T4,js_T4,l1_T4,hard_agreement_T1,top2_overlap_T1,margin_abs_error_T1,teacher_correct_student_wrong_rate,teacher_wrong_student_correct_rate,macro_class_hard_agreement_T1,macro_class_kl_T4
42,student_A,rf_kd,exact_group_balanced,0.015551189729500089,0.00422701350955173,0.05996666164731327,0.9899767416103666,0.967715140104109,0.016563309479648528,0.00917414257762026,0.0008491158120131428,0.9423162659722436,0.08112878099918666
42,student_A,rf_kd,row_weighted,0.02044545358575835,0.005674577523370605,0.06864790606584212,0.9877444450365003,0.9624962256443047,0.02350862121991763,0.01143851796593311,0.0008170369975666506,0.9387506275828775,0.10051677146934654
42,student_A,scratch,exact_group_balanced,0.20160314834559348,0.03967498971505664,0.37242326122480496,0.9840329309262746,0.8935836379074833,0.11787651254851424,0.0150441171041459,0.000904492930187913,0.9549002844870047,0.4851540983929601
42,student_A,scratch,row_weighted,0.2027499530838792,0.040620306265637854,0.376709252194834,0.9828066997033801,0.8870979201079909,0.12256836345366873,0.016216408234312002,0.0009591303884478073,0.9540399420684904,0.4950957709417244
42,student_B,rf_kd,exact_group_balanced,0.013377078048835565,0.003653769151415401,0.054463366165424805,0.990770480304205,0.9755879204046222,0.01346059791402316,0.008288108686823937,0.000922951969579503,0.9465928578350425,0.07188829919516752
42,student_B,rf_kd,row_weighted,0.017837616692716374,0.004974490054346075,0.06258836345007646,0.9886325287295075,0.9701692687518871,0.018522279721137607,0.01039057920818458,0.0009591303884478073,0.9428477211557255,0.08927633551980535
42,student_B,scratch,exact_group_balanced,0.2190381977639723,0.04113143263242615,0.3727458770902659,0.9915088418798685,0.8920330785985897,0.11911167446940105,0.007457451914202385,0.0010337062059290435,0.9607547756749781,0.5140318435157727
42,student_B,scratch,row_weighted,0.2201551599154422,0.04205724761926984,0.376923413631079,0.9895738974440952,0.885135255146445,0.12325002514709832,0.00930711710271576,0.0011189854531891085,0.9559161307194829,0.5166811915589766
123,student_A,rf_kd,exact_group_balanced,0.016810975907085603,0.00457997689812858,0.06258929169608045,0.9898475283346254,0.9683888950419021,0.017697402913125073,0.00932181489275298,0.0008121977332299627,0.9412412996733815,0.09015851000312955
123,student_A,rf_kd,row_weighted,0.022456995462554877,0.0062480436868669765,0.07222086052483297,0.9871583097991155,0.9688904282339568,0.02616007325106115,0.011953606507877303,0.0008703220191470844,0.9355113672710014,0.11282725856388376
123,student_A,scratch,exact_group_balanced,0.21344369096723112,0.04704950993687426,0.42026211908654065,0.9887215269317384,0.8796286041274413,0.11105223994868578,0.010355521098682024,0.000922951969579503,0.9512915611071933,0.46359008152357895
123,student_A,scratch,row_weighted,0.21597629575607336,0.04821569000506351,0.42564220270048914,0.9864478428447097,0.8786167208397719,0.11625211160080869,0.012557503419122219,0.0009946537361680964,0.945669191321039,0.4729908739153208
123,student_B,rf_kd,exact_group_balanced,0.013083949295642256,0.0035366839197366598,0.05329601129436804,0.992837892716063,0.9756709860818843,0.012302153914187505,0.006276073393140621,0.0008860338907963229,0.9567922198129061,0.0720851458309159
123,student_B,rf_kd,row_weighted,0.01751057649571132,0.004848960620131488,0.06130728009352588,0.9910125930267668,0.9760039786149447,0.016939726342984684,0.008046038258645494,0.0009413687145876627,0.9546366349347073,0.08901177124029418
123,student_B,scratch,exact_group_balanced,0.19681884171214112,0.03959805122272736,0.3759029104685917,0.9908443164617713,0.8809945730424189,0.09800719183130466,0.008177354450474397,0.0009598700483626833,0.9537988511423684,0.5378664239389936
123,student_B,scratch,row_weighted,0.1990317270388996,0.04078663881446147,0.3817470466938779,0.988810145468109,0.8801708673025346,0.10328644864773193,0.010141915774142555,0.0010301770838883856,0.9504901685520339,0.5462066700669429
456,student_A,rf_kd,exact_group_balanced,0.012653985816456177,0.0034594910440374355,0.055387179690529344,0.9899398235315834,0.9870140657880164,0.018888930864203707,0.00921106065640344,0.0008491158120131428,0.9429139936741583,0.0679004012270385
456,student_A,rf_kd,row_weighted,0.016906596810866675,0.004686213465438484,0.06349980166302596,0.9864656045185698,0.9852045256744996,0.028216374811573044,0.012610788440702651,0.0009236070407275182,0.9315014596067599,0.08537624400186312
456,student_A,scratch,exact_group_balanced,0.21903971876905468,0.04315350930690473,0.4088787717383319,0.9881677557499907,0.9707977996825046,0.11009602305565454,0.011020046516779267,0.0007568206150551925,0.9506553652402457,0.5663306854856508
456,student_A,scratch,row_weighted,0.21885379902703228,0.043664557086570625,0.41126839286003936,0.9859327543027655,0.9691035683202786,0.11534420652604413,0.013179162004227278,0.0008347986714267952,0.9455324955699089,0.5737184040251173
456,student_B,rf_kd,exact_group_balanced,0.009807963301508758,0.002689296757961977,0.04794422300405919,0.9936316314099014,0.98856462509691,0.013213794782374536,0.005648466053826559,0.0007199025362720124,0.9645618779520981,0.05235954311796359
456,student_B,rf_kd,row_weighted,0.012951780066372503,0.0036062530496377325,0.05457501686701571,0.9923624802401378,0.9867409104634021,0.018317801158580393,0.006873767783875952,0.000763751975986217,0.9638932661464613,0.0645657387323405
456,student_B,scratch,exact_group_balanced,0.20497321377635006,0.03610070670319992,0.3565554813109101,0.9924871709676228,0.9756709860818843,0.11569129173285517,0.0067375493779303726,0.0007568206150551925,0.9659721146787804,0.5835077014227306
456,student_B,scratch,row_weighted,0.2044682014142402,0.03656770989100915,0.35905640136221645,0.991279018134669,0.9741656453704197,0.11890116216169325,0.007903944867764337,0.000799275323706506,0.9652192260709178,0.5802798719726969
789,student_A,rf_kd,exact_group_balanced,0.019561645889385318,0.005312324607787126,0.06611896729415044,0.9890907077195703,0.9503267249972311,0.019181845289333522,0.009949422232067044,0.0009598700483626833,0.9380936592481468,0.09332219664617479
789,student_A,rf_kd,row_weighted,0.025417418721807992,0.007043453523721669,0.07597935433089509,0.9854176657608213,0.9512264435800429,0.028820713070588855,0.013569918829150459,0.001012415410028241,0.9250438646400012,0.11769249124905856
789,student_A,scratch,exact_group_balanced,0.32935514794575343,0.05682013875162557,0.4360705364833458,0.986986377228929,0.8323919223243622,0.1254190787822748,0.01199837560453354,0.0010152471665374535,0.9519837604978283,0.5242376930332073
789,student_A,scratch,row_weighted,0.3293447162672074,0.057809748342503395,0.44159884629090085,0.9848670538711568,0.8342480595371308,0.13090154176084803,0.014013960675654073,0.0011189854531891085,0.9474817501915302,0.5370967733500548
789,student_B,rf_kd,exact_group_balanced,0.01770812675787361,0.004795918347938253,0.06202742700059497,0.990862775501163,0.9531971056226234,0.014441148646982182,0.008177354450474397,0.0009598700483626833,0.9430577724492408,0.08205304982473557
789,student_B,rf_kd,row_weighted,0.022590566756559207,0.006249999032801181,0.07062177291484893,0.9883838652954654,0.9541127155823165,0.020187137632794384,0.010603719294506314,0.001012415410028241,0.9383344422033625,0.1011906557672269
789,student_B,scratch,exact_group_balanced,0.2146844942952614,0.045253464911569605,0.3911459462113328,0.9910658249344704,0.8249160113707683,0.11111560435458859,0.007900468859600546,0.0010152471665374535,0.9599417722747743,0.5076878671718014
789,student_B,scratch,row_weighted,0.2163667041346927,0.04614422337115854,0.39527394649502146,0.989431804053214,0.8255981243672403,0.11462003492139203,0.009466972167457061,0.0010834621054688193,0.9570299879048457,0.5105548660394559
1001,student_A,rf_kd,exact_group_balanced,0.018424011105522036,0.004950896216740877,0.0669341817830281,0.9900690368073245,0.9603315243474729,0.017511555560972947,0.008915716026138,0.0009967881271458633,0.9417928706311809,0.09160108984859039
1001,student_A,rf_kd,row_weighted,0.02378972532398706,0.006528330493024774,0.07615349758396757,0.98770892168878,0.9605424415196888,0.02508516860787441,0.01124313955347152,0.0010301770838883856,0.9377560974542725,0.1129979554243197
1001,student_A,scratch,exact_group_balanced,0.186293937461526,0.04276445760251323,0.3976717375953352,0.9896813969801012,0.8826281980285746,0.11407328707018137,0.009414110089710931,0.0008675748514047329,0.9521612613110497,0.37384695519452027
1001,student_A,scratch,row_weighted,0.1899492058139406,0.043945595334941696,0.40261278761970476,0.9881884868830039,0.8810589509955418,0.11967442856249329,0.010870144402408483,0.0009058453668673736,0.952101669359499,0.3869498121369137
1001,student_B,rf_kd,exact_group_balanced,0.01338072626114706,0.00356078600103843,0.054541761062954976,0.9932255325432865,0.9683242884040315,0.011656472524256589,0.00586997452652564,0.0008860338907963229,0.959931942513861,0.06934165069425272
1001,student_B,rf_kd,row_weighted,0.017413447891375194,0.004748948460767711,0.062027215734777735,0.9913323031562494,0.9682865313227118,0.015555537510001544,0.007726328129162892,0.0009236070407275182,0.9567177439527965,0.08463351262968014
1001,student_B,scratch,exact_group_balanced,0.21343149862844432,0.043702820266944734,0.39424973484454084,0.991305792446561,0.8774688965186251,0.10338214501329566,0.007678960386901466,0.0009783290877542733,0.9608812768586812,0.5110361280100293
1001,student_B,scratch,row_weighted,0.21494279065511082,0.044612728442899284,0.39832487883703205,0.9899824159428785,0.876041278130051,0.1072145417761669,0.008951883625512868,0.0010301770838883856,0.9599742289851163,0.515333961210447
2024,student_A,rf_kd,exact_group_balanced,0.015891388481035124,0.0043251208140111675,0.060672892661230014,0.9899029054528002,0.965823088566471,0.017371419907210632,0.00913722449883708,0.0009598700483626833,0.9381805341217395,0.08109375567878659
2024,student_A,rf_kd,row_weighted,0.02106315805410756,0.005855976383340102,0.06962380497201512,0.9871938331468357,0.9607733432798707,0.025395089818213815,0.011758228095415713,0.0010479387577485301,0.9331711676859447,0.10244836698515274
2024,student_A,scratch,exact_group_balanced,0.18293743998755982,0.03890606184181492,0.3728715331778122,0.9887030678923469,0.8748846310038025,0.1046152398694378,0.010337062059290435,0.0009598700483626833,0.9517856723800312,0.5781308267094406
2024,student_A,scratch,row_weighted,0.18571831063255131,0.04007232164770264,0.37799561378356755,0.986856361343493,0.8683948775332587,0.1097101928480451,0.012131223246478749,0.001012415410028241,0.948529402654956,0.5860435462481681
2024,student_B,rf_kd,exact_group_balanced,0.012686039780795286,0.0034535756402940643,0.05207059698972373,0.9931332373463285,0.9700317495477535,0.013009920950236746,0.00599918780226677,0.0008675748514047329,0.9596076475963912,0.06405763849614897
2024,student_B,rf_kd,row_weighted,0.016698857386350595,0.004652238556146096,0.05952086531803842,0.9917585833288929,0.9648318857569137,0.01754455248666184,0.007317809630379567,0.0009236070407275182,0.9596831276967718,0.07984915243674935
2024,student_B,scratch,exact_group_balanced,0.16826470099336718,0.03819438294672056,0.3843677419720855,0.9927271384797135,0.8746169749326245,0.1216514766074279,0.006312991471923801,0.0009414110089710931,0.9682784704199163,0.45577399955495307
2024,student_B,scratch,row_weighted,0.17100187471504208,0.03922687954385141,0.38884513996871145,0.9910481163744871,0.8691142253245946,0.12650251093479942,0.007921706541624482,0.001012415410028241,0.9644367459139802,0.4622300044404618
3141,student_A,rf_kd,exact_group_balanced,0.0170243669343624,0.004607233632290668,0.06198704756190722,0.9903274633588068,0.9648170709196293,0.015131009433870123,0.00882342082918005,0.0007937386938383726,0.946630943262201,0.08824986785491776
3141,student_A,rf_kd,row_weighted,0.02199812945967977,0.006082766488690785,0.07071803353856622,0.9884726736647662,0.9655956377328999,0.021261244803479528,0.010710289337667182,0.000763751975986217,0.9438070468535715,0.107088634982766
3141,student_A,scratch,exact_group_balanced,0.1602849537871507,0.04117441989522242,0.40812780916446445,0.9884446413408646,0.8760660095248644,0.11705796634032048,0.010521652453206335,0.0009967881271458633,0.9479138448641156,0.3494134434949584
3141,student_A,scratch,row_weighted,0.16439132180598062,0.04250606867314324,0.41404860925307263,0.9858972309550452,0.8752775261540647,0.12340084142945593,0.012983783591765687,0.0010834621054688193,0.9414456635513412,0.36228786710052735
3141,student_B,rf_kd,exact_group_balanced,0.013277988843811095,0.0035317909923711123,0.05542344510081659,0.9946284195370473,0.9675490087495847,0.011333461393312384,0.004504005611547975,0.0008306567726215528,0.9697483086795817,0.06659704566989766
3141,student_B,rf_kd,row_weighted,0.016846052926542218,0.004602435699356816,0.06224023820498888,0.9937834141489494,0.9682510079749915,0.014817705159686244,0.0053107404841832295,0.0008703220191470844,0.970453440004355,0.07911471725453245
3141,student_B,scratch,exact_group_balanced,0.19237641326009514,0.03993379509580467,0.3781716723468609,0.9919703178646583,0.879277882379001,0.11321727575912517,0.007069812086978993,0.000922951969579503,0.9657178833670489,0.5136750257899884
3141,student_B,scratch,row_weighted,0.19405809024278092,0.04083017115332696,0.38204906316012416,0.9902843643985009,0.8790163585016252,0.11668505458504622,0.008703220191470844,0.0009768920623079518,0.961424621833739,0.5214572104016264
5678,student_A,rf_kd,exact_group_balanced,0.01634947315685273,0.004429947616055899,0.061180068070815656,0.9903274633588068,0.972625244582272,0.017361447139473924,0.00878650275039687,0.0008860338907963229,0.9416984429261545,0.09116861113226515
5678,student_A,rf_kd,row_weighted,0.021882797572361962,0.006058293293082605,0.07076050465391613,0.9878865384273814,0.9724338821690556,0.025362505777396453,0.011189854531891086,0.0009236070407275182,0.9376813390256575,0.11312454213847627
5678,student_A,scratch,exact_group_balanced,0.18689096236398295,0.039397010951365774,0.3851090800265776,0.9903828404769816,0.8825543618710082,0.11917031934816699,0.008731125632222099,0.0008860338907963229,0.957991007348828,0.5179716687486261
5678,student_A,scratch,row_weighted,0.18938590515589723,0.04055061200531887,0.3903968560729586,0.9888634304896894,0.8808546917461502,0.12372547028891401,0.010195200795722989,0.0009413687145876627,0.9562527499024384,0.5282660560312072
5678,student_B,rf_kd,exact_group_balanced,0.013699771640271913,0.003716582314830546,0.05270602372712372,0.9914719238010854,0.9772030863513863,0.01318025591785995,0.007734337505076236,0.0007937386938383726,0.9487655097542396,0.07768362487222993
5678,student_B,rf_kd,row_weighted,0.018391244102085275,0.005104411243161915,0.06120646571636779,0.9895561357702349,0.976900943144882,0.01835964895050351,0.009609065558338218,0.0008347986714267952,0.946415458336201,0.09554215162212434
5678,student_B,scratch,exact_group_balanced,0.23553473849364384,0.04278716773859663,0.3780953578241191,0.9911027430132536,0.8852955292206593,0.10949698855202687,0.007992764056558497,0.0008860338907963229,0.9603515728810985,0.4924626504560111
5678,student_B,scratch,row_weighted,0.2368822665307749,0.043833441458786156,0.3830985443622859,0.9896271824656756,0.8842471714534378,0.11446590419538862,0.009395925472016483,0.0009591303884478073,0.9580381754529673,0.5030119928008512
8192,student_A,rf_kd,exact_group_balanced,0.014441927609240294,0.003942011388706828,0.05765742208355889,0.9900690368073245,0.9847251449034592,0.0174481496244966,0.00897109314431277,0.0009598700483626833,0.9382576721002545,0.08357018149932846
8192,student_A,rf_kd,row_weighted,0.01979985236563934,0.005529612551316948,0.06689522471343667,0.9876201133194792,0.9790145823342392,0.025911416761677956,0.011367471270492532,0.001012415410028241,0.9353673038598,0.10538620756254384
8192,student_A,scratch,exact_group_balanced,0.20737532282239393,0.04205099992282825,0.4078193143213197,0.9851035552109868,0.950871266659283,0.1348915674833791,0.013788902425517776,0.0010890833241038137,0.9462390882683808,0.5519538193846243
8192,student_A,scratch,row_weighted,0.20890191137689368,0.04303370463938605,0.41240907713319525,0.9828777463988206,0.9437221363741319,0.1401705917978577,0.015914459778689542,0.0011900321486296868,0.941380394183293,0.5592315134004835
8192,student_B,rf_kd,exact_group_balanced,0.01167128450435538,0.003185300940657576,0.05015609373167182,0.992210285376749,0.9859711300623916,0.01190652107435624,0.006903680732454683,0.0008860338907963229,0.9540124875122293,0.06765175214342423
8192,student_B,rf_kd,row_weighted,0.015948470834398615,0.004456462064992726,0.05795976409020295,0.9902843643985009,0.9802312569936591,0.01652350361362686,0.008774266886911422,0.0009413687145876627,0.9509618214358306,0.08439732911849859
8192,student_B,scratch,exact_group_balanced,0.1853310785010313,0.03677280320805332,0.3702318740410964,0.9927640565584966,0.9575534389190387,0.10568548054012188,0.006202237235574261,0.0010152471665374535,0.9706965270949475,0.5018572225887284
8192,student_B,scratch,row_weighted,0.18656382480116676,0.03755461595407097,0.3737129702966469,0.991882915045914,0.9522033356423509,0.10845405107641458,0.007015861174757109,0.0010834621054688193,0.9704753997579525,0.5065890580680646
9999,student_A,rf_kd,exact_group_balanced,0.015080763784986032,0.0040820068783057615,0.05883925022505288,0.9899767416103666,0.9676782220253258,0.017433304331300904,0.0091003064200539,0.000904492930187913,0.9386366880727003,0.07942747612474098
9999,student_A,rf_kd,row_weighted,0.020235172446241758,0.0056054312058707615,0.06777591373507573,0.9871583097991155,0.9626738423829062,0.025677748769915493,0.01186479813857658,0.0009591303884478073,0.9327798013227143,0.10039381548426626
9999,student_A,scratch,exact_group_balanced,0.18634337070373394,0.044117333476523364,0.41665533636985314,0.9895706427437516,0.8877690404991324,0.11816528046887348,0.009414110089710931,0.0010152471665374535,0.9494387323245942,0.42813399945823355
9999,student_A,scratch,row_weighted,0.18866106059483176,0.04506480174038886,0.42057734199647,0.9870339780820945,0.8808990959308005,0.12296211954109441,0.011847036464716435,0.0011189854531891085,0.9426175764972815,0.44013301933518206
9999,student_B,rf_kd,exact_group_balanced,0.013894084801362165,0.00376494487603459,0.05472274710994543,0.9905120537527227,0.9707239635249382,0.01346123323814832,0.008546535238306199,0.0009414110089710931,0.9452633427061807,0.07319112526651668
9999,student_B,rf_kd,row_weighted,0.01833780535202045,0.005085157703574014,0.06266942495310512,0.9881707252091437,0.96561339940676,0.018992056724400647,0.010834621054688194,0.0009946537361680964,0.9399547217568323,0.09055856465520333
9999,student_B,scratch,exact_group_balanced,0.23915248901181774,0.04633877401924979,0.4095236362430683,0.991084283973862,0.888193598405139,0.12375392319870115,0.007882009820208957,0.0010337062059290435,0.9601546551737652,0.6594044261477647
9999,student_B,scratch,row_weighted,0.23953215512503898,0.04709197798336282,0.41255948308180107,0.9899824159428785,0.8814230653096747,0.12802969616569654,0.008934121951652723,0.0010834621054688193,0.9600354939016655,0.6633726196131329
