row_id,timing_row_id,original_full_test_row_id,source_row_index,true_label,fixed_pred,fp32_pred,fixed_logit_0,fixed_logit_1,fixed_logit_2,fixed_logit_3,fixed_logit_4
0,0,35274,235285,0,0,0,4982,-15267,-5423,-7222,-5608
1,1,35846,239070,1,1,1,-13363,3004,-8959,-1425,-6493
2,2,17899,120040,2,2,2,-154,-15201,687,-7582,-15565
3,3,8233,54621,3,3,3,-11585,-11688,-5520,7053,-197
4,4,43594,290001,4,4,4,-11866,-10883,-4922,-2569,6711
5,5,51782,344606,0,0,0,-1354,-16968,-2277,-8949,-9767
6,6,52225,347272,1,1,1,-12732,2809,-11098,-1,-8239
7,7,25116,168153,2,2,2,-14356,-12929,4041,-2631,-10399
8,8,15248,102179,3,3,3,-9153,-9961,-2998,9226,-9608
9,9,11926,79551,4,4,4,-11585,-10804,-4666,-2435,7278
10,10,30969,207277,0,0,0,1520,-17518,-1896,-6531,-6142
11,11,44063,293074,1,1,1,-16193,3827,-5960,-1694,-10106
12,12,24492,164153,2,2,2,-10885,-13404,7877,-2792,-14618
13,13,32087,214385,3,3,3,-11554,-12279,-5468,6744,23
14,14,13221,88329,4,4,4,-12199,-10194,-5659,-3073,6668
15,15,39936,266449,0,0,0,1021,-16355,-4824,-5116,-3526
16,16,35887,239379,1,1,1,-14864,3768,-6427,-1053,-9809
17,17,19352,129996,2,2,2,-14306,-17936,4315,-2791,-895
18,18,36044,240361,3,3,3,-9945,-9822,-2911,9197,-9200
19,19,9980,66571,4,4,4,-10456,-11351,-5260,-2379,6971
20,20,35076,233987,0,0,0,4832,-14246,-6998,-4115,-6071
21,21,35796,238742,1,1,1,-10054,2836,-6028,-2555,-5364
22,22,24481,164107,2,0,0,2562,-15543,523,-6055,-10949
23,23,52103,346538,3,3,3,-10859,-11194,-5004,7000,-261
24,24,13176,87952,4,4,4,-16501,-16958,-1234,-925,8149
25,25,51730,344325,0,0,0,126,-17522,-1454,-7367,-7423
26,26,44059,293064,1,1,1,-16165,3820,-6458,-1486,-10095
27,27,17840,119690,2,2,2,-1379,-17137,-1248,-8008,-9180
28,28,10753,71895,3,3,3,-11604,-11744,-5323,7133,-217
29,29,54932,365435,4,4,4,-11934,-11016,-5239,-2512,7108
30,30,51785,344653,0,0,0,-1495,-15936,-3337,-9014,-9343
31,31,44680,297308,1,1,1,-16359,4038,-6367,-1617,-10635
32,32,19959,134432,2,2,2,-14789,-13822,6979,-3720,-13520
33,33,10305,68703,3,3,3,-9584,-10564,-4208,8299,-3319
34,34,15083,101052,4,4,4,-12165,-14236,-4147,-674,7428
35,35,34404,229481,0,0,0,4176,-13456,-7073,-5427,-3893
36,36,44070,293119,1,1,1,-15674,4029,-6665,-1598,-10240
37,37,22708,152434,2,2,2,-319,-16943,1094,-7759,-8963
38,38,30143,201423,3,3,3,-11006,-10834,-4477,7540,-1769
39,39,47158,314148,4,4,4,-10801,-11368,-5331,-2110,7020
40,40,30519,204145,0,0,0,5591,-13223,-7068,-4246,-6126
41,41,52422,348576,1,1,1,-12482,3917,-7039,-264,-7473
42,42,22770,152896,2,2,2,-12407,-13436,6722,-3238,-13718
43,43,12265,81847,3,3,3,-8907,-8336,-2626,9631,-5950
44,44,13770,92260,4,4,4,-12016,-10838,-5167,-2525,6988
45,45,32508,217143,0,0,0,4430,-13342,-7556,-5205,-4084
46,46,1034,6986,1,1,1,-14018,4368,-7201,-579,-9284
47,47,21086,141539,2,2,2,-16226,-13621,6081,-4051,-12887
48,48,33595,224303,3,3,3,-11423,-12079,-5813,6654,705
49,49,9832,65570,4,4,4,-12157,-10652,-5364,-2744,6762
50,50,34357,229177,0,0,0,4925,-15531,-7774,-4357,-3894
51,51,1653,11056,1,1,1,-15262,5010,-8846,-1731,-12378
52,52,21036,141256,2,2,2,-12055,-15529,3307,-6379,-11456
53,53,49358,328600,3,3,3,-11540,-11327,-4170,7569,-2083
54,54,42643,283970,4,4,4,-11220,-10459,-4661,-2648,7570
55,55,50961,339368,0,0,0,1071,-15000,-1049,-6970,-12235
56,56,4140,27752,1,1,1,-16551,4648,-7595,-2052,-12038
57,57,21610,145148,2,2,2,-1869,-17191,-1631,-9161,-8845
58,58,1328,8872,3,3,3,-12273,-12349,-5804,6553,880
59,59,46710,310912,4,4,4,-11360,-10390,-4799,-2570,6922
60,60,51823,344880,0,0,0,-1369,-16795,-3153,-9020,-9877
61,61,44685,297353,1,1,1,-14852,4135,-7977,-1283,-10606
62,62,22821,153202,2,2,2,-11512,-12123,6250,-1659,-12718
63,63,51659,343875,3,3,3,-12516,-12600,-6118,6023,974
64,64,47128,313976,4,4,4,-10775,-10231,-4472,-2716,7617
65,65,50861,338703,0,0,0,-1007,-16959,-3047,-8799,-9790
66,66,4352,29015,1,1,1,-17555,4304,-7047,-1113,-11810
67,67,48955,326038,2,2,2,-1141,-15769,491,-8057,-14753
68,68,43922,292132,3,3,3,-11912,-11361,-5431,6133,172
69,69,42217,281227,4,4,4,-11279,-11096,-4988,-2616,6900
70,70,31102,208167,0,2,2,1271,-15585,2200,-6480,-11090
71,71,4364,29108,1,1,1,-12561,5745,-7867,-2607,-12737
72,72,21157,142015,2,2,2,-13411,-12571,7341,-2694,-13679
73,73,43028,286592,3,3,3,-8968,-9693,-2950,9407,-10079
74,74,45669,303720,4,4,4,-11023,-10853,-5081,-2006,7137
75,75,28654,191775,0,0,0,5334,-13581,-7004,-5617,-4969
76,76,45232,300714,1,1,1,-13839,2146,-10726,-1000,-4970
77,77,41112,273945,2,2,2,-2471,-18187,640,-9081,-7632
78,78,52296,347833,3,3,3,-9473,-10219,-2841,9537,-10592
79,79,15676,105077,4,4,4,-12392,-14466,-3831,-910,7008
80,80,29676,198456,0,0,0,0,-15888,-1909,-7797,-11181
81,81,43786,291242,1,1,1,-14252,4180,-8152,-1832,-12159
82,82,41275,275090,2,2,2,-10393,-14107,5923,-3648,-12202
83,83,11599,77380,3,3,3,-11849,-11849,-5516,7012,159
84,84,12549,83764,4,4,4,-11670,-13204,-6523,-3880,6024
85,85,51741,344369,0,0,0,5484,-13502,-7306,-4402,-5353
86,86,3014,20237,1,1,1,-12773,4194,-8564,812,-9851
87,87,49796,331635,2,0,0,464,-14438,-714,-6781,-13382
88,88,42353,282206,3,3,3,-12995,-11715,-4593,4854,-8033
89,89,46195,307372,4,4,4,-10565,-14091,-6584,-4329,7008
90,90,50968,339470,0,0,0,4220,-13818,-3803,-7392,-6914
91,91,4118,27599,1,1,1,-12981,4816,-7453,405,-11731
92,92,21619,145178,2,2,2,-2293,-17354,-1133,-9193,-8554
93,93,33651,224634,3,3,3,-11473,-11479,-5257,7026,547
94,94,15554,104257,4,4,4,-12497,-12951,-3963,343,7176
95,95,33412,223145,0,0,0,5250,-10959,-6927,-3574,-8602
96,96,44676,297280,1,1,1,-12077,3963,-7134,-1275,-8916
97,97,48925,325835,2,2,2,-15529,-15220,4859,-6270,-13761
98,98,29925,200018,3,3,3,-11608,-12282,-5824,6719,537
99,99,9677,64548,4,4,4,-12304,-11229,-4789,-2449,7240
100,100,30376,203144,0,0,2,1152,-15500,922,-6883,-10912
101,101,44634,296991,1,1,1,-13389,4845,-7754,94,-11655
102,102,19760,132897,2,2,2,-17712,-15627,4954,-467,-2660
103,103,33206,221682,3,3,3,-11364,-10837,-5580,7118,-1469
104,104,10772,72015,4,4,4,-11100,-10304,-4657,-2342,7767
105,105,29482,197464,0,0,0,60,-17402,-1700,-7498,-7767
106,106,3801,25640,1,1,1,-14702,4260,-7295,329,-10450
107,107,19881,133829,2,2,2,-13978,-16788,5722,-4119,-2231
108,108,258,1660,3,3,3,-11002,-12647,-5213,6615,484
109,109,8821,58587,4,4,4,-10729,-13328,-6172,-3506,6087
110,110,33273,222115,0,0,0,4847,-14613,-7566,-4903,-3889
111,111,45211,300605,1,1,1,-15836,4208,-8057,380,-11066
112,112,48961,326067,2,2,2,-13086,-13681,6970,-4743,-18250
113,113,49962,332870,3,3,3,-11527,-11722,-5453,6708,391
114,114,10599,70632,4,4,4,-12491,-12912,-5795,-3172,6732
115,115,33327,222481,0,0,0,1156,-15828,801,-5894,-9110
116,116,45237,300755,1,1,1,-13118,4687,-6805,-1396,-9663
117,117,25165,168500,2,2,2,-12917,-13547,7429,-3925,-14132
118,118,23528,157816,3,3,3,-11581,-10689,-5192,7244,-1606
119,119,46515,309697,4,4,4,-10728,-11472,-5252,-3118,7194
120,120,29858,199543,0,0,0,6233,-13207,-6826,-3743,-7730
121,121,3353,22640,1,1,1,-14047,3559,-8870,-23,-9752
122,122,22793,153052,2,2,2,583,-15888,2434,-6889,-11055
123,123,50079,333608,3,3,3,-11866,-11602,-5410,6818,800
124,124,12597,84027,4,4,4,-11112,-10672,-4786,-2583,7662
125,125,50876,338766,0,0,0,-771,-16284,-2540,-8652,-9591
126,126,3021,20261,1,1,1,-14728,4262,-7856,504,-10425
127,127,21608,145142,2,2,2,-17033,-14993,4494,-5580,-12305
128,128,12059,80390,3,3,3,-8962,-10133,-3730,9148,-4987
129,129,47302,315020,4,4,4,-7953,-13545,-5850,-4517,4400
130,130,33799,225673,0,0,0,5797,-12161,-7168,-3655,-8492
131,131,3338,22540,1,1,1,-12957,3753,-9961,68,-10117
132,132,40423,269768,2,2,2,-14817,-17228,3348,-1234,-1172
133,133,24685,165276,3,3,3,-11565,-11898,-5623,6651,675
134,134,10106,67440,4,4,4,-10194,-12297,-5785,-3239,6866
135,135,26775,179541,0,2,2,-1551,-17137,-701,-7997,-9150
136,136,44559,296486,1,1,1,-9568,4106,-9696,267,-8770
137,137,50239,334614,2,3,3,-13134,-13589,713,1681,-3785
138,138,29797,199117,3,3,3,-11839,-11023,-5550,7120,972
139,139,35330,235651,4,4,4,-11818,-12346,-6430,-2075,7995
140,140,35184,234733,0,0,0,1952,-15999,-1598,-6373,-7020
141,141,2467,16582,1,1,1,-15577,4006,-7320,-1304,-10616
142,142,22745,152726,2,2,2,-352,-16667,2125,-7458,-10126
143,143,43497,289439,3,3,3,-9164,-9353,-3265,9122,-4596
144,144,41638,277456,4,4,4,-11463,-10500,-4719,-2517,7603
145,145,33002,220239,0,0,0,5320,-14695,-7577,-4415,-4595
146,146,45038,299579,1,1,1,-14863,4257,-7369,-759,-9376
147,147,25146,168353,2,2,2,-13429,-13291,5982,-3592,-13383
148,148,10268,68446,3,3,3,-10837,-11193,-4928,7478,-1380
149,149,11437,76325,4,4,4,-13385,-11533,-5375,-2573,7308
150,150,40063,267172,0,0,0,66,-16248,-1154,-7821,-10322
151,151,44596,296755,1,1,1,-16143,3969,-7889,-226,-10986
152,152,21749,146104,2,0,0,1759,-14333,-104,-6138,-12148
153,153,39850,265908,3,3,3,-10687,-10931,-4817,7806,-954
154,154,36106,240750,4,4,4,-11465,-10665,-4766,-2291,7971
155,155,34309,228860,0,0,0,5123,-15504,-7644,-4415,-4531
156,156,43817,291447,1,1,1,-17895,5096,-7192,-780,-12647
157,157,23899,160291,2,2,2,-15968,-14577,4673,-295,-3173
158,158,13712,91872,3,3,3,-10948,-10665,-4710,7411,-2018
159,159,42800,285038,4,4,4,-11298,-11583,-4909,-2971,6982
160,160,35303,235410,0,0,0,1975,-15815,964,-6394,-10536
161,161,35742,238384,1,1,1,-14215,4259,-8018,252,-10468
162,162,25155,168421,2,0,2,713,-15618,-180,-7287,-11440
163,163,49882,332269,3,3,3,-11680,-11590,-5674,6660,1003
164,164,54805,364663,4,4,4,-11592,-11059,-4631,-2675,7173
165,165,26751,179461,0,0,2,-596,-17489,-896,-7931,-8820
166,166,3792,25568,1,1,1,-13481,4222,-7918,-63,-10131
167,167,25188,168721,2,2,2,-10116,-13379,7687,-3528,-14228
168,168,49971,332925,3,3,3,-12049,-12373,-5798,6344,638
169,169,11917,79451,4,4,4,-11490,-10938,-4560,-2581,7283
170,170,33326,222480,0,0,0,2965,-14135,-1449,-5127,-8908
171,171,52610,349820,1,1,1,-13004,3687,-9120,-921,-8950
172,172,21092,141584,2,2,2,-15411,-12944,5422,-3733,-12583
173,173,11870,79205,3,3,3,-10812,-11187,-4885,7441,-1335
174,174,47536,316590,4,4,4,-14708,-13698,-1292,-3135,6432
175,175,34784,231953,0,0,0,5724,-13969,-7271,-4054,-6057
176,176,4147,27776,1,1,1,-15926,5231,-8226,-2283,-13161
177,177,48924,325830,2,2,2,-1768,-17260,-1186,-8460,-10286
178,178,51007,339726,3,3,3,-12277,-12199,-5760,7603,-69
179,179,10890,72789,4,4,4,-12338,-13330,-6779,-4265,5980
180,180,32515,217179,0,0,0,3202,-15114,-822,-6302,-8727
181,181,4579,30270,1,1,1,-17879,4323,-5692,-2802,-11314
182,182,21597,145081,2,2,2,-762,-16201,-613,-8903,-5555
183,183,23386,156941,3,3,3,-11407,-11079,-5352,7212,-1263
184,184,53856,358293,4,4,4,-10709,-11709,-5412,-3061,7229
185,185,33385,222958,0,0,0,4440,-13111,-7160,-3451,-5327
186,186,43829,291548,1,1,1,-20744,4421,-7214,-6284,-14097
187,187,21268,142715,2,2,2,-16204,-14122,4796,-15,-3648
188,188,23475,157534,3,3,3,-11466,-10762,-5280,7232,-1285
189,189,16633,111461,4,3,3,-11532,-11797,-5439,6790,-222
190,190,50925,339126,0,0,0,236,-15746,-1795,-7695,-11540
191,191,35871,239253,1,1,1,-12016,5088,-6847,-1005,-11254
192,192,20959,140827,2,2,2,-12517,-15981,3602,-2926,-2936
193,193,28267,189151,3,3,3,-9725,-10492,-3336,8635,-9337
194,194,54625,363527,4,4,4,-9707,-10868,-5859,-2571,7015
195,195,32530,217268,0,0,0,1108,-15963,796,-6018,-8970
196,196,45246,300808,1,1,1,-15621,5506,-7803,-2147,-12255
197,197,21654,145428,2,2,2,-1013,-16977,-647,-8437,-9606
198,198,24706,165389,3,3,3,-11749,-11844,-5630,6776,991
199,199,42133,280700,4,4,4,-11262,-10714,-4450,-2602,7252
200,200,31011,207587,0,0,0,4888,-14024,-7202,-5787,-3986
201,201,4366,29110,1,1,1,-17683,4689,-6851,-4660,-12820
202,202,20582,138479,2,2,2,-15087,-15721,4109,-125,-2917
203,203,14565,97469,3,3,3,-8620,-9568,-3322,9377,-6235
204,204,10256,68367,4,4,4,-11259,-9960,-4818,-2397,7445
205,205,26745,179432,0,0,0,399,-16574,-2645,-6767,-7723
206,206,3333,22496,1,1,1,-14544,4613,-7350,-425,-10920
207,207,17889,119993,2,2,2,229,-15441,449,-7348,-14633
208,208,22000,147760,3,3,3,-12674,-12220,-5558,6422,570
209,209,11108,74106,4,4,4,-11633,-11309,-4782,-2644,7173
210,210,33285,222204,0,0,0,5327,-13828,-7066,-5815,-4345
211,211,44007,292751,1,1,1,-14603,4341,-8280,-300,-10901
212,212,48933,325922,2,2,2,-11293,-13827,2912,-5478,-14220
213,213,52257,347516,3,3,3,-9884,-10593,-3284,8359,-9324
214,214,8772,58301,4,4,4,-10848,-11949,-5577,-3141,7100
215,215,32287,215712,0,0,0,5463,-15469,-7757,-4520,-4789
216,216,3317,22395,1,1,1,-12796,4328,-8057,418,-10386
217,217,19493,130907,2,2,2,-11114,-11817,6319,-1525,-12870
218,218,50770,338138,3,3,3,-11149,-11385,-4813,7024,-1242
219,219,54633,363563,4,4,4,-10814,-11248,-5109,-2991,7325
220,220,50939,339235,0,0,0,514,-15275,-1428,-7317,-12073
221,221,44004,292740,1,1,1,-14541,2678,-8608,-1717,-6038
222,222,21638,145276,2,2,2,-1773,-17656,-311,-8803,-8484
223,223,46415,308862,3,3,3,-11572,-11584,-5742,7021,-270
224,224,8628,57356,4,4,4,-10830,-10614,-4708,-2689,7622
225,225,34432,229661,0,0,0,4725,-15158,-7334,-5848,-3934
226,226,2900,19518,1,1,1,-15834,2649,-11337,-1388,-6370
227,227,21636,145263,2,2,2,-1788,-17670,-307,-8815,-8485
228,228,23185,155718,3,3,3,-10785,-11418,-5420,7136,-1126
229,229,12288,82002,4,4,4,-11941,-12534,-6226,-3310,7153
230,230,30868,206597,0,0,0,5105,-15735,-7097,-6166,-4398
231,231,762,5151,1,1,1,-12260,5087,-7387,0,-11747
232,232,21075,141464,2,2,2,-16103,-13317,5250,-3971,-12040
233,233,1336,8935,3,3,3,-11772,-11446,-5511,7070,876
234,234,14627,97928,4,4,4,-16360,-15931,-2055,-1857,8957
235,235,50576,336837,0,0,0,5901,-13452,-6970,-4012,-6713
236,236,3734,25151,1,1,1,-10627,1591,-11522,449,-5531
237,237,21014,141115,2,2,2,-17702,-15105,4347,-5613,-12109
238,238,54233,360819,3,3,3,-11751,-11270,-5115,7345,-734
239,239,53359,354862,4,4,4,-10311,-11539,-5284,-3274,7144
240,240,26136,175370,0,0,0,4985,-13317,-7307,-5440,-4408
241,241,4289,28648,1,1,1,-16709,3338,-6696,-1243,-9353
242,242,48886,325602,2,2,2,-1410,-17276,-397,-8086,-9309
243,243,19225,129176,3,3,3,-11343,-11688,-5101,7320,-1704
244,244,42406,282534,4,4,4,-10493,-11192,-5133,-2447,7104
245,245,51716,344245,0,0,0,5198,-14783,-6487,-5780,-5229
246,246,3713,25031,1,1,1,-14853,4141,-8598,845,-10581
247,247,22828,153257,2,2,2,1282,-15473,2155,-6295,-11049
248,248,54456,362266,3,3,3,-12047,-12296,-5780,6616,778
249,249,36491,243423,4,4,4,-10825,-10100,-4572,-2486,7636
250,250,50863,338708,0,0,0,-635,-16423,-3128,-8579,-9437
251,251,44672,297250,1,1,1,-15488,4253,-5656,-2397,-10370
252,252,23476,157537,2,2,2,-16563,-17086,4636,-1481,-479
253,253,15492,103789,3,3,3,-11530,-11735,-5620,6875,770
254,254,16828,112743,4,3,3,-11494,-11661,-5639,6647,816
255,255,29759,198857,0,0,0,1015,-14462,-448,-6428,-12478
256,256,3350,22624,1,1,1,-12523,3903,-10801,-137,-10152
257,257,41179,274393,2,2,2,-1705,-17980,1589,-8472,-8301
258,258,17296,115922,3,3,3,-14863,-13288,-8372,4004,-3285
259,259,9742,64941,4,4,4,-11604,-12617,-6082,-3130,7113
260,260,39462,263254,0,0,0,5174,-11119,-7615,-3943,-7642
261,261,3257,21996,1,1,1,-12496,2181,-10478,-487,-4929
262,262,21660,145521,2,0,0,-224,-16332,-1642,-8101,-10806
263,263,16741,112206,3,3,3,-11416,-11846,-5520,6829,560
264,264,42310,281937,4,4,4,-16260,-15948,-1149,1090,6561
265,265,34354,229173,0,0,0,4754,-14849,-7743,-4212,-3813
266,266,3376,22803,1,1,1,-14009,3021,-10102,-1397,-6489
267,267,41315,275438,2,0,0,1779,-15812,1242,-6275,-10632
268,268,22314,149832,3,3,3,-11922,-12315,-5795,6600,666
269,269,47519,316473,4,4,4,-15282,-14863,-1627,-1071,6220
270,270,33248,221995,0,0,0,4973,-15293,-7889,-4531,-3775
271,271,45231,300713,1,1,1,-7936,3064,-8008,-2514,-4473
272,272,24279,162755,2,2,2,-16698,-18438,4866,-2026,-1209
273,273,47873,318820,3,3,3,-11708,-12053,-5784,6682,810
274,274,13769,92259,4,4,4,-10566,-14478,-6107,-4093,6918
275,275,26111,175110,0,0,0,5075,-14865,-7050,-5974,-4519
276,276,3811,25718,1,1,1,-12915,3691,-7678,-844,-9279
277,277,48896,325701,2,2,2,-2167,-16973,-507,-8186,-9742
278,278,24355,163305,3,3,3,-11057,-10738,-5162,7390,-2152
279,279,13810,92524,4,4,4,-12249,-10902,-5286,-2613,6863
280,280,28649,191752,0,0,0,5404,-13962,-6800,-5896,-5132
281,281,45041,299591,1,1,1,-18040,4384,-6249,-2239,-11809
282,282,19476,130805,2,2,2,-9228,-13635,6913,-3722,-13521
283,283,32752,218690,3,3,3,-11604,-11735,-5558,6715,922
284,284,8757,58227,4,4,4,-11116,-10618,-5058,-2268,7248
285,285,33368,222777,0,0,0,2439,-15553,517,-6126,-10704
286,286,3406,23011,1,1,1,-11709,4212,-11679,-348,-10162
287,287,17818,119521,2,0,0,173,-16912,-2412,-7354,-8041
288,288,44968,299099,3,3,3,-9904,-9666,-4800,7752,-557
289,289,16698,111884,4,3,3,-11487,-11869,-5633,6704,711
290,290,29862,199556,0,0,0,5052,-14372,-5826,-5649,-6046
291,291,45452,302173,1,1,1,-16815,5668,-6799,-3043,-13771
292,292,22748,152736,2,2,2,-13494,-12558,5352,-2389,-11919
293,293,9067,60271,3,3,3,-8608,-8542,-2505,9478,-6280
294,294,15003,100373,4,4,4,-12509,-13192,-4114,-185,7499
295,295,39681,264755,0,0,0,5760,-13561,-7086,-4077,-6291
296,296,44049,292995,1,1,1,-14468,3990,-7746,-688,-10474
297,297,22709,152436,2,2,2,-13810,-14457,6516,-4572,-12985
298,298,49560,329947,3,3,3,-12553,-11931,-5817,6838,460
299,299,46227,307584,4,4,4,-12380,-10577,-5557,-2823,6815
300,300,25505,171076,0,0,0,5350,-13136,-7120,-3978,-5852
301,301,3706,24991,1,1,1,-15390,4284,-8316,536,-10938
302,302,41046,273583,2,2,2,-12420,-17238,3003,-1792,-2555
303,303,48732,324571,3,3,3,-11502,-12161,-5886,6511,260
304,304,41534,276802,4,4,4,-10970,-10360,-4572,-2632,7642
305,305,28221,188871,0,0,0,4355,-13030,-7405,-4499,-4342
306,306,35882,239340,1,1,1,-12687,3671,-7725,-308,-9222
307,307,19920,134171,2,0,0,54,-16348,-1919,-7830,-10010
308,308,39805,265598,3,3,3,-11929,-11953,-5506,6639,-114
309,309,41367,275740,4,4,4,-10330,-10976,-4990,-2471,7104
310,310,25566,171482,0,0,0,5719,-13181,-6877,-4470,-6112
311,311,3041,20399,1,1,1,-14027,3530,-7650,-659,-9142
312,312,20211,136078,2,2,2,-14165,-13988,4530,-714,-4289
313,313,50151,334019,3,3,3,-11697,-11467,-5549,6486,840
314,314,35349,235732,4,4,4,-11465,-10665,-4766,-2291,7971
315,315,51867,345147,0,0,0,-756,-16232,-2292,-8224,-10979
316,316,44042,292983,1,1,1,-13017,3960,-7942,-620,-9850
317,317,21626,145200,2,2,2,-11850,-16043,3659,-5976,-10165
318,318,2783,18662,3,3,3,-11364,-11484,-5699,6223,623
319,319,12912,86162,4,4,4,-10720,-11464,-5279,-2830,6597
320,320,50948,339256,0,0,0,657,-15201,-1357,-7224,-12110
321,321,3810,25714,1,1,1,-11564,4082,-11486,-260,-9509
322,322,24490,164149,2,2,2,-10086,-13423,7220,-2128,-12424
323,323,36914,246039,3,3,3,-11323,-11614,-5237,7162,-607
324,324,15419,103363,4,4,4,-12272,-11722,-5045,-1689,7431
325,325,39969,266637,0,0,0,685,-18128,-1084,-7224,-6121
326,326,3750,25277,1,1,1,-15311,4242,-7919,-345,-10693
327,327,24432,163731,2,2,2,-17022,-16580,5298,-2685,-1177
328,328,27959,187066,3,3,3,-12117,-12223,-5825,6457,610
329,329,14251,95409,4,4,4,-11159,-12367,-5426,-3037,6873
330,330,30381,203168,0,0,0,3392,-14481,22,-6331,-10160
331,331,44018,292836,1,1,1,-15237,3835,-6401,-1362,-10178
332,332,21135,141836,2,2,2,-10963,-13285,5434,-4110,-13266
333,333,6995,46465,3,3,3,-11646,-11790,-5172,7265,-454
334,334,14805,99019,4,4,4,-12448,-14847,-3907,-1011,4973
335,335,35316,235548,0,0,0,4989,-13909,-5200,-5699,-5932
336,336,44666,297194,1,1,1,-15086,4501,-7816,-265,-10601
337,337,24394,163491,2,2,2,-13800,-16038,5120,-164,-6575
338,338,48041,319946,3,3,3,-12840,-12766,-6216,5991,1725
339,339,38123,254146,4,4,4,-11943,-11150,-4730,-2570,7197
340,340,34483,229996,0,0,0,4716,-15289,-7667,-4454,-3730
341,341,35862,239182,1,1,1,-14112,4175,-7505,-773,-10741
342,342,19982,134598,2,2,2,-10490,-13088,5908,-3622,-13516
343,343,37951,252912,3,3,3,-12040,-12327,-5996,6754,735
344,344,10493,69866,4,4,4,-12153,-11079,-4785,-2588,7127
345,345,28198,188715,0,0,0,376,-16047,-3910,-5380,-4071
346,346,52200,347125,1,1,1,-12033,3840,-7654,-172,-7187
347,347,19469,130752,2,0,0,1467,-14906,41,-6650,-11942
348,348,28007,187355,3,3,3,-12238,-12280,-5920,6400,875
349,349,46161,307139,4,4,4,-12201,-10500,-5200,-2715,6986
350,350,29248,195908,0,0,0,4581,-11874,-6832,-3788,-6133
351,351,44068,293110,1,1,1,-15335,4525,-5690,-2432,-10797
352,352,21069,141433,2,2,2,-14859,-14469,5799,-5352,-12851
353,353,17653,118290,3,3,3,-12276,-12395,-5753,6527,646
354,354,13142,87787,4,4,4,-10632,-10676,-6274,-3121,6385
355,355,33126,221043,0,0,0,5021,-13939,-7738,-4781,-4278
356,356,3046,20425,1,1,1,-13284,3754,-9592,-435,-8759
357,357,25185,168686,2,2,2,-12082,-12500,7577,-2756,-14117
358,358,30006,200612,3,3,3,-12176,-12512,-5939,6355,765
359,359,38019,253401,4,4,4,-11613,-12048,-4917,-2153,8256
360,360,50884,338822,0,0,0,-713,-16991,-1983,-8499,-9796
361,361,4340,28921,1,1,1,-12586,4515,-8031,-433,-11525
362,362,48916,325777,2,2,2,-15868,-14973,3736,-5740,-12117
363,363,1009,6865,3,3,3,-9073,-9177,-4913,7555,-621
364,364,42261,281535,4,4,4,-10711,-10495,-4955,-2595,6595
365,365,31016,207632,0,0,0,1876,-16639,-1906,-5845,-6818
366,366,45139,300206,1,1,1,-15318,3116,-8592,-854,-5975
367,367,24307,162904,2,2,2,-14499,-16736,4471,-2027,-1192
368,368,36892,245931,3,3,3,-11491,-11651,-5432,7113,-319
369,369,47002,312852,4,4,4,-15092,-16521,-660,-3790,5014
370,370,50888,338837,0,0,2,-1065,-16871,-1422,-8602,-9761
371,371,4584,30303,1,1,1,-18689,5161,-5777,-3389,-12977
372,372,19984,134609,2,2,2,-12569,-12704,6968,-3277,-13871
373,373,30363,202999,3,3,3,-10199,-10595,-3508,8298,-4862
374,374,9372,62442,4,4,4,-10807,-9849,-4638,-2418,7507
375,375,29571,198017,0,0,0,-1504,-16639,-3303,-9113,-9891
376,376,45238,300757,1,1,1,-16348,4345,-6848,-1739,-10397
377,377,21697,145753,2,0,0,605,-15599,-851,-7402,-11539
378,378,56138,373350,3,3,3,-11756,-12273,-5840,6602,646
379,379,38173,254434,4,4,4,-13055,-13029,-3939,-2135,8653
380,380,25876,173499,0,0,0,6108,-13798,-7204,-3753,-7075
381,381,4142,27766,1,1,1,-20323,4000,-5273,-3749,-12233
382,382,22633,151963,2,2,2,-14996,-15625,5424,-5051,-9706
383,383,39793,265489,3,3,3,-12306,-12248,-5728,6302,325
384,384,14534,97245,4,4,4,-11850,-13587,-5329,-3178,8347
385,385,34464,229841,0,0,0,4563,-15555,-7581,-4357,-3629
386,386,43823,291487,1,1,1,-25210,2516,-6784,-6428,-13695
387,387,17855,119789,2,2,2,-1133,-16802,-1084,-8069,-10788
388,388,23487,157594,3,3,3,-11404,-10863,-4675,7451,-2015
389,389,42303,281891,4,4,4,-16618,-15451,-1863,1694,7450
390,390,35252,235138,0,0,0,5136,-13477,-7432,-5105,-4321
391,391,44024,292864,1,1,1,-12951,4891,-7889,95,-11231
392,392,49816,331814,2,2,2,-11962,-11471,6390,-3007,-15971
393,393,35989,240000,3,3,3,-10616,-9994,-2805,10309,-7236
394,394,9195,61168,4,4,4,-13231,-13225,-6008,-3227,6839
395,395,31083,208035,0,0,0,1844,-15503,-291,-5863,-8658
396,396,35883,239348,1,1,1,-14097,3509,-7227,-626,-9175
397,397,49769,331442,2,0,0,-170,-14994,-1147,-7189,-12483
398,398,5699,37836,3,3,3,-11453,-11817,-5655,6691,852
399,399,8289,55139,4,4,4,-10612,-11186,-5057,-2908,7420
400,400,30079,201052,0,0,0,5402,-13859,-7382,-4323,-5197
401,401,1654,11063,1,1,1,-16899,5481,-6734,-2982,-13285
402,402,19371,130092,2,2,2,-15825,-17867,5474,-3755,-1223
403,403,11604,77401,3,3,3,-12692,-12579,-6006,6090,1143
404,404,47521,316477,4,4,4,-15078,-14716,-2235,-2253,6682
405,405,26752,179463,0,0,0,2402,-14991,-3589,-6887,-3933
406,406,3760,25362,1,1,1,-14480,4486,-7243,-371,-10486
407,407,49709,330977,2,0,0,-1537,-16469,-2702,-8667,-10578
408,408,31613,211434,3,3,3,-11419,-11886,-5709,6662,744
409,409,14042,94026,4,4,4,-11935,-10739,-4668,-1435,8191
410,410,26758,179491,0,2,2,-789,-17444,-742,-8097,-8949
411,411,45248,300816,1,1,1,-12718,5773,-8342,-2357,-12421
412,412,21681,145653,2,2,2,-10722,-14405,5210,-5070,-12715
413,413,40438,269860,3,3,3,-11949,-12184,-5773,6546,851
414,414,46977,312709,4,4,4,-16056,-15291,-1961,-2983,7878
415,415,40073,267245,0,0,0,419,-15674,-1350,-7552,-11538
416,416,35888,239384,1,1,1,-13811,3946,-8041,-811,-10159
417,417,41100,273873,2,2,2,-13806,-16049,4282,-1900,-2750
418,418,18753,125937,3,3,3,-11673,-12021,-5510,6710,464
419,419,16050,107454,4,3,3,-8821,-9752,-3052,9483,-11165
420,420,31081,208028,0,0,0,3148,-13994,-3144,-4554,-7201
421,421,1451,9695,1,1,1,-15473,4387,-8936,-1349,-11842
422,422,22765,152865,2,2,2,-12511,-12984,6257,-2680,-12432
423,423,22635,151983,3,3,3,-7660,-10267,-2853,8888,-6512
424,424,10236,68275,4,4,4,-11190,-10525,-4697,-2684,7506
425,425,50839,338566,0,0,0,3311,-15397,-4806,-7303,-3543
426,426,45453,302176,1,1,1,-16454,5031,-6861,-2655,-12116
427,427,20830,140005,2,2,2,-12689,-15577,2851,-40,-4342
428,428,21552,144768,3,3,3,-9249,-9897,-3421,8908,-4519
429,429,13080,87351,4,4,4,-11382,-10519,-5439,-2846,6754
430,430,51773,344552,0,0,0,2292,-14960,-4061,-7743,-4262
431,431,3759,25357,1,1,1,-13767,1801,-8607,-1491,-4149
432,432,21068,141425,2,0,0,-449,-16252,-2557,-8318,-10786
433,433,41916,279284,3,3,3,-11549,-11686,-5506,7049,-253
434,434,47736,317853,4,3,3,-11723,-11329,-5346,6964,752
435,435,40061,267158,0,0,0,66,-16248,-1154,-7821,-10322
436,436,1452,9702,1,1,1,-12706,4541,-7173,-1971,-10281
437,437,19886,133874,2,2,2,-12828,-17541,4219,-3415,-2191
438,438,17578,117811,3,3,3,-16142,-15010,-1154,4217,-550
439,439,10065,67148,4,4,4,-10306,-11672,-5381,-2957,7055
440,440,29730,198714,0,0,0,596,-14913,-1079,-7019,-12555
441,441,4564,30158,1,1,1,-14622,3995,-8475,-1916,-12047
442,442,19975,134551,2,0,0,1231,-15064,-842,-6666,-11008
443,443,12461,83189,3,3,3,-11880,-11967,-5602,6858,140
444,444,45989,305945,4,4,4,-10294,-10514,-5492,-2794,6584
445,445,26762,179512,0,2,2,-884,-17387,-640,-8007,-8822
446,446,3401,22992,1,1,1,-12913,3805,-8741,-298,-9471
447,447,41220,274754,2,2,2,-380,-17010,1599,-7667,-8789
448,448,54244,360915,3,3,3,-12070,-11407,-4221,7512,-1121
449,449,8443,56086,4,4,4,-11104,-9846,-4769,-2422,7400
450,450,32368,216308,0,0,0,1336,-18049,-2835,-5889,-5014
451,451,44683,297338,1,1,1,-16408,4433,-6238,-1980,-11263
452,452,21738,146018,2,0,0,1524,-14469,-654,-6480,-12759
453,453,39048,260328,3,3,3,-11965,-12190,-5636,6604,391
454,454,47304,315048,4,4,4,-10172,-9725,-4695,-2620,6706
455,455,30823,206275,0,0,0,4533,-16652,-6666,-6129,-4843
456,456,3399,22975,1,1,1,-13163,3900,-10449,604,-8477
457,457,22725,152542,2,2,2,-14821,-13431,5931,-3483,-13321
458,458,11122,74264,3,3,3,-9335,-9672,-3455,8904,-4271
459,459,8282,55079,4,4,4,-8133,-12781,-6659,-3529,4235
460,460,50618,337077,0,0,0,5410,-13814,-7289,-4029,-5408
461,461,44053,293026,1,1,1,-13306,5154,-7232,-132,-11656
462,462,18311,122884,2,2,2,-15002,-14516,4561,92,-4027
463,463,23324,156601,3,3,3,-10424,-10995,-5100,7266,-1530
464,464,9597,63985,4,4,4,-11652,-11098,-4665,-2617,7201
465,465,28601,191347,0,0,0,5713,-13299,-7431,-3499,-7700
466,466,45243,300784,1,1,1,-12628,5077,-7124,-2513,-10877
467,467,24448,163824,2,2,2,-12834,-13948,7569,-3176,-13559
468,468,15366,102972,3,3,3,-12021,-12263,-5822,6502,679
469,469,13829,92644,4,4,4,-16101,-16160,-1670,-2686,8642
470,470,26106,175081,0,0,0,5194,-14837,-7058,-6074,-4657
471,471,44025,292869,1,1,1,-13984,4506,-7687,-19,-10876
472,472,17632,118140,2,2,2,-15464,-12208,1990,1769,-5287
473,473,4045,27094,3,3,3,-12397,-11453,-5221,7318,-303
474,474,9396,62572,4,4,4,-10296,-12861,-6366,-3468,6138
475,475,50889,338838,0,0,2,-1065,-16871,-1422,-8602,-9761
476,476,45450,302171,1,1,1,-10600,4823,-7279,-2678,-9235
477,477,20979,140914,2,2,2,-2529,-16770,-1124,-9339,-8163
478,478,40539,270580,3,3,3,-11791,-11978,-5562,6629,575
479,479,10397,69229,4,4,4,-11536,-11629,-4960,-2838,7005
480,480,33917,226420,0,0,0,5633,-14019,-7306,-4114,-5804
481,481,3404,22999,1,1,1,-7402,2572,-6364,-3564,-3425
482,482,17854,119782,2,2,2,-14075,-14810,5491,-5589,-13415
483,483,44645,297050,3,3,3,-10829,-10752,-4451,7807,-1478
484,484,10817,72365,4,4,4,-8024,-12481,-6472,-3600,3834
485,485,40029,266977,0,0,0,3869,-15283,-5707,-6844,-3450
486,486,43821,291484,1,1,1,-22536,3163,-6941,-5831,-13363
487,487,49656,330566,2,2,2,-2788,-16257,-2563,-9402,-9662
488,488,44019,292839,3,3,3,-11804,-10810,-4389,7504,-1319
489,489,54021,359430,4,4,4,-12069,-10944,-3161,-29,5422
490,490,50935,339224,0,0,0,514,-15275,-1428,-7317,-12073
491,491,52420,348563,1,1,1,-11532,3869,-8247,31,-6982
492,492,49605,330252,2,3,3,-14838,-7308,-3575,-359,-6695
493,493,32695,218323,3,3,3,-11876,-12169,-5487,6771,40
494,494,8581,57073,4,4,4,-9975,-12141,-5700,-2969,6671
495,495,34438,229683,0,0,0,4973,-15189,-7733,-4628,-3893
496,496,855,5804,1,1,1,-14556,4452,-9340,195,-10468
497,497,48898,325704,2,2,2,-14509,-14249,2278,-4528,-10448
498,498,14125,94625,3,3,3,-12135,-12270,-6167,6358,684
499,499,9497,63270,4,4,4,-10935,-10774,-4817,-2912,7395
500,500,33363,222722,0,0,0,1620,-15347,998,-5757,-9907
501,501,35787,238675,1,1,1,-13691,2675,-9689,-1736,-6226
502,502,49660,330592,2,2,2,-16364,-14645,4058,-6157,-12025
503,503,52591,349677,3,3,3,-10086,-10603,-4545,7945,-2670
504,504,38026,253471,4,4,4,-11161,-12707,-5775,-2602,7197
505,505,26672,178874,0,0,0,6116,-13301,-6910,-3844,-7295
506,506,3044,20419,1,1,1,-14261,3608,-7819,-628,-9564
507,507,23194,155792,2,2,2,-16397,-16423,4527,-814,-2324
508,508,37933,252768,3,3,3,-12602,-12718,-6228,6093,980
509,509,37744,251512,4,4,4,-10680,-11016,-5014,-2426,7278
510,510,33364,222726,0,0,0,1865,-15048,731,-5595,-9977
511,511,1045,7069,1,1,1,-12916,5668,-7854,-2086,-11712
512,512,21537,144671,2,2,2,-13498,-16919,3524,-650,-3113
513,513,20766,139639,3,3,3,-11611,-12107,-5719,6701,476
514,514,16371,109742,4,3,3,-11936,-11743,-5394,6777,-312
515,515,35293,235373,0,0,0,1974,-16370,439,-6599,-10194
516,516,3318,22396,1,1,1,-12871,3258,-9232,846,-8587
517,517,18222,122168,2,2,2,-14168,-15676,2995,-118,-2986
518,518,21243,142546,3,3,3,-11795,-11891,-5646,6625,956
519,519,6548,43643,4,4,4,-10542,-11622,-5365,-2760,7129
520,520,35268,235252,0,0,0,5069,-14099,-6842,-5564,-4208
521,521,2444,16457,1,1,1,-12055,4042,-8367,-132,-9208
522,522,19461,130704,2,2,2,-12296,-12502,6565,-2413,-12661
523,523,34259,228543,3,3,3,-10990,-10756,-4880,7239,-1576
524,524,36111,240781,4,4,4,-10204,-11986,-5680,-2409,6580
525,525,26906,180402,0,0,0,5645,-12841,-6895,-4120,-6640
526,526,45183,300451,1,1,1,-16667,4452,-8620,454,-11655
527,527,48976,326156,2,2,2,-2037,-16145,840,-8065,-15597
528,528,10444,69551,3,3,3,-9283,-10470,-3905,8878,-3186
529,529,11517,76858,4,4,4,-12617,-10526,-5715,-2868,6874
530,530,29742,198736,0,0,0,737,-14846,-995,-6940,-12596
531,531,44688,297358,1,1,1,-15420,4166,-7277,-1504,-10639
532,532,49185,327385,2,2,2,-15446,-14189,3680,838,-2946
533,533,31321,209450,3,3,3,-11421,-11773,-5680,6636,816
534,534,47915,319132,4,3,3,-10880,-11116,-4751,7455,-1336
535,535,26777,179562,0,2,2,-1745,-17058,-729,-7972,-9195
536,536,35872,239260,1,1,1,-11292,4886,-7553,-620,-10524
537,537,48884,325596,2,2,2,-14452,-15042,3666,-5106,-10217
538,538,17523,117428,3,3,3,-11539,-12323,-5928,6573,406
539,539,13684,91666,4,4,4,-11365,-12948,-5912,-2844,7478
540,540,26823,179849,0,2,2,-410,-15772,14,-7841,-13868
541,541,3411,23041,1,1,1,-13751,3074,-9143,-1469,-6324
542,542,21614,145159,2,2,2,-1869,-17191,-1631,-9161,-8845
543,543,48706,324434,3,3,3,-11487,-11465,-5334,7006,629
544,544,47515,316438,4,4,4,-15407,-15271,-2587,-1034,6910
545,545,50728,337883,0,0,0,5089,-13404,-7484,-4254,-5110
546,546,1043,7062,1,1,1,-15313,5539,-7283,-2215,-11576
547,547,20995,140980,2,0,0,-1959,-16525,-2809,-9301,-9428
548,548,3499,23639,3,3,3,-9891,-9697,-3124,9733,-7553
549,549,46699,310818,4,4,4,-11140,-11358,-4750,-3090,6944
550,550,50708,337725,0,0,0,5398,-13822,-7351,-4290,-5184
551,551,3748,25244,1,1,1,-13628,2624,-7809,-2032,-6075
552,552,22743,152718,2,2,2,-13165,-13945,7116,-4092,-13706
553,553,31305,209363,3,3,3,-11565,-12118,-5673,6709,417
554,554,11402,76080,4,4,4,-12728,-11020,-5258,-2551,7178
555,555,51268,341389,0,0,0,5660,-11664,-7160,-3702,-8457
556,556,4150,27808,1,1,1,-16956,4968,-6325,-4081,-12411
557,557,49667,330643,2,0,0,-2404,-16317,-2819,-9335,-9774
558,558,53412,355171,3,3,3,-11096,-11138,-4904,7364,-1178
559,559,11521,76871,4,4,4,-13584,-11337,-5749,-2675,7238
560,560,29342,196568,0,0,0,5784,-12457,-6900,-3974,-6650
561,561,44062,293071,1,1,1,-15145,3983,-7716,-1149,-10565
562,562,22653,152068,2,2,2,-13418,-16452,4010,-4367,301
563,563,43576,289904,3,3,3,-9395,-9056,-2407,9886,-6162
564,564,43598,290018,4,4,4,-9495,-14179,-5190,-5455,5334
565,565,26757,179482,0,2,2,-880,-17439,-668,-8121,-9042
566,566,1838,12324,1,1,1,-11858,2976,-8441,-1314,-7662
567,567,21720,145914,2,0,0,1271,-14930,-543,-6832,-12236
568,568,39795,265519,3,3,3,-11345,-11851,-5433,6927,-85
569,569,15626,104733,4,4,4,-11498,-13344,-4107,-440,7089
570,570,25612,171746,0,0,0,3240,-13329,-5507,-5857,-3582
571,571,1397,9318,1,1,1,-14421,4440,-8657,-353,-8679
572,572,19403,130298,2,2,2,-635,-17058,641,-7984,-9130
573,573,36271,241947,3,3,3,-12539,-12556,-5996,6245,695
574,574,15372,103029,4,4,4,-13890,-12726,-3577,724,7287
575,575,32489,216983,0,0,0,1801,-16561,-626,-6755,-8107
576,576,4360,29060,1,1,1,-14362,4014,-6733,-2792,-10217
577,577,49657,330573,2,2,2,-18467,-14617,5038,-6504,-12285
578,578,45263,300955,3,3,3,-10502,-10567,-3322,8990,-8067
579,579,15524,103999,4,4,4,-14597,-14023,-3789,1040,7527
580,580,50865,338724,0,0,0,-292,-15494,-2575,-8313,-8951
581,581,52590,349676,1,1,1,-12559,2309,-7691,-1637,-6206
582,582,24467,164022,2,2,2,-11515,-12928,6714,-2551,-14128
583,583,16639,111515,3,3,3,-11620,-12271,-5878,6497,554
584,584,7592,50485,4,4,4,-11028,-9905,-4713,-2503,7394
585,585,30415,203412,0,0,0,5765,-11742,-6760,-3603,-8491
586,586,4370,29147,1,1,1,-13060,5532,-7440,-3441,-11625
587,587,21016,141133,2,0,0,-1440,-16733,-3141,-9049,-9875
588,588,3298,22280,3,3,3,-12322,-11364,-3659,7815,-1471
589,589,9032,60014,4,4,4,-12409,-11348,-4844,-2632,7137
590,590,26806,179651,0,2,2,-1626,-17150,-1258,-8250,-9721
591,591,45042,299592,1,1,1,-16555,3968,-7233,-1194,-10126
592,592,49494,329532,2,2,2,-1186,-17541,-933,-7381,-6393
593,593,26113,175134,3,3,3,-10711,-10653,-4509,7673,-2441
594,594,13180,87972,4,4,4,-12962,-10926,-5548,-2649,7107
595,595,30966,207244,0,0,0,4178,-14612,-7602,-5924,-3095
596,596,35854,239148,1,1,1,-12978,3222,-3306,-2325,-6658
597,597,19038,127849,2,2,2,-15901,-14577,4197,373,-2881
598,598,45160,300331,3,3,3,-11618,-10603,-4565,7662,-523
599,599,37700,251262,4,4,4,-14133,-12198,-4604,-1371,8463
600,600,51853,345086,0,0,0,-818,-16369,-2700,-8528,-10657
601,601,35802,238791,1,1,1,-15433,4462,-6610,-722,-10572
602,602,22418,150409,2,2,2,-14482,-14123,3971,-48,-4404
603,603,25969,174087,3,3,3,-12427,-12548,-6106,6146,769
604,604,37876,252404,4,4,4,-11298,-10687,-4978,-2064,7312
605,605,39833,265787,0,0,0,5357,-13507,-7211,-3660,-7624
606,606,3400,22984,1,1,1,-13167,3998,-8530,-386,-10129
607,607,19394,130248,2,2,2,-888,-17153,161,-8205,-9363
608,608,35204,234827,3,3,3,-12051,-11002,-4087,7692,-2889
609,609,7181,47678,4,4,4,-12195,-13353,-6666,-4327,6031
610,610,32938,219774,0,0,0,5468,-14033,-7172,-3537,-7411
611,611,3808,25677,1,1,1,-13027,4628,-10813,438,-10195
612,612,48942,325969,2,2,2,-13105,-14231,6276,-6203,-16840
613,613,21922,147293,3,3,3,-12705,-12773,-6221,6133,1020
614,614,46758,311150,4,4,4,-11667,-11223,-4769,-2805,7019
615,615,32483,216898,0,0,0,5001,-14993,-7629,-4724,-4003
616,616,45236,300754,1,1,1,-17398,4354,-5833,-2616,-11126
617,617,23758,159219,2,2,2,-14449,-17623,5906,-2332,-2664
618,618,55090,366418,3,3,3,-9072,-10061,-3120,9385,-11311
619,619,12628,84289,4,4,4,-9994,-12477,-5874,-3479,6795
620,620,29560,197936,0,0,0,-1809,-16820,-2432,-9228,-9322
621,621,2424,16331,1,1,1,-14840,2938,-10712,-168,-9529
622,622,23559,157991,2,2,2,-13868,-18252,4480,-2696,-1876
623,623,37352,248859,3,3,3,-10993,-11451,-4965,7188,-846
624,624,10479,69788,4,4,4,-11530,-12604,-5727,-2926,7001
625,625,26738,179365,0,0,0,532,-15707,-3512,-6432,-7424
626,626,1649,11025,1,1,1,-15491,4538,-7302,-1102,-9943
627,627,49727,331140,2,2,2,-12516,-12710,1932,-4313,-12486
628,628,48275,321606,3,3,3,-11677,-12053,-5814,6735,825
629,629,11111,74137,4,4,4,-11069,-11081,-5057,-2435,6792
630,630,29138,195261,0,0,0,5378,-14514,-7199,-4650,-5160
631,631,43819,291480,1,1,1,-21283,3121,-6918,-5249,-12750
632,632,22832,153292,2,2,2,-12162,-12597,6867,-1813,-14221
633,633,47342,315316,3,3,3,-9666,-9962,-3792,8564,-3484
634,634,54866,365012,4,4,4,-11318,-11378,-5106,-2810,6779
635,635,31095,208103,0,0,0,2333,-14708,-797,-5435,-8753
636,636,2856,19185,1,1,1,-11937,3446,-8290,-135,-6252
637,637,21728,145957,2,2,2,-12499,-12748,7307,-3241,-13672
638,638,13706,91836,3,3,3,-10989,-10744,-4774,7349,-1736
639,639,11663,77697,4,4,4,-11031,-10457,-4684,-2331,7683
640,640,51825,344936,0,0,0,-1648,-16567,-3129,-8973,-10145
641,641,2989,20114,1,1,1,-13021,4753,-8042,90,-10864
642,642,19801,133207,2,2,2,-17058,-16109,4501,-587,-1626
643,643,13002,86791,3,3,3,-8945,-9765,-3257,9381,-5718
644,644,12875,85970,4,4,4,-11709,-11148,-5160,-2339,7078
645,645,30814,206222,0,0,0,5276,-14494,-7635,-4477,-4468
646,646,1040,7005,1,1,1,-15941,4604,-8006,-1050,-10951
647,647,19411,130352,2,2,2,-14339,-14300,5809,-4351,-13593
648,648,14497,97008,3,3,3,-10968,-10470,-4877,7211,-1664
649,649,11160,74499,4,4,4,-10671,-11398,-5150,-2737,6567
650,650,29568,197991,0,0,0,-1448,-16740,-3126,-9048,-9882
651,651,2818,18970,1,3,3,-14020,-9689,-9536,2741,-3133
652,652,21691,145732,2,2,2,-11282,-13793,5230,-4231,-12544
653,653,43946,292326,3,3,3,-11855,-10956,-4298,7324,-883
654,654,9948,66357,4,4,4,-12178,-11431,-6095,-3012,6458
655,655,31050,207822,0,0,0,4650,-14486,-7118,-5812,-3517
656,656,1651,11032,1,1,1,-16253,4385,-7374,-1144,-10375
657,657,25177,168607,2,2,2,-12849,-11546,6028,-1825,-12727
658,658,6679,44516,3,3,3,-11520,-11735,-5516,7105,-274
659,659,15809,105936,4,4,4,-11871,-14572,-4419,-1157,7630
660,660,35292,235359,0,0,0,3515,-14876,-978,-5853,-8911
661,661,3805,25661,1,1,1,-12606,3084,-8473,-1252,-5987
662,662,24447,163823,2,2,2,-13481,-12634,5150,-456,-10115
663,663,10965,73254,3,3,3,-11300,-11368,-5476,7174,-772
664,664,53802,357955,4,4,4,-9714,-12575,-6042,-3158,6081
665,665,29529,197701,0,0,0,4582,-13216,-7430,-4872,-4195
666,666,1616,10855,1,1,1,-13928,3604,-7500,-571,-9818
667,667,25166,168505,2,2,2,-13325,-13376,7004,-3433,-14308
668,668,53140,353322,3,3,3,-9399,-10321,-3422,9234,-9964
669,669,42954,286126,4,4,4,-12141,-11027,-5307,-2476,6975
670,670,50966,339436,0,0,0,1211,-14668,-703,-6612,-12390
671,671,44055,293044,1,1,1,-15900,3926,-6021,-1637,-10300
672,672,19446,130643,2,0,2,887,-15609,805,-7079,-11319
673,673,23903,160304,3,3,3,-11775,-11988,-5326,6839,-166
674,674,9831,65562,4,4,4,-10765,-14158,-6199,-4403,6986
675,675,26098,175022,0,0,0,5288,-13915,-7644,-4409,-4561
676,676,44677,297296,1,1,1,-15885,3735,-6543,-1473,-9877
677,677,21659,145514,2,2,2,-12150,-13948,3648,-4412,-11698
678,678,31635,211548,3,3,3,-11599,-11758,-5487,6717,599
679,679,10233,68253,4,4,4,-11231,-10458,-4663,-2647,7541
680,680,40099,267356,0,0,0,770,-15534,-629,-7277,-11324
681,681,43776,291180,1,1,1,-14264,3199,-12052,-663,-6916
682,682,19460,130701,2,2,2,-13297,-13450,7014,-3142,-14153
683,683,28374,189992,3,3,3,-11606,-11798,-5272,7195,-254
684,684,14992,100314,4,4,4,-10390,-12164,-5673,-3417,6902
685,685,50907,339023,0,0,2,-382,-16341,-1236,-8106,-10906
686,686,839,5667,1,1,1,-12276,5075,-6053,11,-11684
687,687,49099,326800,2,2,2,-13744,-13079,4157,-897,-5065
688,688,9406,62659,3,3,3,-11510,-11661,-5447,7110,-265
689,689,11589,77326,4,4,4,-11087,-10486,-4682,-2315,7751
690,690,35202,234810,0,0,0,4753,-13767,-8007,-5645,-3291
691,691,834,5639,1,1,1,-13583,2295,-11152,366,-7753
692,692,22766,152868,2,2,2,-12221,-13823,7386,-3642,-13251
693,693,10325,68781,3,3,3,-9569,-10555,-4207,8298,-3341
694,694,38178,254463,4,4,4,-15415,-14336,-2516,-1143,8575
695,695,33309,222365,0,0,0,5665,-13953,-6954,-6275,-4939
696,696,4144,27768,1,1,1,-16298,4302,-6367,-2355,-10613
697,697,49767,331436,2,2,2,-15162,-13168,6491,-4060,-15081
698,698,48804,325056,3,3,3,-11834,-12224,-5882,6611,808
699,699,11091,74009,4,4,4,-11467,-10904,-4532,-2650,7243
700,700,33705,224995,0,0,0,247,-18044,-1289,-6525,-5967
701,701,45446,302150,1,1,1,-15918,4820,-7888,-2141,-12058
702,702,17830,119644,2,2,2,-1461,-17093,-937,-7900,-8942
703,703,7282,48332,3,3,3,-11212,-11333,-5323,7255,-784
704,704,11580,77281,4,4,4,-11133,-10922,-4954,-2236,7556
705,705,50832,338509,0,0,0,5189,-13780,-7576,-4602,-4642
706,706,1037,7001,1,1,1,-13335,4813,-8078,-1581,-11084
707,707,22731,152637,2,2,2,-14779,-12886,6072,-2664,-11804
708,708,52385,348332,3,3,3,-11403,-10755,-5419,6905,999
709,709,12518,83572,4,4,4,-10665,-10018,-4532,-2503,7623
710,710,29679,198489,0,0,0,137,-15799,-1834,-7708,-11218
711,711,44067,293104,1,1,1,-14580,4086,-8142,-1178,-10474
712,712,17882,119953,2,2,2,-11772,-13661,7257,-5324,-17439
713,713,22596,151608,3,3,3,-10742,-10912,-4106,7973,-2860
714,714,47502,316353,4,4,4,-15446,-15444,-2253,79,5956
715,715,52002,345850,0,0,0,1270,-14166,18,-6005,-12255
716,716,4155,27868,1,1,1,-16069,6116,-6267,-3892,-13265
717,717,21645,145387,2,2,2,-15492,-13175,3460,-3255,-10745
718,718,12048,80352,3,3,3,-9111,-9616,-3525,9098,-4750
719,719,37239,248122,4,4,4,-8216,-13534,-6990,-3474,5090
720,720,50785,338221,0,0,0,5617,-14555,-7481,-4453,-5279
721,721,1443,9608,1,1,1,-14381,3948,-7784,-820,-10398
722,722,22008,147830,2,2,2,-1304,-17398,-409,-7550,-8515
723,723,24541,164433,3,3,3,-11899,-11592,-5586,6822,1121
724,724,41417,276042,4,4,4,-10703,-10546,-4695,-2531,7558
725,725,32331,216018,0,0,0,5305,-14375,-7629,-4654,-4477
726,726,3017,20241,1,1,1,-13276,4049,-8520,906,-9768
727,727,21686,145703,2,0,0,614,-15587,-1099,-7397,-11305
728,728,6658,44378,3,3,3,-11853,-12205,-5583,6614,614
729,729,37028,246792,4,4,4,-12529,-12302,-5590,-1647,7195
730,730,39957,266591,0,0,0,5191,-15042,-7316,-5370,-4478
731,731,3042,20400,1,1,1,-14148,3452,-7768,-530,-9083
732,732,41000,273285,2,2,2,-14745,-15574,4478,-1480,-2754
733,733,24046,161280,3,3,3,-11573,-11367,-5097,7007,-906
734,734,42501,283082,4,4,4,-9000,-11173,-6088,-2421,6828
735,735,27785,186049,0,0,0,5794,-11731,-7101,-3682,-8442
736,736,3803,25649,1,1,1,-13499,4044,-8237,732,-9672
737,737,41123,274027,2,2,2,-14552,-15547,4306,-6089,-11710
738,738,32249,215417,3,3,3,-10856,-11145,-4829,7639,-1529
739,739,46886,312035,4,4,4,-11689,-10264,-4962,-2727,6791
740,740,32568,217578,0,0,0,2854,-15411,211,-5926,-11036
741,741,45049,299646,1,1,1,-11924,5014,-7126,-2550,-10275
742,742,22909,153811,2,2,2,-14561,-14293,4463,-65,-4003
743,743,44656,297127,3,3,3,-12057,-10881,-4360,7664,-1639
744,744,8916,59281,4,4,4,-11253,-11309,-5319,-2475,6899
745,745,30660,205049,0,0,0,5528,-14634,-7491,-4026,-5584
746,746,52082,346364,1,1,1,-11704,4192,-8806,-34,-7635
747,747,21051,141347,2,2,2,-15380,-14136,5022,-5113,-12141
748,748,23109,155147,3,3,3,-11926,-12275,-5811,6429,573
749,749,8799,58505,4,4,4,-10869,-12149,-5301,-2786,6718
750,750,50912,339075,0,0,0,85,-15817,-1890,-7770,-11468
751,751,4141,27755,1,1,1,-17122,4517,-6782,-2223,-11651
752,752,41182,274404,2,2,2,-14661,-14779,5858,-4898,-12229
753,753,8671,57674,3,3,3,-11678,-11582,-5691,7048,-84
754,754,14661,98139,4,4,4,-16105,-16672,-984,-1894,7461
755,755,33176,221426,0,0,0,4910,-16086,-7735,-4776,-3863
756,756,44066,293096,1,1,1,-15508,3961,-6022,-1876,-10012
757,757,23905,160312,2,2,2,-16897,-14732,4598,175,-2890
758,758,55375,368348,3,3,3,-11305,-11983,-5465,6831,191
759,759,8006,53147,4,4,4,-10209,-11400,-5179,-3261,7189
760,760,39564,263976,0,0,0,4883,-13510,-5587,-5648,-6432
761,761,35654,237886,1,1,1,-11983,4993,-8440,-463,-12240
762,762,21646,145407,2,2,2,-15374,-14459,5752,-5075,-13071
763,763,26445,177389,3,3,3,-11945,-11080,-5390,6960,1025
764,764,36917,246048,4,4,4,-11079,-10836,-4873,-2680,7566
765,765,29685,198586,0,0,0,361,-15326,-1504,-7392,-12066
766,766,1036,6996,1,1,1,-16067,4419,-8158,-323,-10425
767,767,21104,141672,2,2,2,-14674,-13551,6740,-4517,-13838
768,768,32397,216423,3,3,3,-11718,-11025,-5060,7394,-1019
769,769,37845,252213,4,4,4,-10934,-10757,-4811,-2702,7580
770,770,52000,345792,0,0,0,1230,-14284,-432,-6383,-13165
771,771,52117,346608,1,1,1,-11482,3769,-8158,-385,-7622
772,772,24853,166320,2,2,2,-9337,-15735,2538,-1824,-3249
773,773,47053,313320,3,3,3,-11630,-11641,-5406,7071,-36
774,774,15866,106353,4,4,4,-11439,-13447,-5731,-2812,7264
775,775,50754,338043,0,0,0,5423,-13931,-7400,-4420,-5090
776,776,1655,11081,1,1,1,-15557,4994,-7548,-1760,-11218
777,777,22785,153013,2,2,2,784,-16274,2108,-6758,-10448
778,778,17952,120288,3,3,3,-11839,-11894,-5638,6603,771
779,779,12295,82049,4,4,4,-12048,-11192,-5657,-2842,6847
780,780,50856,338660,0,0,0,2029,-15307,-4450,-8197,-4254
781,781,1453,9703,1,1,1,-13788,4605,-9727,-1106,-9308
782,782,20956,140803,2,0,0,-145,-17500,-1538,-8134,-8448
783,783,7267,48217,3,3,3,-10958,-10959,-4707,7499,-1606
784,784,8447,56138,4,4,4,-10859,-11136,-5038,-3035,7304
785,785,26755,179469,0,0,2,-519,-17519,-904,-7936,-8731
786,786,52223,347267,1,1,1,-11864,3591,-10895,-170,-9320
787,787,22496,150959,2,2,2,-13614,-16295,3674,-246,-3936
788,788,17021,114084,3,3,3,-11676,-11724,-5589,6925,678
789,789,15715,105345,4,4,4,-17959,-15800,-2362,1460,7765
790,790,34518,230234,0,0,0,4745,-15408,-7663,-4459,-3680
791,791,45157,300306,1,1,1,-13024,2799,-11448,-385,-5824
792,792,17862,119817,2,2,2,-13169,-14344,5081,-5138,-13513
793,793,36016,240146,3,3,3,-9783,-9545,-2964,9743,-8195
794,794,14426,96578,4,4,4,-13387,-13592,-4338,-2136,8506
795,795,33318,222429,0,0,0,2227,-14983,-669,-5722,-8702
796,796,4148,27797,1,1,1,-16481,4926,-6881,-2600,-11858
797,797,25106,168077,2,2,2,-12112,-16813,2465,-4823,22
798,798,75,463,3,3,3,-11439,-11883,-5533,6872,-138
799,799,10955,73187,4,4,4,-11130,-10930,-4934,-2753,7457
800,800,33359,222705,0,0,0,1459,-15477,1259,-5779,-10028
801,801,2916,19615,1,1,1,-13871,4183,-8604,399,-10519
802,802,19378,130151,2,2,2,-1912,-17969,1443,-8545,-8193
803,803,20207,136050,3,3,3,-12110,-12472,-6056,6252,644
804,804,47522,316483,4,4,4,-11841,-12524,-5551,-2949,6966
805,805,40118,267641,0,0,0,1718,-14338,100,-6123,-12087
806,806,1048,7077,1,1,1,-16489,5460,-6746,-3055,-12792
807,807,41216,274687,2,2,2,-1134,-17419,2052,-7905,-9062
808,808,19688,132354,3,3,3,-11396,-12063,-5731,6659,721
809,809,46270,307882,4,4,4,-16077,-16392,-976,-228,8057
810,810,34136,227754,0,0,0,5490,-15149,-7632,-4407,-5030
811,811,43796,291311,1,1,1,-14203,3808,-9195,-1717,-12302
812,812,22732,152640,2,2,2,-13409,-13805,6457,-3890,-13429
813,813,315,2107,3,3,3,-12073,-12198,-5724,6532,843
814,814,42579,283552,4,4,4,-10856,-10562,-4797,-2677,7469
815,815,51829,344971,0,0,0,617,-14609,-4097,-8262,-8405
816,816,4580,30271,1,1,1,-16384,4565,-6165,-3000,-11317
817,817,19244,129275,2,2,2,-17492,-15694,4382,-140,-1690
818,818,19209,129070,3,3,3,-9833,-10059,-3545,8837,-4190
819,819,10387,69191,4,4,4,-11942,-11083,-4676,-2523,7291
820,820,33546,223985,0,0,0,5609,-13288,-7083,-4296,-6023
821,821,1647,11005,1,1,1,-17741,4136,-6251,-2072,-11049
822,822,48923,325828,2,2,2,-1893,-17209,-1198,-8552,-10405
823,823,897,6166,3,3,3,-9715,-10395,-3119,8925,-10090
824,824,47513,316431,4,4,4,-11694,-10406,-4982,-2599,6879
825,825,31701,211904,0,0,0,5853,-14083,-7319,-3913,-6382
826,826,3290,22197,1,1,1,-13643,2632,-11815,261,-8888
827,827,19487,130870,2,2,2,-13173,-12145,6790,-1432,-13410
828,828,6203,41248,3,3,3,-12136,-12184,-5527,7055,410
829,829,46904,312175,4,4,4,-12960,-11689,-5079,-2601,7274
830,830,26759,179493,0,2,2,-789,-17444,-742,-8097,-8949
831,831,45457,302203,1,1,1,-13119,5956,-7543,-3135,-13122
832,832,21145,141931,2,2,2,-11599,-13088,7197,-4171,-14351
833,833,27968,187113,3,3,3,-12028,-12171,-5843,6232,777
834,834,42448,282854,4,4,4,-9982,-12242,-5760,-3052,6672
835,835,34443,229717,0,0,0,4680,-16510,-7294,-6092,-3716
836,836,3339,22547,1,1,1,-13551,3622,-9158,3,-9763
837,837,24353,163297,2,2,2,-16691,-17608,5358,-2115,-1359
838,838,832,5627,3,3,3,-11629,-11628,-5357,6369,592
839,839,42365,282256,4,4,4,-11565,-10461,-4791,-2328,8108
840,840,34165,227917,0,0,0,5371,-14702,-7613,-4513,-4599
841,841,52315,347948,1,1,1,-11915,3575,-7027,-146,-7057
842,842,22813,153126,2,2,2,825,-15778,2539,-6765,-10929
843,843,6387,42561,3,3,3,-11112,-11245,-5219,6720,-669
844,844,43508,289494,4,4,4,-11708,-10856,-4671,-2340,6987
845,845,32027,213967,0,0,0,5743,-14294,-7365,-3947,-6135
846,846,3395,22951,1,1,1,-11725,5228,-5689,-648,-11384
847,847,24363,163335,2,2,2,-15004,-18311,5228,-3558,-949
848,848,2198,14781,3,3,3,-10051,-10242,-3120,9020,-9198
849,849,16752,112322,4,4,4,-13946,-13735,-3742,850,7341
850,850,29787,198968,0,0,0,1344,-14251,-399,-6329,-13138
851,851,45244,300805,1,1,1,-16317,5510,-6324,-3436,-12519
852,852,41119,274008,2,2,2,-2315,-17396,-1048,-9199,-8497
853,853,39404,262806,3,3,3,-12029,-12185,-5767,6470,504
854,854,9725,64844,4,4,4,-11747,-11416,-5540,-2577,6885
855,855,30273,202307,0,0,0,5335,-15084,-7421,-4341,-5325
856,856,45440,302120,1,1,1,-14768,4024,-6361,-1928,-9910
857,857,21155,141988,2,2,2,-9927,-13316,6243,-4340,-14404
858,858,2421,16314,3,1,1,-13376,4462,-6858,393,-9218
859,859,42370,282288,4,4,4,-10884,-11159,-5133,-2196,7248
860,860,50724,337849,0,0,0,5390,-14064,-7393,-4264,-5128
861,861,2962,19920,1,1,1,-14265,2252,-10819,-1553,-5242
862,862,17861,119816,2,0,2,-842,-16540,-871,-7902,-11337
863,863,4923,32648,3,3,3,-12052,-12359,-5520,6515,332
864,864,43573,289880,4,4,4,-10016,-14390,-5299,-4641,6165
865,865,51989,345539,0,0,0,1013,-14559,-1608,-6818,-12365
866,866,4361,29072,1,1,1,-16276,4482,-6084,-2690,-10913
867,867,21181,142157,2,0,0,1534,-14181,-253,-6156,-12773
868,868,24140,161821,3,3,3,-9941,-10805,-4310,8281,-3068
869,869,9442,62884,4,4,4,-11175,-10776,-4843,-2654,7555
870,870,34289,228740,0,0,0,5219,-15083,-7785,-4514,-4150
871,871,3018,20248,1,1,1,-12153,3223,-8177,-857,-6200
872,872,20012,134804,2,2,2,-8689,-12957,6832,-3449,-14193
873,873,38020,253404,3,3,3,-10689,-11499,-5152,7234,-964
874,874,14705,98362,4,4,4,-16912,-18189,-1639,-3375,8762
875,875,25930,173816,0,0,0,5032,-15458,-6556,-5569,-5082
876,876,2742,18353,1,3,3,-14024,-5506,-6577,4230,-2831
877,877,22683,152271,2,2,2,-14469,-13378,5757,-3511,-11738
878,878,32006,213786,3,3,3,-12737,-12552,-6596,6491,1186
879,879,13425,89762,4,4,4,-14154,-12961,-3509,238,7404
880,880,51832,345056,0,0,0,-960,-16401,-2799,-8612,-10581
881,881,35786,238655,1,1,1,-13428,4481,-7913,-40,-10688
882,882,25122,168180,2,2,2,-1131,-17373,1652,-7995,-9157
883,883,52171,346910,3,3,3,-10832,-11382,-5399,6274,530
884,884,9374,62449,4,4,4,-10894,-10103,-4585,-2518,7589
885,885,33912,226394,0,0,0,5057,-15192,-6061,-5659,-6040
886,886,52611,349830,1,1,1,-13801,4445,-9427,-1560,-10526
887,887,17848,119750,2,2,2,-14354,-15068,5137,-5497,-12414
888,888,11660,77689,3,3,3,-11802,-11914,-5386,6908,-188
889,889,11397,76041,4,4,4,-11576,-10692,-5502,-2881,6730
890,890,26097,175020,0,0,0,5413,-14777,-7598,-4491,-4706
891,891,3771,25413,1,1,1,-12267,4751,-7676,-225,-10863
892,892,49708,330975,2,2,2,-13137,-14142,3005,-5847,-12260
893,893,32254,215456,3,3,3,-10488,-10802,-5056,7079,-1132
894,894,16753,112338,4,3,3,-12201,-11644,-6012,6634,482
895,895,40083,267280,0,0,0,2866,-14419,-1106,-6684,-9506
896,896,43824,291489,1,1,1,-18632,4054,-7255,-4913,-12811
897,897,18813,126411,2,2,2,-12603,-15940,1439,-1225,-6220
898,898,46088,306550,3,3,3,-9565,-9262,-3396,9356,-4913
899,899,12309,82157,4,4,4,-11966,-10392,-5463,-2763,6715
900,900,40092,267305,0,0,0,676,-15577,-875,-7338,-11309
901,901,851,5785,1,1,1,-12885,3561,-10271,-413,-9315
902,902,23778,159380,2,2,2,-15547,-14068,4242,553,-4236
903,903,18775,126120,3,3,3,-11416,-11914,-5518,6747,398
904,904,15004,100374,4,4,4,-10258,-12488,-5875,-3532,6760
905,905,33341,222599,0,0,0,2515,-16009,-147,-6323,-10054
906,906,1640,10983,1,1,1,-15489,4146,-8247,-848,-11447
907,907,25133,168242,2,2,2,-14487,-13997,6250,-4408,-13695
908,908,36613,244129,3,3,3,-11163,-11445,-5296,7161,-836
909,909,14772,98766,4,4,4,-14052,-12995,-3646,740,7387
910,910,30223,201884,0,0,0,5346,-14557,-7543,-4555,-4589
911,911,43826,291494,1,1,1,-20917,3696,-6894,-5519,-13376
912,912,48929,325893,2,2,2,-13695,-15185,5511,-6147,-14380
913,913,34918,232912,3,3,3,-11123,-11657,-5192,7622,-633
914,914,13796,92453,4,4,4,-12049,-11749,-5171,-2950,6725
915,915,32547,217420,0,0,0,2984,-15874,-434,-6107,-10418
916,916,3415,23079,1,1,1,-12027,4220,-7260,-1038,-9978
917,917,25114,168142,2,2,2,-345,-16866,604,-7915,-9092
918,918,23215,155944,3,3,3,-10548,-10692,-4660,7903,-1119
919,919,13238,88462,4,4,4,-14032,-12349,-5693,-2812,7297
920,920,33297,222283,0,0,0,4591,-14931,-6816,-5811,-4222
921,921,44668,297208,1,1,1,-14591,4966,-7327,-45,-11637
922,922,49718,331084,2,2,2,-15351,-13792,4992,-5623,-14198
923,923,41388,275838,3,3,3,-11916,-11618,-5797,7328,-204
924,924,37961,252979,4,4,4,-9887,-11098,-5182,-2205,7658
925,925,51772,344545,0,0,0,3207,-15231,-4628,-7007,-3622
926,926,1463,9740,1,1,1,-15598,4893,-7914,-1377,-10960
927,927,21708,145849,2,0,0,986,-15048,-1212,-7029,-12182
928,928,55213,367283,3,3,3,-11909,-12344,-5933,6584,727
929,929,12959,86527,4,4,4,-11247,-13331,-6648,-3713,5506
930,930,50814,338416,0,0,0,4729,-13483,-7699,-4809,-4195
931,931,3040,20389,1,1,1,-13169,3241,-10524,-454,-8781
932,932,49602,330228,2,2,2,-16330,-14153,3244,-4941,-10187
933,933,47552,316670,3,3,3,-16072,-11228,-5411,3655,-6317
934,934,13641,91385,4,4,4,-11290,-11371,-4776,-2936,7021
935,935,34740,231638,0,0,0,6088,-12921,-7188,-3607,-8155
936,936,35830,238983,1,1,1,-13229,4346,-7389,-721,-10785
937,937,49666,330633,2,0,0,-2141,-16443,-2774,-9240,-9887
938,938,26540,178031,3,3,3,-10336,-10405,-5429,6599,723
939,939,12394,82741,4,4,4,-11066,-11823,-6729,-3318,6453
940,940,31021,207645,0,0,0,4701,-16283,-7355,-5829,-3742
941,941,45241,300779,1,1,1,-17014,5498,-6869,-2992,-13372
942,942,49720,331090,2,2,2,-15444,-13368,4718,-5153,-13405
943,943,23131,155308,3,3,3,-12024,-12296,-6134,6255,534
944,944,15684,105146,4,4,4,-11682,-16394,-4554,-2020,5700
945,945,34792,232016,0,0,0,5521,-13894,-7310,-4199,-5534
946,946,3414,23062,1,1,1,-13137,3500,-8208,-476,-8696
947,947,20399,137289,2,2,2,-14269,-12940,2665,379,-4927
948,948,13129,87704,3,3,3,-8849,-8523,-2859,9593,-6279
949,949,8932,59389,4,4,4,-15670,-14574,-2483,1775,5762
950,950,26385,176988,0,0,0,5314,-13375,-6438,-5485,-5595
951,951,45039,299580,1,1,1,-15887,4138,-7723,-1529,-10941
952,952,41296,275276,2,2,2,1036,-15960,1581,-6643,-9791
953,953,8696,57831,3,3,3,-11687,-11569,-5739,7049,-127
954,954,47905,319063,4,3,3,-10807,-11051,-4503,7606,-1652
955,955,51835,345061,0,0,0,-960,-16401,-2799,-8612,-10581
956,956,856,5821,1,1,1,-13818,3827,-8065,-853,-9489
957,957,20984,140938,2,2,2,-13824,-13708,1602,-5301,-9622
958,958,255,1633,3,3,3,-11532,-12290,-5039,6752,1231
959,959,43295,288240,4,4,4,-11169,-10479,-4675,-2554,7669
960,960,29567,197964,0,0,0,-1882,-16425,-3338,-9273,-9935
961,961,3777,25485,1,1,1,-14539,3309,-7352,-745,-8906
962,962,19419,130449,2,2,2,-13919,-13354,5875,-3778,-13258
963,963,49351,328563,3,3,3,-11102,-11186,-4096,7950,-2554
964,964,14334,95891,4,4,4,-10587,-11026,-4587,-2206,6384
965,965,51803,344728,0,0,0,-1134,-16928,-2793,-9009,-9747
966,966,52607,349808,1,1,1,-12847,3863,-9696,-719,-9570
967,967,23286,156348,2,2,2,-15240,-16195,4166,-986,-1314
968,968,41772,278329,3,3,3,-15363,-13637,-7917,3875,-3608
969,969,13730,92000,4,4,4,-10029,-14440,-6164,-3896,6627
970,970,29517,197607,0,0,0,4500,-12945,-7102,-4851,-4312
971,971,1457,9725,1,1,1,-16244,5241,-7705,-2425,-13133
972,972,21141,141897,2,2,2,-10281,-13395,5768,-4639,-14312
973,973,18985,127506,3,3,3,-12193,-12345,-6088,6420,942
974,974,12185,81251,4,4,4,-12287,-11135,-4858,-2663,7123
975,975,35180,234699,0,0,0,3945,-15342,-5801,-7194,-3621
976,976,52236,347337,1,1,1,-14666,4002,-9727,-1093,-10249
977,977,41279,275116,2,2,2,-393,-16771,3006,-7278,-9941
978,978,38658,257718,3,3,3,-12069,-12379,-5966,6570,836
979,979,46959,312578,4,4,4,-16778,-16880,-1232,-1381,8317
980,980,33313,222405,0,0,0,5004,-14185,-6293,-6031,-4731
981,981,3377,22809,1,1,1,-14646,1262,-8095,-2190,-2701
982,982,19922,134181,2,0,0,1179,-15616,-1232,-6830,-8346
983,983,23740,159103,3,3,3,-12908,-11575,-6273,7441,-857
984,984,42975,286204,4,4,4,-11718,-11820,-5422,-2915,6758
985,985,31510,210703,0,0,0,5529,-13152,-7015,-3963,-6241
986,986,3043,20406,1,1,1,-13727,3993,-8872,-711,-10379
987,987,19457,130682,2,2,2,-13199,-13416,7067,-3196,-14156
988,988,8165,54111,3,3,3,-11384,-12394,-4808,6832,-724
989,989,9979,66568,4,4,4,-10316,-11570,-5540,-2322,6793
990,990,51865,345138,0,0,0,-986,-16225,-2472,-8409,-11086
991,991,43825,291492,1,1,1,-18493,4182,-7080,-4771,-12803
992,992,23266,156272,2,2,2,-14084,-16251,4142,-1471,-2419
993,993,11120,74240,3,3,3,-9259,-9371,-3362,9078,-4432
994,994,14348,95994,4,4,4,-10918,-12755,-5664,-3329,6561
995,995,27289,182828,0,0,0,5097,-12986,-6899,-5892,-4545
996,996,3038,20376,1,1,1,-13974,3129,-8237,-115,-8348
997,997,49639,330470,2,2,2,-18000,-14636,4880,-6296,-11686
998,998,20908,140531,3,3,3,-12369,-12058,-5277,6776,257
999,999,13791,92413,4,4,4,-12036,-14220,-4790,-2940,7904
