row_id,timing_row_id,original_full_test_row_id,source_row_index,f0,f1,f2,f3,f4,f5,f6,f7,f8,f9,f10,f11,f12,f13,f14,f15,f16
0,0,35274,235285,794368,256,129559040,0,256,6656,0,256,256,0,0,0,61696,0,0,0,2
1,1,35846,239070,256768,256,53774080,0,2816,5888,0,768,256,0,0,0,138240,46336,41507,0,719
2,2,17899,120040,883968,256,717081600,0,256,2304,0,0,0,0,0,0,0,0,0,0,3
3,3,8233,54621,51968,0,26642688,6608,0,768,256,0,0,256,256,8192,0,0,0,256,15
4,4,43594,290001,563968,256,129049600,0,256,2304,0,1536,1536,0,0,0,0,0,0,0,2
5,5,51782,344606,359168,256,102681600,0,256,5376,0,0,0,0,0,0,0,0,0,0,2
6,6,52225,347272,205568,256,51716096,0,768,5888,0,0,0,0,0,0,0,3328,31865,0,264
7,7,25116,168153,653568,256,129035264,0,256,6144,0,0,0,0,0,0,0,1280,32085,0,8
8,8,15248,102179,640768,0,129305600,0,0,0,0,0,0,0,0,3328,83200,3328,28749,0,165
9,9,11926,79551,307968,256,52232448,0,256,1024,0,3072,3072,0,0,0,0,0,0,0,76
10,10,30969,207277,589568,256,79629824,0,256,1792,0,0,0,0,0,0,0,0,0,0,1
11,11,44063,293074,243968,256,78341120,0,4864,7168,0,0,0,0,0,0,0,3328,33607,0,164
12,12,24492,164153,909568,256,155161600,0,256,6912,0,0,0,0,0,0,0,256,35681,0,12
13,13,32087,214385,256768,0,30720256,3147,0,2304,256,0,0,256,3072,20480,0,0,0,2304,34
14,14,13221,88329,845568,256,130329600,0,256,2048,0,1536,1536,0,0,0,0,0,0,0,2
15,15,39936,266449,384768,256,54023936,0,256,0,0,0,0,0,0,0,0,0,0,0,551
16,16,35887,239379,333568,256,78355200,0,4096,7168,0,0,0,0,0,0,0,3328,34709,0,281
17,17,19352,129996,525568,256,78361600,0,256,2048,0,512,256,0,0,0,105472,25344,31933,0,458
18,18,36044,240361,589568,0,129561600,0,0,0,0,0,0,0,0,3328,119808,3328,37208,0,246
19,19,9980,66571,26368,256,26132224,0,256,512,0,6912,6912,0,0,0,0,0,0,0,2
20,20,35076,233987,474368,256,77070080,0,256,512,0,13056,256,0,0,0,326144,0,0,0,2
21,21,35796,238742,167168,256,51993088,0,6144,3840,0,1280,256,0,0,0,0,0,0,0,75
22,22,24481,164107,896768,256,154882048,0,256,6656,0,0,0,0,0,0,0,0,0,0,2
23,23,52103,346538,90368,0,27408128,11928,0,6144,256,0,0,0,5632,0,0,0,0,1280,2
24,24,13176,87952,743168,256,128281600,0,256,1792,0,256,256,0,0,0,61696,61696,34826,0,444
25,25,51730,344325,243968,256,52497664,0,256,1280,0,0,0,0,0,0,0,0,0,0,1
26,26,44059,293064,231168,256,78102784,0,4352,7168,0,0,0,0,0,0,0,3328,35117,0,153
27,27,17840,119690,435968,256,256537600,0,256,2304,0,0,0,0,0,0,0,0,0,0,4
28,28,10753,71895,51968,0,26632704,13548,0,1024,256,0,0,256,256,9984,0,0,0,768,19
29,29,54932,365435,487168,256,77849600,0,256,256,0,2304,2304,0,0,0,0,0,0,0,171
30,30,51785,344653,384768,256,103193600,0,256,6400,0,0,0,0,0,0,0,0,0,0,101
31,31,44680,297308,231168,256,78338304,0,4608,7168,0,0,0,0,0,0,0,3328,40784,0,164
32,32,19959,134432,743168,256,180761600,0,256,6400,0,0,0,0,0,0,0,256,44452,0,6
33,33,10305,68703,307968,0,52235264,3373,0,1792,256,0,0,256,256,14592,0,0,0,512,25
34,34,15083,101052,333568,256,52760064,0,256,768,0,2560,2560,0,0,0,221184,24576,23702,0,560
35,35,34404,229481,627968,256,102659840,0,256,2304,0,768,256,0,0,0,96512,0,0,0,2
36,36,44070,293119,256768,256,102674176,0,4096,7168,0,0,0,0,0,0,0,3328,30572,0,167
37,37,22708,152434,679168,256,130073600,0,256,5888,0,0,0,0,0,0,0,0,0,0,11
38,38,30143,201423,333568,0,53014784,3503,0,1280,256,0,0,256,2304,16640,0,0,0,1024,367
39,39,47158,314148,167168,256,28938496,0,256,1792,0,1024,1024,0,0,0,0,0,0,0,2
40,40,30519,204145,115968,256,27928576,0,256,1280,0,2560,256,0,0,0,245760,0,0,0,2
41,41,52422,348576,103168,256,27648256,0,1536,3584,0,8192,256,0,0,0,319488,9984,34882,0,616
42,42,22770,152896,807168,256,155673600,0,256,6912,0,0,0,0,0,0,0,512,30878,0,11
43,43,12265,81847,615168,0,79129600,16025,0,1280,256,0,0,256,256,16640,0,0,0,1024,51
44,44,13770,92260,551168,256,103193600,0,256,1024,0,2048,2048,0,0,0,0,0,0,0,87
45,45,32508,217143,768768,256,128537600,0,256,6400,0,1024,256,0,0,0,152064,0,0,0,2
46,46,1034,6986,115968,256,77073664,0,2560,4608,0,0,0,0,0,0,0,3328,24048,0,57
47,47,21086,141539,653568,256,179993600,0,256,6656,0,0,0,0,0,0,0,512,43641,0,12
48,48,33595,224303,192768,0,29457664,17229,0,1792,256,0,0,256,4608,6144,0,0,0,768,13
49,49,9832,65570,704768,256,128537600,0,256,1792,0,1536,1536,0,0,0,0,0,0,0,2
50,50,34357,229177,563968,256,78612736,0,256,768,0,4096,256,0,0,0,278528,0,0,0,2
51,51,1653,11056,192768,256,128520704,0,2048,7168,0,0,0,0,0,0,0,3328,42358,0,63
52,52,21036,141256,525568,256,129305600,0,256,6656,0,0,0,0,0,0,0,256,21533,0,9
53,53,49358,328600,359168,0,53526528,3514,0,2560,256,0,0,256,1024,33536,0,0,0,1024,188
54,54,42643,283970,231168,256,30213888,0,256,1536,0,3584,3584,0,0,0,0,0,0,0,2
55,55,50961,339368,794368,256,206105600,0,256,6656,0,0,0,0,0,0,0,0,0,0,1
56,56,4140,27752,154368,256,102656256,0,3840,7168,0,0,0,0,0,0,0,3328,46416,0,64
57,57,21610,145148,487168,256,102923776,0,256,6656,0,0,0,0,0,0,0,0,0,0,9
58,58,1328,8872,13568,0,25869568,10342,0,768,256,0,0,256,2304,15872,0,0,0,768,27
59,59,46710,310912,397568,256,54272000,0,256,1792,0,2816,2816,0,0,0,0,0,0,0,151
60,60,51823,344880,487168,256,129281280,0,256,6400,0,0,0,0,0,0,0,0,0,0,1
61,61,44685,297353,243968,256,102671616,0,2816,7168,0,0,0,0,0,0,0,3328,34379,0,159
62,62,22821,153202,883968,256,180249600,0,256,6656,0,0,0,0,0,0,0,1024,28652,0,13
63,63,51659,343875,154368,0,28677376,2036,0,1792,256,0,0,256,768,33536,0,0,0,512,56
64,64,47128,313976,141568,256,28433664,0,256,2304,0,3584,3584,0,0,0,0,0,0,0,2
65,65,50861,338703,512768,256,128272640,0,256,6144,0,0,0,0,0,0,0,0,0,0,1
66,66,4352,29015,103168,256,51458304,0,7424,7168,0,0,0,256,0,0,0,3328,40784,0,326
67,67,48955,326038,730368,256,665869824,0,256,2304,0,0,0,0,0,0,0,0,0,0,2
68,68,43922,292132,13568,0,25870336,4668,0,6912,256,0,0,256,512,9728,0,0,0,3840,16
69,69,42217,281227,346368,256,53264640,0,256,1024,0,4608,4608,0,0,0,0,0,0,0,283
70,70,31102,208167,883968,256,179726848,0,256,6656,0,0,0,0,0,0,0,0,0,0,1
71,71,4364,29108,205568,256,153869824,0,4352,2816,0,0,0,0,0,0,0,3328,51695,0,74
72,72,21157,142015,845568,256,231961600,0,256,5888,0,0,0,0,0,0,0,512,40185,0,8
73,73,43028,286592,743168,0,154393600,0,0,0,0,0,0,0,0,3328,96512,3328,29441,0,165
74,74,45669,303720,141568,256,28416256,0,256,2304,0,1280,1280,0,0,0,0,0,0,0,2
75,75,28654,191775,320768,256,52761600,0,256,2560,0,1024,256,0,0,0,163584,0,0,0,474
76,76,45232,300714,90368,256,51728128,0,4608,3840,0,256,256,0,0,0,61696,61696,31735,0,293
77,77,41112,273945,487168,256,79385600,0,256,6400,0,0,0,0,0,0,0,0,0,0,2
78,78,52296,347833,858368,0,691481600,0,0,0,0,0,0,0,0,3328,29952,3328,22650,0,56
79,79,15676,105077,295168,256,52241920,0,256,1024,0,3584,3584,0,0,0,272384,19456,34814,0,615
80,80,29676,198456,666368,256,180505600,0,256,6400,0,0,0,0,0,0,0,0,0,0,1
81,81,43786,291242,64768,256,26884096,0,11776,7168,0,0,0,256,0,0,123136,3328,14063,0,253
82,82,41275,275090,781568,256,154393600,0,256,6656,0,0,0,0,0,0,0,512,21811,0,17
83,83,11599,77380,26368,0,26130688,15346,0,1024,256,0,0,256,256,5888,0,0,0,512,12
84,84,12549,83764,103168,256,27660288,0,256,512,0,15872,15872,0,0,0,0,0,0,0,2
85,85,51741,344369,256768,256,52761600,0,256,1792,0,2048,256,0,0,0,227328,0,0,0,2
86,86,3014,20237,231168,256,53252608,0,2816,7168,0,0,0,256,0,0,0,3328,21382,0,641
87,87,49796,331635,819968,256,281881600,0,256,6656,0,0,0,0,0,0,0,0,0,0,6
88,88,42353,282206,858368,256,435731968,0,256,2304,0,0,0,0,0,0,0,3328,40473,0,66
89,89,46195,307372,679168,256,103693056,0,256,1280,0,512,512,0,0,0,0,0,0,0,2
90,90,50968,339470,845568,256,231193600,0,256,6400,0,256,256,0,0,0,61696,0,0,0,1
91,91,4118,27599,77568,256,27154688,0,3072,7168,0,0,0,256,0,0,146944,3328,34826,0,313
92,92,21619,145178,499968,256,103179776,0,256,6912,0,0,0,0,0,0,0,0,0,0,6
93,93,33651,224634,231168,0,30233088,11154,0,768,256,0,0,256,14848,4608,0,0,0,768,9
94,94,15554,104257,192768,256,29447680,0,256,1280,0,2560,2560,0,0,0,245760,24576,22025,0,584
95,95,33412,223145,39168,256,26379008,0,256,1280,0,12544,256,0,0,0,326144,0,0,0,2
96,96,44676,297280,218368,256,78084608,0,3840,4352,0,0,0,0,0,0,0,3328,21382,0,162
97,97,48925,325835,474368,256,409881600,0,256,2304,0,0,0,0,0,0,0,256,40784,0,3
98,98,29925,200018,128768,0,28181760,5665,0,1792,256,0,0,256,3328,11776,0,0,0,256,21
99,99,9677,64548,448768,256,77337600,0,256,768,0,2816,2816,0,0,0,0,0,0,0,2
100,100,30376,203144,819968,256,180236800,0,256,6144,0,0,0,0,0,0,0,0,0,0,1
101,101,44634,296991,90368,256,51472384,0,3328,7168,0,0,0,256,0,0,104704,3328,31993,0,466
102,102,19760,132897,269568,256,51737600,0,256,2048,0,3072,256,0,0,0,260864,11008,44452,0,583
103,103,33206,221682,602368,0,79385600,2192,0,768,256,0,0,256,3328,18432,0,0,0,256,31
104,104,10772,72015,64768,256,26904576,0,256,1024,0,3072,3072,0,0,0,0,0,0,0,2
105,105,29482,197464,243968,256,51737600,0,256,1792,0,0,0,0,0,0,0,0,0,0,15
106,106,3801,25640,256768,256,53779712,0,3584,7168,0,0,0,256,0,0,0,3328,35657,0,476
107,107,19881,133829,487168,256,103449600,0,256,2560,0,1280,256,0,0,0,178944,16128,29441,0,999
108,108,258,1660,217600,0,29977600,0,0,768,0,0,0,0,1536,2048,257792,2048,31735,0,285
109,109,8821,58587,282368,256,51737600,0,256,256,0,12288,12288,0,0,0,0,0,0,0,2
110,110,33273,222115,717568,256,104729600,0,256,2304,0,1280,256,0,0,0,184320,0,0,0,2
111,111,45211,300605,64768,256,26882304,0,4352,7168,0,0,0,256,0,0,0,3328,40784,0,630
112,112,48961,326067,768768,256,691720704,0,256,1792,0,0,0,0,0,0,0,256,42358,0,4
113,113,49962,332870,141568,0,28428544,8306,0,1792,256,0,0,256,5888,12288,0,0,0,1792,22
114,114,10599,70632,691968,256,128281600,0,256,1024,0,7936,7936,0,0,0,0,0,0,0,2
115,115,33327,222481,807168,256,129561600,0,256,6656,0,0,0,0,0,0,0,0,0,0,172
116,116,45237,300755,141568,256,102929664,0,3584,3584,0,0,0,0,0,0,0,3328,24048,0,57
117,117,25165,168500,794368,256,179993600,0,256,6656,0,0,0,0,0,0,0,256,31154,0,7
118,118,23528,157816,602368,0,79378176,4401,0,1024,256,0,0,256,3328,9472,0,0,0,1024,17
119,119,46515,309697,231168,256,30222848,0,256,1280,0,6912,6912,0,0,0,0,0,0,0,2
120,120,29858,199543,77568,256,27137792,0,256,1280,0,6912,256,0,0,0,311040,0,0,0,2
121,121,3353,22640,179968,256,52243712,0,2048,7168,0,0,0,0,0,0,0,3328,35657,0,310
122,122,22793,153052,845568,256,179481600,0,256,6912,0,0,0,0,0,0,0,0,0,0,9
123,123,50079,333608,231168,0,30221312,19644,0,256,256,0,0,256,11264,3328,0,0,0,256,8
124,124,12597,84027,141568,256,28418816,0,256,1024,0,4096,4096,0,0,0,0,0,0,0,2
125,125,50876,338766,538368,256,128787200,0,256,6656,0,0,0,0,0,0,0,0,0,0,101
126,126,3021,20261,231168,256,53264640,0,3072,7168,0,0,0,256,0,0,0,3328,36922,0,485
127,127,21608,145142,487168,256,102919424,0,256,6656,0,0,0,0,0,0,0,256,38481,0,5
128,128,12059,80390,410368,0,54296320,1848,0,1280,256,0,0,256,256,12544,0,0,0,256,22
129,129,47302,315020,282368,256,51715328,0,256,2816,0,512,512,0,0,0,0,0,0,0,2
130,130,33799,225673,90368,256,27406848,0,256,768,0,12288,256,0,0,0,331776,0,0,0,2
131,131,3338,22540,154368,256,51731712,0,1792,7168,0,0,0,0,0,0,0,3328,35657,0,710
132,132,40423,269768,295168,256,102681600,0,256,768,0,256,256,0,0,0,61696,32000,41924,0,441
133,133,24685,165276,141568,0,28432640,7265,0,512,256,0,0,256,5632,10496,0,0,0,512,19
134,134,10106,67440,141568,256,28428288,0,256,768,0,9728,9728,0,0,0,0,0,0,0,2
135,135,26775,179541,307968,256,179474688,0,256,2304,0,0,0,0,0,0,0,0,0,0,1
136,136,44559,296486,13568,256,25878784,0,3584,0,0,0,0,256,0,0,39424,3328,35117,0,505
137,137,50239,334614,90368,256,27409664,0,256,1280,0,2560,256,0,0,0,168704,7424,22630,0,227
138,138,29797,199117,13568,0,25861120,21885,0,512,256,0,0,256,19456,3584,0,0,0,256,7
139,139,35330,235651,13568,256,25859072,0,256,0,0,1024,1024,0,0,0,0,0,0,0,1
140,140,35184,234733,640768,256,103449600,0,256,3584,0,0,0,0,0,0,0,0,0,0,209
141,141,2467,16582,231168,256,78338304,0,3584,7168,0,0,0,0,0,0,0,3328,40784,0,164
142,142,22745,152726,755968,256,154649600,0,256,6912,0,0,0,0,0,0,0,0,0,0,13
143,143,43497,289439,359168,0,53785600,10498,0,768,256,0,0,256,256,11776,0,0,0,768,21
144,144,41638,277456,243968,256,30471424,0,256,1024,0,3328,3328,0,0,0,0,0,0,0,2
145,145,33002,220239,359168,256,53253120,0,256,1280,0,3840,256,0,0,0,276480,0,0,0,2
146,146,45038,299579,128768,256,77060096,0,3072,6656,0,0,0,0,0,0,0,3328,14063,0,88
147,147,25146,168353,743168,256,154905600,0,256,6656,0,0,0,0,0,0,0,512,34882,0,6
148,148,10268,68446,269568,0,51463168,8215,0,1280,256,0,0,256,256,6656,0,0,0,256,12
149,149,11437,76325,691968,256,103961600,0,256,512,0,3072,3072,0,0,0,0,0,0,0,2
150,150,40063,267172,666368,256,154393600,0,256,6144,0,0,0,0,0,0,0,0,0,0,1
151,151,44596,296755,51968,256,26638848,0,6144,7168,0,0,0,256,0,0,0,3328,37240,0,675
152,152,21749,146104,896768,256,231432192,0,256,6144,0,0,0,0,0,0,0,0,0,0,8
153,153,39850,265908,307968,0,52500224,3895,0,512,256,0,0,256,15616,5120,0,0,0,512,10
154,154,36106,240750,13568,256,25863424,0,256,0,0,3328,3328,0,0,0,0,0,0,0,1
155,155,34309,228860,525568,256,77827840,0,256,1024,0,6656,256,0,0,0,306176,0,0,0,2
156,156,43817,291447,115968,256,77069824,0,5120,7168,0,0,0,256,0,0,0,3328,51695,0,249
157,157,23899,160291,141568,256,28427776,0,256,1280,0,5632,256,0,0,0,298496,5120,38993,0,583
158,158,13712,91872,435968,0,54809600,8573,0,1024,256,0,0,256,1792,16640,0,0,0,1024,29
159,159,42800,285038,359168,256,53271808,0,256,1280,0,5632,5632,0,0,0,0,0,0,0,2
160,160,35303,235410,858368,256,153881600,0,256,6400,0,0,0,0,0,0,0,0,0,0,1
161,161,35742,238384,90368,256,27402240,0,4352,7168,0,0,0,256,0,0,0,3328,20273,0,393
162,162,25155,168421,768768,256,179481600,0,256,6656,0,0,0,0,0,0,0,0,0,0,6
163,163,49882,332269,64768,0,26895104,19420,0,1024,256,0,0,256,7936,6912,0,0,0,1024,14
164,164,54805,364663,359168,256,53250304,0,256,1280,0,3840,3840,0,0,0,0,0,0,0,2
165,165,26751,179461,205568,256,77074688,0,256,2048,0,0,0,0,0,0,0,0,0,0,1
166,166,3792,25568,243968,256,53513984,0,4608,7168,0,0,0,256,0,0,0,3328,24362,0,737
167,167,25188,168721,896768,256,206105600,0,256,6656,0,0,0,0,0,0,0,256,24362,0,7
168,168,49971,332925,141568,0,28421376,2036,0,1792,256,0,0,256,2048,28416,0,0,0,1024,47
169,169,11917,79451,295168,256,51976448,0,256,1280,0,3584,3584,0,0,0,0,0,0,0,2
170,170,33326,222480,807168,256,129561600,0,256,6400,0,0,0,0,0,0,0,0,0,0,441
171,171,52610,349820,295168,256,77316096,0,1536,6144,0,0,0,0,0,0,0,3328,31865,0,92
172,172,21092,141584,666368,256,180249600,0,256,6656,0,0,0,0,0,0,0,768,38993,0,10
173,173,11870,79205,256768,0,30723584,9661,0,1536,256,0,0,256,256,17408,0,0,0,768,30
174,174,47536,316590,576768,256,103705600,0,256,3328,0,256,256,0,0,0,52224,52224,23178,0,853
175,175,34784,231953,179968,256,29189120,0,256,1280,0,5120,256,0,0,0,291840,0,0,0,2
176,176,4147,27776,179968,256,128269824,0,3328,7168,0,0,0,0,0,0,0,3328,51695,0,74
177,177,48924,325830,461568,256,384537600,0,256,1792,0,0,0,0,0,0,0,0,0,0,2
178,178,51007,339726,26368,0,26117888,696,0,768,256,0,0,256,256,8192,0,0,0,512,606
179,179,10890,72789,167168,256,28945920,0,256,512,0,17152,17152,0,0,0,0,0,0,0,147
180,180,32515,217179,781568,256,128793600,0,256,6400,0,0,0,256,0,0,0,0,0,0,1
181,181,4579,30270,141568,256,102674688,0,6656,7168,0,0,0,0,0,0,0,3328,34826,0,56
182,182,21597,145081,461568,256,78341376,0,256,6656,0,0,0,256,0,0,0,0,0,0,6
183,183,23386,156941,474368,0,55567616,3727,0,512,256,0,0,256,2816,5888,0,0,0,512,11
184,184,53856,358293,179968,256,29197824,0,256,768,0,7424,7424,0,0,0,0,0,0,0,2
185,185,33385,222958,13568,256,25870336,0,256,0,0,1536,256,0,0,0,201216,0,0,0,1
186,186,43829,291548,243968,256,205072128,0,18176,7168,0,0,0,0,0,0,0,3328,31735,0,61
187,187,21268,142715,77568,256,27147776,0,256,1280,0,5888,256,0,0,0,300288,5632,38993,0,546
188,188,23475,157534,563968,0,78610176,3264,0,1024,256,0,0,256,4352,8960,0,0,0,768,16
189,189,16633,111461,115968,0,27917056,3572,0,2048,256,0,0,256,256,30720,0,0,0,512,51
190,190,50925,339126,691968,256,179987200,0,256,6656,0,0,0,0,0,0,0,0,0,0,1
191,191,35871,239253,307968,256,77829632,0,5120,7168,0,0,0,256,0,0,100864,3328,20202,0,351
192,192,20959,140827,346368,256,77573376,0,256,2560,0,512,256,0,0,0,104960,31232,21771,0,428
193,193,28267,189151,499968,0,281881600,0,0,0,0,0,0,0,0,3328,29952,3328,35224,0,61
194,194,54625,363527,205568,256,29709568,0,256,1280,0,1280,1280,0,0,0,0,0,0,0,211
195,195,32530,217268,807168,256,129305600,0,256,6144,0,0,0,0,0,0,0,0,0,0,101
196,196,45246,300808,205568,256,179480576,0,2816,7168,0,0,0,0,0,0,0,3328,26282,0,52
197,197,21654,145428,602368,256,129300480,0,256,6656,0,0,0,0,0,0,0,0,0,0,7
198,198,24706,165389,154368,0,28691200,16068,0,1024,256,0,0,256,8960,7168,0,0,0,256,14
199,199,42133,280700,269568,256,51722496,0,256,1792,0,3328,3328,0,0,0,0,0,0,0,2
200,200,31011,207587,653568,256,103178496,0,256,2048,0,512,256,0,0,0,105472,0,0,0,2
201,201,4366,29110,205568,256,153873664,0,12288,7168,0,0,0,0,0,0,0,3328,24048,0,57
202,202,20582,138479,205568,256,29711616,0,256,768,0,4096,256,0,0,0,278528,8704,34379,0,586
203,203,14565,97469,589568,0,79120640,1512,0,1792,256,0,0,256,256,28416,0,0,0,512,47
204,204,10256,68367,256768,256,30739200,0,256,1280,0,2304,2304,0,0,0,0,0,0,0,2
205,205,26745,179432,179968,256,51993600,0,256,1536,0,0,0,0,0,0,0,0,0,0,182
206,206,3333,22496,141568,256,51478528,0,4864,6912,0,0,0,256,0,0,0,3328,22650,0,331
207,207,17889,119993,819968,256,640518144,0,256,1792,0,0,0,0,0,0,0,0,0,0,3
208,208,22000,147760,231168,0,51481600,7866,0,1280,256,0,0,0,1280,0,0,0,0,1792,17
209,209,11108,74106,333568,256,52759552,0,256,768,0,4352,4352,0,0,0,0,0,0,0,2
210,210,33285,222204,743168,256,128281600,0,256,3328,0,512,256,0,0,0,105216,0,0,0,2
211,211,44007,292751,103168,256,51469056,0,5376,7168,0,0,0,256,0,0,0,3328,27309,0,744
212,212,48933,325922,576768,256,512281600,0,256,2304,0,0,0,0,0,0,0,1024,22650,0,4
213,213,52257,347516,461568,0,282137600,0,0,0,0,0,0,0,0,3328,29952,3328,40784,0,66
214,214,8772,58301,243968,256,30469888,0,256,512,0,7936,7936,0,0,0,0,0,0,0,2
215,215,32287,215712,423168,256,54543360,0,256,1024,0,6912,256,0,0,0,311040,0,0,0,2
216,216,3317,22395,115968,256,27926272,0,3328,7168,0,0,0,256,0,0,52224,3328,22513,0,638
217,217,19493,130907,909568,256,206361600,0,256,6400,0,0,0,0,0,0,0,1024,26654,0,13
218,218,50770,338138,307968,0,52738304,2700,0,2048,256,0,0,256,1792,30720,0,0,0,2048,51
219,219,54633,363563,205568,256,29718784,0,256,1280,0,6144,6144,0,0,0,0,0,0,0,2
220,220,50939,339235,743168,256,205081600,0,256,6656,0,0,0,0,0,0,0,0,0,0,1
221,221,44004,292740,103168,256,51460096,0,2560,6144,0,512,256,0,0,0,105472,52736,14063,0,560
222,222,21638,145276,538368,256,103953920,0,256,6400,0,0,0,0,0,0,0,0,0,0,7
223,223,46415,308862,128768,0,28173056,4209,0,768,256,0,0,256,256,6656,0,0,0,256,12
224,224,8628,57356,115968,256,27923968,0,256,1536,0,4352,4352,0,0,0,0,0,0,0,2
225,225,34432,229661,666368,256,103438336,0,256,2048,0,1024,256,0,0,0,163840,0,0,0,513
226,226,2900,19518,51968,256,26646784,0,3328,6400,0,256,256,0,0,0,61696,61696,35117,0,917
227,227,21636,145263,538368,256,103943680,0,256,6400,0,0,0,0,0,0,0,0,0,0,3
228,228,23185,155718,307968,0,52238080,1411,0,1792,256,0,0,256,1536,14080,0,0,0,256,24
229,229,12288,82002,653568,256,102937600,0,256,1280,0,768,768,0,0,0,0,0,0,0,2
230,230,30868,206597,474368,256,77312256,0,256,1792,0,1792,256,0,0,0,215040,0,0,0,592
231,231,762,5151,90368,256,27405824,0,2304,6912,0,0,0,256,0,0,182784,3328,36380,0,497
232,232,21075,141464,615168,256,155161600,0,256,6656,0,0,0,0,0,0,0,768,38993,0,14
233,233,1336,8935,13568,0,25863168,1868,0,768,256,0,0,256,14848,5120,0,0,0,512,8
234,234,14627,97928,691968,256,103693824,0,256,2048,0,768,768,0,0,0,43776,43776,36380,0,663
235,235,50576,336837,115968,256,27905280,0,256,1536,0,4864,256,0,0,0,291840,0,0,0,2
236,236,3734,25151,128768,256,28185088,0,768,6144,0,512,256,0,0,0,105472,52736,32447,0,846
237,237,21014,141115,461568,256,103961600,0,256,6656,0,0,0,0,0,0,0,256,40185,0,5
238,238,54233,360819,128768,0,28185600,2241,0,1280,256,0,0,0,256,0,0,0,0,512,41
239,239,53359,354862,179968,256,29204224,0,256,1792,0,7680,7680,0,0,0,0,0,0,0,2
240,240,26136,175370,448768,256,77834240,0,256,3328,0,768,256,0,0,0,139008,0,0,0,463
241,241,4289,28648,39168,256,26392576,0,4864,7168,0,0,0,0,0,0,0,3328,26282,0,113
242,242,48886,325602,167168,256,102681600,0,256,2304,0,0,0,0,0,0,0,0,0,0,23
243,243,19225,129176,359168,0,53517568,2453,0,1536,256,0,0,256,768,40960,0,0,0,512,68
244,244,42406,282534,39168,256,26390272,0,256,768,0,6400,6400,0,0,0,0,0,0,0,2
245,245,51716,344245,231168,256,52249600,0,256,1536,0,2816,256,0,0,0,253440,0,0,0,540
246,246,3713,25031,103168,256,27662848,0,3328,7168,0,0,0,256,0,0,0,3328,37240,0,720
247,247,22828,153257,896768,256,180505600,0,256,6656,0,0,0,0,0,0,0,0,0,0,7
248,248,54456,362266,39168,0,26384128,6107,0,1024,256,0,0,256,3328,16640,0,0,0,768,28
249,249,36491,243423,103168,256,27660288,0,256,1792,0,3072,3072,0,0,0,0,0,0,0,2
250,250,50863,338708,512768,256,128281600,0,256,6144,0,0,0,0,0,0,0,0,0,0,101
251,251,44672,297250,205568,256,77828608,0,6144,7168,0,0,0,0,0,0,0,3328,21382,0,128
252,252,23476,157537,563968,256,78604288,0,256,768,0,5120,256,0,0,0,291840,8704,36578,0,548
253,253,15492,103789,128768,0,28167424,4676,0,768,256,0,0,256,10496,6912,0,0,0,512,12
254,254,16828,112743,39168,0,26372608,7348,0,1024,256,0,0,256,6400,10240,0,0,0,512,18
255,255,29759,198857,845568,256,256281600,0,256,6144,0,0,0,0,0,0,0,0,0,0,1
256,256,3350,22624,179968,256,52236288,0,1280,7168,0,0,0,0,0,0,0,3328,36578,0,718
257,257,41179,274393,602368,256,104729600,0,256,6656,0,0,0,0,0,0,0,0,0,0,3
258,258,17296,115922,192768,256,77081600,0,256,1280,0,0,0,0,0,0,0,3328,31247,0,46
259,259,9742,64941,538368,256,79129600,0,256,1024,0,768,768,0,0,0,0,0,0,0,2
260,260,39462,263254,243968,256,30475008,0,256,1024,0,17408,256,0,0,0,330752,0,0,0,2
261,261,3257,21996,51968,256,26638336,0,3840,3328,0,768,256,0,0,0,46336,46336,33127,0,579
262,262,21660,145521,640768,256,154136320,0,256,6656,0,0,0,0,0,0,0,0,0,0,7
263,263,16741,112206,205568,0,29700096,6656,0,1024,256,0,0,256,8192,8960,0,0,0,768,16
264,264,42310,281937,538368,256,128256768,0,256,1280,0,256,256,0,0,0,61440,61440,43005,0,487
265,265,34354,229173,563968,256,78611712,0,256,768,0,3328,256,0,0,0,244224,0,0,0,2
266,266,3376,22803,231168,256,53248256,0,3840,4864,0,768,256,0,0,0,139008,46336,46416,0,905
267,267,41315,275438,871168,256,156185600,0,256,6656,0,0,0,0,0,0,0,0,0,0,9
268,268,22314,149832,64768,0,26886400,7479,0,1536,256,0,0,256,2560,16640,0,0,0,768,29
269,269,47519,316473,538368,256,102937600,0,256,2304,0,256,256,0,0,0,61696,61696,27484,0,410
270,270,33248,221995,679168,256,103961600,0,256,768,0,1792,256,0,0,0,215040,0,0,0,2
271,271,45231,300713,90368,256,51725824,0,3840,3072,0,256,256,0,0,0,0,0,0,0,55
272,272,24279,162755,512768,256,78617600,0,256,1024,0,1280,256,0,0,0,184320,21248,43641,0,551
273,273,47873,318820,192768,0,29458688,9666,0,768,256,0,0,256,5888,3840,0,0,0,512,8
274,274,13769,92259,551168,256,103193600,0,256,1024,0,512,512,0,0,0,0,0,0,0,2
275,275,26111,175110,384768,256,54035968,0,256,2304,0,2560,256,0,0,0,212992,0,0,0,580
276,276,3811,25718,282368,256,77321984,0,4352,7168,0,0,0,0,0,0,0,3328,24362,0,806
277,277,48896,325701,295168,256,230681600,0,256,2304,0,0,0,0,0,0,0,0,0,0,1
278,278,24355,163305,615168,0,103193600,1479,0,1536,256,0,0,256,2304,23040,0,0,0,256,38
279,279,13810,92524,653568,256,129305600,0,256,1536,0,1536,1536,0,0,0,0,0,0,0,2
280,280,28649,191752,320768,256,52761600,0,256,2560,0,1536,256,0,0,0,187136,0,0,0,519
281,281,45041,299591,141568,256,77325824,0,5632,7168,0,0,0,0,0,0,0,3328,51695,0,74
282,282,19476,130805,871168,256,205593600,0,256,6400,0,0,0,0,0,0,0,256,21141,0,9
283,283,32752,218690,154368,0,28686592,13499,0,768,256,0,0,256,9216,8960,0,0,0,256,17
284,284,8757,58227,231168,256,30220544,0,256,1792,0,1536,1536,0,0,0,0,0,0,0,2
285,285,33368,222777,883968,256,154137600,0,256,6400,0,0,0,0,0,0,0,0,0,0,1
286,286,3406,23011,282368,256,77317120,0,1024,7168,0,0,0,0,0,0,0,3328,33607,0,628
287,287,17818,119521,231168,256,51993600,0,256,2304,0,0,0,0,0,0,0,0,0,0,102
288,288,44968,299099,39168,0,26386688,7994,0,6912,256,0,0,256,17664,4608,0,0,0,256,285
289,289,16698,111884,167168,0,28940544,7686,0,768,256,0,0,256,6912,8448,0,0,0,512,15
290,290,29862,199556,77568,256,27141120,0,256,1280,0,3584,256,0,0,0,272384,0,0,0,585
291,291,45452,302173,218368,256,153869824,0,4864,7168,0,0,0,0,0,0,0,3328,51695,0,74
292,292,22748,152736,755968,256,154649600,0,256,6656,0,0,0,0,0,0,0,1024,31945,0,19
293,293,9067,60271,615168,0,103961600,16538,0,1280,256,0,0,256,256,20480,0,0,0,512,38
294,294,15003,100373,256768,256,30720512,0,256,1280,0,3072,3072,0,0,0,261120,21760,27484,0,627
295,295,39681,264755,154368,256,28686336,0,256,1792,0,4608,256,0,0,0,285696,0,0,0,2
296,296,44049,292995,205568,256,77582848,0,3840,7168,0,0,0,0,0,0,0,3328,37240,0,481
297,297,22709,152436,679168,256,130073600,0,256,6400,0,0,0,0,0,0,0,256,31945,0,11
298,298,49560,329947,115968,0,27929600,4424,0,1536,256,0,0,0,2048,0,0,0,0,512,32
299,299,46227,307584,768768,256,129540608,0,256,1536,0,1536,1536,0,0,0,0,0,0,0,2
300,300,25505,171076,64768,256,26881280,0,256,512,0,2560,256,0,0,0,237312,0,0,0,13
301,301,3706,24991,90368,256,27411968,0,3840,6912,0,0,0,256,0,0,0,3328,42799,0,669
302,302,41046,273583,346368,256,53529600,0,256,1536,0,512,256,0,0,0,105472,24576,23536,0,520
303,303,48732,324571,243968,0,30485760,1239,0,2048,256,0,0,256,2048,11520,0,0,0,512,20
304,304,41534,276802,154368,256,28688640,0,256,1792,0,3584,3584,0,0,0,0,0,0,0,2
305,305,28221,188871,256768,256,51712768,0,256,1792,0,1024,256,0,0,0,131840,0,0,0,2
306,306,35882,239340,320768,256,78104320,0,3328,7168,0,0,0,0,0,0,0,3328,25537,0,680
307,307,19920,134171,627968,256,154393600,0,256,5632,0,0,0,0,0,0,0,0,0,0,2
308,308,39805,265598,269568,0,51728640,8652,0,1024,256,0,0,256,1536,24576,0,0,0,256,42
309,309,41367,275740,26368,256,26112768,0,256,1280,0,6144,6144,0,0,0,0,0,0,0,2
310,310,25566,171482,128768,256,28161280,0,256,2048,0,3072,256,0,0,0,258816,0,0,0,101
311,311,3041,20399,269568,256,77067520,0,3072,7168,0,0,0,0,0,0,0,3328,24111,0,272
312,312,20211,136078,167168,256,28939264,0,256,1792,0,8192,256,0,0,0,319488,4352,32085,0,574
313,313,50151,334019,13568,0,25867776,9057,0,2048,256,0,0,256,5632,6912,0,0,0,1792,12
314,314,35349,235732,13568,256,25879808,0,256,0,0,3328,3328,0,0,0,0,0,0,0,1
315,315,51867,345147,602368,256,179737600,0,256,6400,0,0,0,0,0,0,0,0,0,0,1
316,316,44042,292983,205568,256,77572608,0,4096,7168,0,0,0,0,0,0,0,3328,21382,0,480
317,317,21626,145200,512768,256,103427584,0,256,5888,0,0,0,0,0,0,0,256,20594,0,5
318,318,2783,18662,77568,0,27149312,6061,0,3328,256,0,0,256,4608,14592,0,0,0,3072,25
319,319,12912,86162,410368,256,54550272,0,256,2304,0,1024,1024,0,0,0,0,0,0,0,2
320,320,50948,339256,755968,256,205314304,0,256,6656,0,0,0,0,0,0,0,0,0,0,1
321,321,3810,25714,282368,256,77318912,0,1024,7168,0,0,0,0,0,0,0,3328,26200,0,806
322,322,24490,164149,896768,256,154904576,0,256,6912,0,0,0,0,0,0,0,768,23178,0,18
323,323,36914,246039,167168,0,28939008,10263,0,1280,256,0,0,256,256,15872,0,0,0,512,28
324,324,15419,103363,77568,256,27143424,0,256,1280,0,5376,5376,0,0,0,14080,14080,38481,0,488
325,325,39969,266637,423168,256,77319936,0,256,1024,0,0,0,0,0,0,0,0,0,0,2
326,326,3750,25277,167168,256,51981568,0,4864,6912,0,0,0,256,0,0,0,3328,39787,0,847
327,327,24432,163731,730368,256,128537600,0,256,3840,0,2048,256,0,0,0,200192,12544,37586,0,569
328,328,27959,187066,13568,0,25874688,5384,0,1792,256,0,0,256,768,16640,0,0,0,1536,27
329,329,14251,95409,295168,256,51989248,0,256,256,0,7680,7680,0,0,0,0,0,0,0,2
330,330,30381,203168,832768,256,180487424,0,256,6656,0,0,0,256,0,0,0,0,0,0,1
331,331,44018,292836,141568,256,52231936,0,5888,5120,0,0,0,0,0,0,0,3328,45160,0,257
332,332,21135,141836,768768,256,206361600,0,256,6400,0,0,0,0,0,0,0,512,23702,0,10
333,333,6995,46465,26368,0,26127616,10008,0,1792,256,0,0,256,256,12544,0,0,0,1536,22
334,334,14805,99019,77568,256,27148288,0,256,768,0,10752,10752,0,0,0,322560,7680,35110,0,590
335,335,35316,235548,896768,256,154649600,0,256,6400,0,256,256,0,0,0,61696,0,0,0,101
336,336,44666,297194,179968,256,77321984,0,3328,7168,0,0,0,256,0,0,0,3328,24362,0,264
337,337,24394,163491,653568,256,103959296,0,256,1792,0,0,0,0,0,0,0,512,34255,0,43
338,338,48041,319946,90368,0,27404544,6786,0,1280,256,0,0,256,512,52736,0,0,0,256,589
339,339,38123,254146,397568,256,54281216,0,256,768,0,3584,3584,0,0,0,0,0,0,0,2
340,340,34483,229996,755968,256,128263168,0,256,1024,0,2048,256,0,0,0,227328,0,0,0,2
341,341,35862,239182,282368,256,77331968,0,3840,7168,0,0,0,0,0,0,0,3328,42799,0,559
342,342,19982,134598,819968,256,206361600,0,256,6656,0,0,0,0,0,0,0,512,23318,0,32
343,343,37951,252912,231168,0,30230272,7041,0,1280,256,0,0,256,2816,9216,0,0,0,768,554
344,344,10493,69866,487168,256,78105600,0,256,1280,0,3072,3072,0,0,0,0,0,0,0,2
345,345,28198,188715,231168,256,30208768,0,256,0,0,0,0,0,0,0,0,0,0,0,560
346,346,52200,347125,167168,256,28952576,0,2048,4864,0,5376,256,0,0,0,288512,14080,31154,0,627
347,347,19469,130752,845568,256,205081600,0,256,6400,0,0,0,0,0,0,0,0,0,0,3
348,348,28007,187355,51968,0,26624256,12285,0,1280,256,0,0,256,768,6912,0,0,0,1024,13
349,349,46161,307139,615168,256,79894784,0,256,1536,0,2304,2304,0,0,0,0,0,0,0,2
350,350,29248,195908,26368,256,26135040,0,256,2560,0,1792,256,0,0,0,214784,0,0,0,2
351,351,44068,293110,256768,256,102667520,0,5888,7168,0,0,0,0,0,0,0,3328,24111,0,165
352,352,21069,141433,602368,256,154891520,0,256,6656,0,0,0,0,0,0,0,256,30467,0,10
353,353,17653,118290,51968,0,26646528,3652,0,1280,256,0,0,256,1792,19456,0,0,0,1280,33
354,354,13142,87787,704768,256,104459520,0,256,1024,0,1280,1280,0,0,0,0,0,0,0,284
355,355,33126,221043,474368,256,55557120,0,256,2304,0,1024,256,0,0,0,163840,0,0,0,2
356,356,3046,20425,269568,256,77079040,0,1280,7168,0,0,0,0,0,0,0,3328,23095,0,271
357,357,25185,168686,883968,256,205828096,0,256,6656,0,0,0,0,0,0,0,512,31865,0,8
358,358,30006,200612,205568,0,29702912,5110,0,1280,256,0,0,256,2560,24576,0,0,0,512,41
359,359,38019,253401,295168,256,52233216,0,256,1536,0,2304,2304,0,0,0,26368,26368,31933,0,595
360,360,50884,338822,563968,256,129296384,0,256,6144,0,0,0,0,0,0,0,0,0,0,1
361,361,4340,28921,77568,256,27153664,0,6400,7168,0,0,0,256,0,0,136448,3328,24048,0,489
362,362,48916,325777,397568,256,333064704,0,256,2304,0,0,0,0,0,0,0,512,42358,0,3
363,363,1009,6865,77568,0,27154688,6759,0,6912,256,0,0,256,18944,0,0,0,0,256,428
364,364,42261,281535,410368,256,77063424,0,256,1792,0,1792,1792,0,0,0,0,0,0,0,161
365,365,31016,207632,666368,256,103427328,0,256,1536,0,0,0,0,0,0,0,0,0,0,1
366,366,45139,300206,13568,256,25858304,0,6144,0,0,22784,256,0,0,0,341760,3840,40784,0,585
367,367,24307,162904,538368,256,79110912,0,256,1024,0,4608,256,0,0,0,285696,6912,31601,0,586
368,368,36892,245931,154368,0,28679168,12981,0,768,256,0,0,256,256,7424,0,0,0,256,14
369,369,47002,312852,896768,256,205060608,0,256,2816,0,256,256,0,0,0,60928,60928,21382,0,349
370,370,50888,338837,576768,256,129561600,0,256,6656,0,0,0,0,0,0,0,0,0,0,1
371,371,4584,30303,192768,256,153856256,0,7424,7168,0,0,0,0,0,0,0,3328,46416,0,64
372,372,19984,134609,819968,256,206361600,0,256,6656,0,0,0,0,0,0,0,512,29441,0,32
373,373,30363,202999,691968,0,129543424,5970,0,3584,256,0,0,256,512,52736,0,0,0,1536,87
374,374,9372,62442,141568,256,28420608,0,256,1792,0,2560,2560,0,0,0,0,0,0,0,2
375,375,29571,198017,487168,256,128793600,0,256,6656,0,0,0,0,0,0,0,0,0,0,1
376,376,45238,300757,141568,256,102934528,0,4096,7168,0,0,0,0,0,0,0,3328,22650,0,57
377,377,21697,145753,743168,256,180241152,0,256,6656,0,0,0,0,0,0,0,0,0,0,7
378,378,56138,373350,90368,0,27402496,2573,0,1280,256,0,0,256,3328,15360,0,0,0,256,26
379,379,38173,254434,448768,256,77337600,0,256,1536,0,1280,1280,0,0,0,36864,36864,21141,0,644
380,380,25876,173499,154368,256,28682496,0,256,1024,0,7680,256,0,0,0,314880,0,0,0,2
381,381,4142,27766,167168,256,102925824,0,10752,7168,0,0,0,0,0,0,0,3328,51695,0,74
382,382,22633,151963,487168,256,103193600,0,256,4352,0,0,0,0,0,0,0,256,30440,0,2
383,383,39793,265489,243968,0,30483200,2393,0,1280,256,0,0,256,768,20480,0,0,0,1280,35
384,384,14534,97245,563968,256,78592256,0,256,1024,0,2816,2816,0,0,0,23040,23040,34882,0,581
385,385,34464,229841,717568,256,104452608,0,256,1280,0,3328,256,0,0,0,266240,0,0,0,2
386,386,43823,291487,167168,256,128269824,0,24576,7168,0,0,0,0,0,0,0,3328,51695,0,76
387,387,17855,119789,551168,256,384281600,0,256,2304,0,0,0,0,0,0,0,0,0,0,3
388,388,23487,157594,576768,0,78862080,11242,0,1792,256,0,0,256,2304,19456,0,0,0,1792,34
389,389,42303,281891,512768,256,103168768,0,256,1280,0,256,256,0,0,0,61696,61696,43005,0,675
390,390,35252,235138,755968,256,128793600,0,256,4352,0,768,256,0,0,0,139008,0,0,0,415
391,391,44024,292864,154368,256,52485120,0,2560,7168,0,0,0,256,0,0,91648,3328,33607,0,666
392,392,49816,331814,896768,256,307481600,0,256,6400,0,0,0,0,0,0,0,512,35117,0,11
393,393,35989,240000,499968,0,104729600,0,0,0,0,0,0,0,0,3328,153088,3328,14063,0,270
394,394,9195,61168,845568,256,154649600,0,256,768,0,7680,7680,0,0,0,0,0,0,0,2
395,395,31083,208035,807168,256,154115328,0,256,3584,0,0,0,0,0,0,0,0,0,0,1
396,396,35883,239348,333568,256,78338816,0,3072,7168,0,0,0,0,0,0,0,3328,28791,0,283
397,397,49769,331442,743168,256,256281600,0,256,6400,0,0,0,0,0,0,0,0,0,0,2
398,398,5699,37836,77568,0,27161088,4464,0,1024,256,0,0,256,7424,10752,0,0,0,256,19
399,399,8289,55139,115968,256,27917824,0,256,1280,0,6144,6144,0,0,0,0,0,0,0,2
400,400,30079,201052,269568,256,51717888,0,256,1280,0,2304,256,0,0,0,237312,0,0,0,2
401,401,1654,11063,205568,256,153856256,0,4864,7168,0,0,0,0,0,0,0,3328,46416,0,64
402,402,19371,130092,563968,256,103193600,0,256,3072,0,768,256,0,0,0,139008,23040,37652,0,466
403,403,11604,77401,26368,0,26133504,1800,0,1024,256,0,0,256,768,28416,0,0,0,768,47
404,404,47521,316477,538368,256,102937600,0,256,2304,0,256,256,0,0,0,61696,61696,20458,0,731
405,405,26752,179463,205568,256,77081600,0,256,2048,0,256,256,0,0,0,61696,0,0,0,8
406,406,3760,25362,192768,256,52485632,0,4352,7168,0,0,0,256,0,0,0,3328,20202,0,282
407,407,49709,330977,538368,256,179993600,0,256,6400,0,0,0,0,0,0,0,0,0,0,4
408,408,31613,211434,154368,0,28675840,9177,0,1536,256,0,0,256,6400,6400,0,0,0,768,12
409,409,14042,94026,128768,256,28160000,0,256,1536,0,2304,2304,0,0,0,26368,26368,33302,0,523
410,410,26758,179491,243968,256,102930688,0,256,2304,0,0,0,0,0,0,0,0,0,0,1
411,411,45248,300816,218368,256,179730688,0,2560,4608,0,0,0,0,0,0,0,3328,34826,0,56
412,412,21681,145653,704768,256,179463680,0,256,6400,0,0,0,0,0,0,0,256,22025,0,2
413,413,40438,269860,13568,0,25863168,5803,0,1536,256,0,0,256,3584,17408,0,0,0,1024,28
414,414,46977,312709,832768,256,179723520,0,256,2560,0,256,256,0,0,0,61184,61184,24111,0,853
415,415,40073,267245,717568,256,179481600,0,256,6656,0,0,0,0,0,0,0,0,0,0,1
416,416,35888,239384,333568,256,78356736,0,2560,7168,0,0,0,0,0,0,0,3328,40741,0,281
417,417,41100,273873,423168,256,78105600,0,256,3072,0,1792,256,0,0,0,206080,12288,23314,0,459
418,418,18753,125937,141568,0,28428800,6236,0,1280,256,0,0,256,4864,15360,0,0,0,1280,26
419,419,16050,107454,909568,0,230937600,0,0,0,0,0,0,0,0,3328,93184,3328,34814,0,163
420,420,31081,208028,781568,256,129560576,0,256,3840,0,0,0,0,0,0,0,0,0,0,374
421,421,1451,9695,154368,256,77325824,0,2304,7168,0,0,0,0,0,0,0,3328,51695,0,74
422,422,22765,152865,794368,256,155417600,0,256,6400,0,0,0,0,0,0,0,768,31002,0,16
423,423,22635,151983,487168,0,103193600,3884,0,4608,256,0,0,256,256,30720,0,0,0,256,51
424,424,10236,68275,243968,256,30485248,0,256,1536,0,3840,3840,0,0,0,0,0,0,0,2
425,425,50839,338566,435968,256,102658304,0,256,2816,0,256,256,0,0,0,61696,0,0,0,2
426,426,45453,302176,218368,256,153874688,0,4352,7168,0,0,0,0,0,0,0,3328,34826,0,56
427,427,20830,140005,167168,256,28952064,0,256,1536,0,1024,256,0,0,0,163840,19456,23702,0,511
428,428,21552,144768,371968,0,53779712,5638,0,1792,256,0,0,256,256,52736,0,0,0,1280,87
429,429,13080,87351,589568,256,79129600,0,256,1280,0,2560,2560,0,0,0,0,0,0,0,246
430,430,51773,344552,333568,256,78105600,0,256,4096,0,256,256,0,0,0,61696,0,0,0,2
431,431,3759,25357,192768,256,52482816,0,3584,3584,0,256,256,0,0,0,60928,60928,28791,0,399
432,432,21068,141425,602368,256,154905600,0,256,6656,0,0,0,0,0,0,0,0,0,0,9
433,433,41916,279284,90368,0,27402240,7548,0,768,256,0,0,256,256,9216,0,0,0,256,16
434,434,47736,317853,64768,0,26890752,6902,0,512,256,0,0,256,13056,6144,0,0,0,256,11
435,435,40061,267158,666368,256,154372096,0,256,6144,0,0,0,0,0,0,0,0,0,0,1
436,436,1452,9702,167168,256,102658304,0,4608,2560,0,0,0,0,0,0,0,3328,40784,0,55
437,437,19886,133874,512768,256,103961600,0,256,2560,0,768,256,0,0,0,139008,22272,21809,0,391
438,438,17578,117811,243968,256,30483200,0,256,768,0,5376,256,0,0,0,295680,14080,36699,0,625
439,439,10065,67148,103168,256,27662336,0,256,1024,0,7936,7936,0,0,0,0,0,0,0,2
440,440,29730,198714,781568,256,230937600,0,256,6656,0,0,0,0,0,0,0,0,0,0,1
441,441,4564,30158,77568,256,27140096,0,12544,7168,0,0,0,256,0,0,92672,3328,14063,0,298
442,442,19975,134551,794368,256,205849600,0,256,5632,0,0,0,0,0,0,0,0,0,0,7
443,443,12461,83189,26368,0,26123008,4365,0,1280,256,0,0,256,256,9984,0,0,0,256,18
444,444,45989,305945,423168,256,54809088,0,256,1536,0,1536,1536,0,0,0,0,0,0,0,189
445,445,26762,179512,269568,256,128534528,0,256,2048,0,0,0,0,0,0,0,0,0,0,1
446,446,3401,22992,269568,256,77076224,0,2560,7168,0,0,0,0,0,0,0,3328,31302,0,692
447,447,41220,274754,691968,256,129561600,0,256,5888,0,0,0,0,0,0,0,0,0,0,13
448,448,54244,360915,141568,0,28441600,5071,0,1792,256,0,0,256,256,11776,0,0,0,1280,180
449,449,8443,56086,243968,256,30464256,0,256,1536,0,2304,2304,0,0,0,0,0,0,0,2
450,450,32368,216308,525568,256,77571840,0,256,0,0,0,0,0,0,0,0,0,0,0,1
451,451,44683,297338,243968,256,102658304,0,4864,7168,0,0,0,0,0,0,0,3328,40784,0,164
452,452,21738,146018,858368,256,230667776,0,256,6656,0,0,0,0,0,0,0,0,0,0,10
453,453,39048,260328,128768,0,28160512,6610,0,1024,256,0,0,256,1792,13568,0,0,0,1024,24
454,454,47304,315048,282368,256,51722496,0,256,2816,0,2560,2560,0,0,0,0,0,0,0,261
455,455,30823,206275,410368,256,54295808,0,256,1280,0,7936,256,0,0,0,317440,0,0,0,596
456,456,3399,22975,269568,256,77069056,0,768,7168,0,0,0,256,0,0,0,3328,27309,0,746
457,457,22725,152542,717568,256,153881600,0,256,6912,0,0,0,0,0,0,0,512,43005,0,18
458,458,11122,74264,359168,0,53271808,4284,0,1024,256,0,0,256,256,6400,0,0,0,1024,12
459,459,8282,55079,103168,256,27672064,0,256,2048,0,512,512,0,0,0,0,0,0,0,2
460,460,50618,337077,141568,256,28427520,0,256,512,0,3072,256,0,0,0,261120,0,0,0,2
461,461,44053,293026,218368,256,77839616,0,2816,7168,0,0,0,256,0,0,81152,3328,34379,0,433
462,462,18311,122884,13568,256,25862400,0,256,0,0,6400,256,0,0,0,307200,5888,35422,0,567
463,463,23324,156601,423168,0,54541824,6221,0,2304,256,0,0,256,2560,23040,0,0,0,256,39
464,464,9597,63985,346368,256,53017600,0,256,1024,0,3840,3840,0,0,0,0,0,0,0,2
465,465,28601,191347,243968,256,30482688,0,256,512,0,13056,256,0,0,0,326400,0,0,0,2
466,466,45243,300784,179968,256,153872128,0,4608,2816,0,0,0,0,0,0,0,3328,31735,0,60
467,467,24448,163824,807168,256,130059776,0,256,6912,0,0,0,0,0,0,0,256,38993,0,32
468,468,15366,102972,26368,0,26115328,5110,0,1536,256,0,0,256,1792,18432,0,0,0,768,31
469,469,13829,92644,704768,256,154393600,0,256,2560,0,768,768,0,0,0,46080,46080,31154,0,566
470,470,26106,175081,384768,256,54026240,0,256,2304,0,1280,256,0,0,0,184064,0,0,0,584
471,471,44025,292869,154368,256,52491264,0,3584,7168,0,0,0,256,0,0,46336,3328,32085,0,667
472,472,17632,118140,39168,256,26369280,0,256,256,0,15872,256,0,0,0,333312,2048,35224,0,246
473,473,4045,27094,13568,0,25873664,6139,0,4096,256,0,0,0,0,0,8704,0,0,256,0
474,474,9396,62572,154368,256,28684288,0,256,512,0,13056,13056,0,0,0,0,0,0,0,2
475,475,50889,338838,576768,256,129540608,0,256,6656,0,0,0,0,0,0,0,0,0,0,1
476,476,45450,302171,218368,256,153860096,0,6144,1024,0,0,0,0,0,0,0,3328,14063,0,56
477,477,20979,140914,384768,256,78361600,0,256,6656,0,0,0,0,0,0,0,0,0,0,50
478,478,40539,270580,115968,0,27911680,6833,0,1792,256,0,0,256,4352,8192,0,0,0,1792,15
479,479,10397,69229,371968,256,53515776,0,256,768,0,5376,5376,0,0,0,0,0,0,0,2
480,480,33917,226420,192768,256,29441280,0,256,1280,0,4608,256,0,0,0,285696,0,0,0,2
481,481,3404,22999,269568,256,77080320,0,1536,7168,0,1280,256,0,0,0,0,0,0,0,4
482,482,17854,119782,551168,256,384281600,0,256,2304,0,0,0,0,0,0,0,256,35224,0,3
483,483,44645,297050,115968,0,51968256,38617,0,6912,256,0,0,0,256,0,0,0,0,512,109
484,484,10817,72365,115968,256,27915776,0,256,2560,0,512,512,0,0,0,0,0,0,0,2
485,485,40029,266977,563968,256,128281600,0,256,2048,0,256,256,0,0,0,61696,0,0,0,2
486,486,43821,291484,167168,256,128258304,0,20736,7168,0,0,0,0,0,0,0,3328,40784,0,58
487,487,49656,330566,371968,256,128537600,0,256,6656,0,0,0,0,0,0,0,0,0,0,5
488,488,44019,292839,141568,0,52243200,5309,0,7168,256,0,0,0,512,0,0,0,0,512,117
489,489,54021,359430,346368,256,77081600,0,256,1280,0,2048,2048,0,0,0,7168,7168,24048,0,285
490,490,50935,339224,743168,256,205081600,0,256,6656,0,0,0,0,0,0,0,0,0,0,1
491,491,52420,348563,90368,256,27414528,0,1536,4608,0,5632,256,0,0,0,298496,13568,22650,0,602
492,492,49605,330252,231168,256,77593600,0,256,4352,0,0,0,256,0,0,0,1024,31302,0,568
493,493,32695,218323,103168,0,27655168,6608,0,2048,256,0,0,256,512,14592,0,0,0,1536,26
494,494,8581,57073,77568,256,27160320,0,256,768,0,9728,9728,0,0,0,0,0,0,0,2
495,495,34438,229683,679168,256,103680000,0,256,1536,0,2048,256,0,0,0,227328,0,0,0,2
496,496,855,5804,218368,256,77056256,0,1024,6912,0,0,0,256,0,0,0,3328,34882,0,249
497,497,48898,325704,307968,256,230912256,0,256,2304,0,0,0,0,0,0,0,1024,34882,0,4
498,498,14125,94625,192768,0,29464320,4749,0,768,256,0,0,256,1280,8960,0,0,0,256,16
499,499,9497,63270,243968,256,30475776,0,256,1792,0,4864,4864,0,0,0,0,0,0,0,2
500,500,33363,222722,871168,256,153881600,0,256,6400,0,0,0,0,0,0,0,0,0,0,101
501,501,35787,238675,154368,256,51728640,0,2560,4608,0,512,256,0,0,0,105472,52736,36922,0,932
502,502,49660,330592,384768,256,128793600,0,256,5888,0,0,0,0,0,0,0,512,31865,0,2
503,503,52591,349677,243968,0,51728128,8533,0,6912,256,0,0,0,256,0,0,0,0,768,2
504,504,38026,253471,307968,256,52482048,0,256,1280,0,6400,6400,0,0,0,12288,12288,30878,0,432
505,505,26672,178874,77568,256,27154688,0,256,1024,0,5888,256,0,0,0,300288,0,0,0,2
506,506,3044,20419,269568,256,77076224,0,2816,7168,0,0,0,0,0,0,0,3328,31302,0,269
507,507,23194,155792,320768,256,52493568,0,256,1536,0,2560,256,0,0,0,245760,11264,39787,0,592
508,508,37933,252768,205568,0,29709568,2453,0,1280,256,0,0,256,1280,30720,0,0,0,256,51
509,509,37744,251512,51968,256,26632448,0,256,768,0,5632,5632,0,0,0,0,0,0,0,2
510,510,33364,222726,871168,256,153881600,0,256,6656,0,0,0,0,0,0,0,0,0,0,173
511,511,1045,7069,218368,256,179480576,0,2560,4608,0,0,0,0,0,0,0,3328,26282,0,52
512,512,21537,144671,346368,256,53272064,0,256,1536,0,2048,256,0,0,0,200448,16640,23702,0,463
513,513,20766,139639,128768,0,28171008,3537,0,1024,256,0,0,256,3840,12288,0,0,0,512,21
514,514,16371,109742,179968,0,29186560,1237,0,1024,256,0,0,256,256,46336,0,0,0,512,76
515,515,35293,235373,819968,256,130073600,0,256,6656,0,0,0,0,0,0,0,0,0,0,1
516,516,3318,22396,115968,256,27926528,0,1792,6656,0,0,0,0,0,0,0,3328,22650,0,692
517,517,18222,122168,295168,256,52249600,0,256,2048,0,2304,256,0,0,0,237056,15360,28999,0,704
518,518,21243,142546,51968,0,26624768,2484,0,512,256,0,0,256,6400,11008,0,0,0,256,19
519,519,6548,43643,90368,256,27394304,0,256,512,0,7424,7424,0,0,0,0,0,0,0,2
520,520,35268,235252,794368,256,129543168,0,256,6656,0,512,256,0,0,0,105216,0,0,0,172
521,521,2444,16457,167168,256,77080576,0,2304,4864,0,0,0,0,0,0,0,3328,26282,0,396
522,522,19461,130704,832768,256,180761600,0,256,6144,0,0,0,0,0,0,0,768,31965,0,11
523,523,34259,228543,474368,0,55563008,4040,0,1280,256,0,0,256,3584,17408,0,0,0,1024,29
524,524,36111,240781,13568,256,25871360,0,256,0,0,8960,8960,0,0,0,0,0,0,0,1
525,525,26906,180402,51968,256,26646528,0,256,1280,0,2816,256,0,0,0,253440,0,0,0,2
526,526,45183,300451,39168,256,26381824,0,3328,7168,0,0,0,256,0,0,0,3328,51695,0,340
527,527,48976,326156,883968,256,819481600,0,256,2304,0,0,0,0,0,0,0,0,0,0,1
528,528,10444,69551,410368,0,54297600,0,0,2048,0,0,0,0,256,3328,285184,3328,34269,0,475
529,529,11517,76858,819968,256,129561600,0,256,1280,0,1536,1536,0,0,0,0,0,0,0,2
530,530,29742,198736,794368,256,231193600,0,256,6656,0,0,0,0,0,0,0,0,0,0,1
531,531,44688,297358,243968,256,102675200,0,3584,7168,0,0,0,0,0,0,0,3328,34709,0,164
532,532,49185,327385,167168,256,28928256,0,256,1024,0,8960,256,0,0,0,322560,5888,34882,0,589
533,533,31321,209450,167168,0,28933120,15640,0,1024,256,0,0,256,6912,8192,0,0,0,512,16
534,534,47915,319132,231168,0,30229760,7106,0,1536,256,0,0,256,256,9472,0,0,0,1280,17
535,535,26777,179562,333568,256,205078528,0,256,2304,0,0,0,0,0,0,0,0,0,0,1
536,536,35872,239260,307968,256,77834240,0,3328,7168,0,0,0,256,0,0,100608,3328,20273,0,771
537,537,48884,325596,167168,256,102681600,0,256,2304,0,0,0,0,0,0,0,256,31865,0,23
538,538,17523,117428,192768,0,29456128,6215,0,2048,256,0,0,256,2048,15360,0,0,0,256,27
539,539,13684,91666,410368,256,54297600,0,256,1280,0,5888,5888,0,0,0,13056,13056,33302,0,461
540,540,26823,179849,704768,256,563737600,0,256,2304,0,0,0,0,0,0,0,0,0,0,1
541,541,3411,23041,282368,256,77331968,0,4864,3072,0,1024,256,0,0,0,162560,40960,42799,0,695
542,542,21614,145159,487168,256,102935808,0,256,6656,0,0,0,0,0,0,0,0,0,0,9
543,543,48706,324434,218368,0,29976576,12826,0,1024,256,0,0,256,14336,4352,0,0,0,512,9
544,544,47515,316438,512768,256,78361600,0,256,1536,0,256,256,0,0,0,61696,61696,23702,0,673
545,545,50728,337883,256768,256,51734784,0,256,1280,0,1280,256,0,0,0,184320,0,0,0,2
546,546,1043,7062,218368,256,179460096,0,3584,7168,0,0,0,0,0,0,0,3328,14063,0,56
547,547,20995,140980,410368,256,102937600,0,256,6656,0,0,0,0,0,0,0,0,0,0,6
548,548,3499,23639,435968,0,103449600,0,0,0,0,0,0,0,0,3328,155392,3328,24092,0,271
549,549,46699,310818,384768,256,54016000,0,256,2048,0,5376,5376,0,0,0,0,0,0,0,2
550,550,50708,337725,243968,256,51460608,0,256,1536,0,3072,256,0,0,0,261120,0,0,0,2
551,551,3748,25244,154368,256,51733248,0,2048,4864,0,768,256,0,0,0,139008,46336,21135,0,869
552,552,22743,152718,755968,256,154649600,0,256,6656,0,0,0,0,0,0,0,256,31247,0,14
553,553,31305,209363,154368,0,28675840,4001,0,1024,256,0,0,256,3840,13568,0,0,0,512,23
554,554,11402,76080,627968,256,102681600,0,256,1024,0,2304,2304,0,0,0,0,0,0,0,2
555,555,51268,341389,90368,256,27412480,0,256,1024,0,12800,256,0,0,0,332800,0,0,0,2
556,556,4150,27808,218368,256,154129664,0,9472,7168,0,0,0,0,0,0,0,3328,24048,0,57
557,557,49667,330643,397568,256,129049600,0,256,6656,0,0,0,0,0,0,0,0,0,0,7
558,558,53412,355171,218368,0,29963008,4336,0,1024,256,0,0,256,256,8704,0,0,0,1024,16
559,559,11521,76871,832768,256,129817600,0,256,768,0,2560,2560,0,0,0,0,0,0,0,2
560,560,29342,196568,115968,256,27916800,0,256,2304,0,4096,256,0,0,0,251904,0,0,0,2
561,561,44062,293071,243968,256,78338304,0,3072,7168,0,0,0,0,0,0,0,3328,40784,0,165
562,562,22653,152068,512768,256,103705600,0,256,3072,0,256,256,0,0,0,61696,32000,31247,0,551
563,563,43576,289904,525568,0,128281600,627,0,1792,256,0,0,256,256,36864,0,0,0,1792,424
564,564,43598,290018,576768,256,129305600,0,256,3072,0,512,512,0,0,0,0,0,0,0,2
565,565,26757,179482,231168,256,102678528,0,256,2304,0,0,0,0,0,0,0,0,0,0,1
566,566,1838,12324,103168,256,27648256,0,1280,1536,0,2048,256,0,0,0,215040,30720,46416,0,629
567,567,21720,145914,819968,256,205824256,0,256,6656,0,0,0,0,0,0,0,0,0,0,8
568,568,39795,265519,256768,0,51480576,2795,0,1024,256,0,0,256,4352,9728,0,0,0,256,17
569,569,15626,104733,256768,256,51459584,0,256,1280,0,2816,2816,0,0,0,253440,23040,20594,0,595
570,570,25612,171746,192768,256,51968768,0,256,2560,0,256,256,0,0,0,61696,0,0,0,298
571,571,1397,9318,64768,256,26893824,0,3584,4096,0,9984,256,0,0,0,319488,8192,51695,0,667
572,572,19403,130298,653568,256,129049600,0,256,6144,0,0,0,0,0,0,0,0,0,0,6
573,573,36271,241947,167168,0,28928768,1629,0,1280,256,0,0,256,768,26368,0,0,0,768,44
574,574,15372,103029,26368,256,26136320,0,256,1280,0,2048,2048,0,0,0,227328,28416,23536,0,538
575,575,32489,216983,704768,256,104217600,0,256,4096,0,0,0,0,0,0,0,0,0,0,1
576,576,4360,29060,141568,256,77329664,0,8704,4352,0,0,0,0,0,0,0,3328,24048,0,57
577,577,49657,330573,371968,256,128537600,0,256,6656,0,0,0,0,0,0,0,256,36380,0,5
578,578,45263,300955,397568,0,358937600,0,0,0,0,0,0,0,0,3328,23296,3328,24048,0,57
579,579,15524,103999,154368,256,28689664,0,256,1024,0,1792,1792,0,0,0,215040,30720,22630,0,553
580,580,50865,338724,525568,256,128537600,0,256,6656,0,0,0,0,0,0,0,0,0,0,278
581,581,52590,349676,243968,256,51728128,0,1536,5376,0,512,256,0,0,0,105216,52736,31735,0,543
582,582,24467,164022,871168,256,154379008,0,256,6912,0,0,0,0,0,0,0,512,37143,0,8
583,583,16639,111515,115968,0,27925760,5596,0,2048,256,0,0,256,2048,21760,0,0,0,256,37
584,584,7592,50485,243968,256,30481920,0,256,1792,0,2560,2560,0,0,0,0,0,0,0,2
585,585,30415,203412,26368,256,26128128,0,256,1536,0,9728,256,0,0,0,321024,0,0,0,2
586,586,4370,29147,256768,256,205064704,0,6656,512,0,0,0,0,0,0,0,3328,42358,0,64
587,587,21016,141133,474368,256,128267520,0,256,6400,0,0,0,0,0,0,0,0,0,0,2
588,588,3298,22280,90368,0,27396608,3029,0,7168,256,0,0,0,256,0,0,0,0,3584,284
589,589,9032,60014,551168,256,102681600,0,256,1536,0,3328,3328,0,0,0,0,0,0,0,2
590,590,26806,179651,448768,256,307730688,0,256,2304,0,0,0,0,0,0,0,0,0,0,1
591,591,45042,299592,141568,256,77328128,0,3328,7168,0,0,0,0,0,0,0,3328,31735,0,60
592,592,49494,329532,51968,256,26644224,0,256,0,0,0,0,0,0,0,0,0,0,0,1
593,593,26113,175134,397568,0,54282496,3522,0,1792,256,0,0,256,1280,13568,0,0,0,1536,23
594,594,13180,87972,755968,256,128537600,0,256,1024,0,2048,2048,0,0,0,0,0,0,0,2
595,595,30966,207244,589568,256,79616768,0,256,1792,0,256,256,0,0,0,61696,0,0,0,488
596,596,35854,239148,282368,256,77314816,0,6144,7168,0,4864,256,0,0,0,30720,0,0,0,10
597,597,19038,127849,192768,256,29446400,0,256,1536,0,6912,256,0,0,0,311040,6656,35422,0,577
598,598,45160,300331,26368,0,26114304,10513,0,6912,256,0,0,0,20480,0,0,0,0,1792,2
599,599,37700,251262,13568,256,25877248,0,256,0,0,3328,3328,0,0,0,20480,20480,41620,0,459
600,600,51853,345086,576768,256,155161600,0,256,6656,0,0,0,0,0,0,0,0,0,0,1
601,601,35802,238791,179968,256,52248576,0,4608,6656,0,0,0,256,0,0,0,3328,26282,0,172
602,602,22418,150409,154368,256,28686848,0,256,768,0,11264,256,0,0,0,326656,3840,32685,0,514
603,603,25969,174087,243968,0,30485760,2573,0,1280,256,0,0,256,1280,26368,0,0,0,512,44
604,604,37876,252404,167168,256,28935168,0,256,1792,0,1536,1536,0,0,0,0,0,0,0,2
605,605,39833,265787,295168,256,52224256,0,256,256,0,14080,256,0,0,0,336128,0,0,0,2
606,606,3400,22984,269568,256,77072640,0,2816,7168,0,0,0,0,0,0,0,3328,36922,0,695
607,607,19394,130248,627968,256,128537600,0,256,6400,0,0,0,0,0,0,0,0,0,0,2
608,608,35204,234827,666368,0,103961600,1512,0,3328,256,0,0,256,768,36864,0,0,0,2304,449
609,609,7181,47678,179968,256,29188096,0,256,768,0,16896,16896,0,0,0,0,0,0,0,2
610,610,32938,219774,295168,256,51980032,0,256,256,0,12288,256,0,0,0,331776,0,0,0,2
611,611,3808,25677,269568,256,77069568,0,1024,7168,0,0,0,256,0,0,0,3328,39787,0,890
612,612,48942,325969,640768,256,563737600,0,256,2304,0,0,0,0,0,0,0,256,31735,0,3
613,613,21922,147293,167168,0,28941824,6586,0,1280,256,0,0,256,512,30720,0,0,0,256,52
614,614,46758,311150,423168,256,54799616,0,256,1280,0,4352,4352,0,0,0,0,0,0,0,2
615,615,32483,216898,666368,256,103449600,0,256,2048,0,2048,256,0,0,0,227328,0,0,0,2
616,616,45236,300754,141568,256,102928128,0,5888,7168,0,0,0,0,0,0,0,3328,31735,0,60
617,617,23758,159219,909568,256,130573312,0,256,1536,0,1280,256,0,0,0,184320,18944,37208,0,558
618,618,55090,366418,909568,0,230681600,0,0,0,0,0,0,0,0,3328,89856,3328,39797,0,172
619,619,12628,84289,167168,256,28947200,0,256,1280,0,10496,10496,0,0,0,0,0,0,0,2
620,620,29560,197936,448768,256,103961600,0,256,6656,0,0,0,0,0,0,0,0,0,0,1
621,621,2424,16331,115968,256,51986688,0,768,7168,0,0,0,0,0,0,0,3328,34826,0,248
622,622,23559,157991,627968,256,79894272,0,256,1536,0,1280,256,0,0,0,184320,17408,22513,0,544
623,623,37352,248859,282368,0,51990272,2709,0,1280,256,0,0,256,3840,11520,0,0,0,1024,20
624,624,10479,69788,474368,256,77835264,0,256,1536,0,768,768,0,0,0,0,0,0,0,2
625,625,26738,179365,154368,256,51478528,0,256,2048,0,0,0,0,0,0,0,0,0,0,405
626,626,1649,11025,154368,256,102660096,0,3072,7168,0,0,0,0,0,0,0,3328,14063,0,56
627,627,49727,331140,615168,256,205593600,0,256,6656,0,0,0,0,0,0,0,1024,24111,0,14
628,628,48275,321606,179968,0,29194496,11615,0,768,256,0,0,256,6144,5632,0,0,0,256,11
629,629,11111,74137,346368,256,52997888,0,256,2048,0,1280,1280,0,0,0,0,0,0,0,2
630,630,29138,195261,218368,256,29956352,0,256,1024,0,3584,256,0,0,0,272384,0,0,0,169
631,631,43819,291480,154368,256,102930688,0,19200,7168,0,0,0,0,0,0,0,3328,34826,0,58
632,632,22832,153292,909568,256,180761600,0,256,6656,0,0,0,0,0,0,0,512,43005,0,17
633,633,47342,315316,320768,0,52492288,9763,0,1280,256,0,0,256,256,7680,0,0,0,1024,14
634,634,54866,365012,397568,256,54037760,0,256,1024,0,5376,5376,0,0,0,0,0,0,0,221
635,635,31095,208103,845568,256,154891520,0,256,4096,0,0,0,0,0,0,0,0,0,0,86
636,636,2856,19185,13568,256,25870336,0,3584,0,0,9728,256,0,0,0,321024,8448,33127,0,611
637,637,21728,145957,832768,256,206105600,0,256,6400,0,0,0,0,0,0,0,512,30467,0,5
638,638,13706,91836,435968,0,54809600,3567,0,1024,256,0,0,256,3328,16640,0,0,0,1024,28
639,639,11663,77697,64768,256,26900224,0,256,1024,0,3584,3584,0,0,0,0,0,0,0,2
640,640,51825,344936,512768,256,153881600,0,256,6656,0,0,0,0,0,0,0,0,0,0,1
641,641,2989,20114,192768,256,52498688,0,2560,7168,0,0,0,256,0,0,72960,3328,34826,0,807
642,642,19801,133207,307968,256,52505600,0,256,1024,0,4608,256,0,0,0,285696,7936,42725,0,596
643,643,13002,86791,499968,0,77325568,4871,0,1024,256,0,0,256,256,15872,0,0,0,256,27
644,644,12875,85970,384768,256,54037248,0,256,768,0,1536,1536,0,0,0,0,0,0,0,2
645,645,30814,206222,410368,256,54279680,0,256,1280,0,2560,256,0,0,0,236032,0,0,0,2
646,646,1040,7005,141568,256,102672128,0,2304,7168,0,0,0,0,0,0,0,3328,31735,0,59
647,647,19411,130352,679168,256,129561600,0,256,6656,0,0,0,0,0,0,0,256,41785,0,4
648,648,14497,97008,525568,0,77840640,7203,0,1024,256,0,0,256,3328,18432,0,0,0,256,31
649,649,11160,74499,384768,256,53784576,0,256,2560,0,1024,1024,0,0,0,0,0,0,0,2
650,650,29568,197991,474368,256,128537600,0,256,6400,0,0,0,0,0,0,0,0,0,0,1
651,651,2818,18970,115968,256,27920128,0,256,3072,0,0,0,0,0,0,0,3328,31735,0,803
652,652,21691,145732,730368,256,179992576,0,256,6400,0,0,0,0,0,0,0,512,23178,0,6
653,653,43946,292326,39168,0,26373120,7698,0,7168,256,0,0,0,2048,0,0,0,0,512,92
654,654,9948,66357,909568,256,155673600,0,256,512,0,1024,1024,0,0,0,0,0,0,0,2
655,655,31050,207822,704768,256,104215808,0,256,1792,0,256,256,0,0,0,61696,0,0,0,2
656,656,1651,11032,154368,256,102680576,0,2816,7168,0,0,0,0,0,0,0,3328,26282,0,52
657,657,25177,168607,845568,256,205081600,0,256,6400,0,0,0,0,0,0,0,1024,36380,0,17
658,658,6679,44516,192768,0,29452800,12920,0,1280,256,0,0,256,256,4864,0,0,0,256,10
659,659,15809,105936,410368,256,54547712,0,256,768,0,2816,2816,0,0,0,237056,23040,23314,0,611
660,660,35292,235359,819968,256,130073600,0,256,6656,0,0,0,256,0,0,0,0,0,0,1
661,661,3805,25661,269568,256,77061120,0,3584,3584,0,1280,256,0,0,0,182272,36864,33607,0,688
662,662,24447,163823,807168,256,130059520,0,256,6912,0,0,0,0,0,0,0,1536,30467,0,42
663,663,10965,73254,231168,0,30220800,2192,0,768,256,0,0,256,256,8960,0,0,0,256,16
664,664,53802,357955,141568,256,28420096,0,256,768,0,11776,11776,0,0,0,5888,0,0,0,2
665,665,29529,197701,346368,256,77849600,0,256,2560,0,768,256,0,0,0,139008,0,0,0,1
666,666,1616,10855,77568,256,27153664,0,5376,7168,0,0,0,0,0,0,0,3328,24048,0,498
667,667,25166,168505,807168,256,180249600,0,256,6656,0,0,0,0,0,0,0,256,40784,0,9
668,668,53140,353322,704768,0,409881600,0,0,0,0,0,0,0,0,3328,29952,3328,27737,0,57
669,669,42954,286126,538368,256,78105600,0,256,768,0,1536,1536,0,0,0,0,0,0,0,2
670,670,50966,339436,832768,256,230914304,0,256,6400,0,0,0,0,0,0,0,0,0,0,1
671,671,44055,293044,231168,256,78085120,0,5120,7168,0,0,0,0,0,0,0,3328,33607,0,233
672,672,19446,130643,807168,256,180249600,0,256,6656,0,0,0,0,0,0,0,0,0,0,9
673,673,23903,160304,141568,0,28427776,7268,0,1536,256,0,0,256,512,13568,0,0,0,1536,24
674,674,9831,65562,704768,256,128537600,0,256,1792,0,512,512,0,0,0,0,0,0,0,2
675,675,26098,175022,371968,256,53776640,0,256,1536,0,2560,256,0,0,0,222208,0,0,0,2
676,676,44677,297296,218368,256,78098176,0,4352,7168,0,0,0,0,0,0,0,3328,30572,0,165
677,677,21659,145514,640768,256,154137600,0,256,6656,0,0,0,0,0,0,0,768,22655,0,7
678,678,31635,211548,167168,0,28951040,4026,0,1280,256,0,0,256,7168,5632,0,0,0,1280,11
679,679,10233,68253,243968,256,30479616,0,256,1536,0,3584,3584,0,0,0,0,0,0,0,2
680,680,40099,267356,755968,256,180242688,0,256,6400,0,0,0,0,0,0,0,0,0,0,1
681,681,43776,291180,51968,256,26637824,0,6400,512,0,1024,256,0,0,0,163840,40960,51695,0,702
682,682,19460,130701,819968,256,180505600,0,256,6400,0,0,0,0,0,0,0,256,42725,0,6
683,683,28374,189992,77568,0,27142144,16420,0,1024,256,0,0,256,256,10240,0,0,0,768,20
684,684,14992,100314,243968,256,30475008,0,256,1280,0,9216,9216,0,0,0,0,0,0,0,2
685,685,50907,339023,653568,256,155161600,0,256,6912,0,0,0,0,0,0,0,0,0,0,1
686,686,839,5667,167168,256,28941824,0,1280,6912,0,0,0,256,0,0,141824,3328,36380,0,404
687,687,49099,326800,90368,256,27396096,0,256,1024,0,11264,256,0,0,0,326656,2816,31865,0,583
688,688,9406,62659,167168,0,28939776,15142,0,768,256,0,0,256,256,5888,0,0,0,256,12
689,689,11589,77326,26368,256,26114048,0,256,768,0,3584,3584,0,0,0,0,0,0,0,2
690,690,35202,234810,666368,256,103961600,0,256,3072,0,256,256,0,0,0,61440,0,0,0,336
691,691,834,5639,167168,256,28930304,0,768,6144,0,0,0,0,0,0,0,3328,40784,0,364
692,692,22766,152868,794368,256,155417600,0,256,6144,0,0,0,0,0,0,0,256,31247,0,15
693,693,10325,68781,307968,0,52235264,3189,0,1792,256,0,0,256,256,14592,0,0,0,512,25
694,694,38178,254463,461568,256,77593600,0,256,1792,0,768,768,0,0,0,43264,43264,28652,0,599
695,695,33309,222365,781568,256,129049600,0,256,4864,0,512,256,0,0,0,105216,0,0,0,2
696,696,4144,27768,167168,256,102929664,0,5120,7168,0,0,0,0,0,0,0,3328,24048,0,57
697,697,49767,331436,743168,256,256281600,0,256,6912,0,0,0,0,0,0,0,256,45160,0,4
698,698,48804,325056,39168,0,26368256,7277,0,1792,256,0,0,256,3072,9984,0,0,0,512,18
699,699,11091,74009,320768,256,52504064,0,256,1536,0,3584,3584,0,0,0,0,0,0,0,2
700,700,33705,224995,269568,256,51737088,0,256,0,0,0,0,0,0,0,0,0,0,0,2
701,701,45446,302150,192768,256,128258304,0,3328,7168,0,0,0,0,0,0,0,3328,40784,0,56
702,702,17830,119644,371968,256,205063424,0,256,2304,0,0,0,0,0,0,0,0,0,0,3
703,703,7282,48332,256768,0,30742784,10864,0,1024,256,0,0,256,256,5376,0,0,0,512,11
704,704,11580,77281,13568,256,25872128,0,256,0,0,4608,4608,0,0,0,0,0,0,0,1
705,705,50832,338509,410368,256,78105600,0,256,1536,0,1280,256,0,0,0,184320,0,0,0,2
706,706,1037,7001,141568,256,102658304,0,2816,4352,0,0,0,0,0,0,0,3328,40784,0,56
707,707,22731,152637,730368,256,154137600,0,256,6400,0,0,0,0,0,0,0,768,42725,0,35
708,708,52385,348332,64768,0,26898688,13447,0,2304,256,0,0,256,21504,3840,0,0,0,768,8
709,709,12518,83572,77568,256,27150336,0,256,2048,0,3072,3072,0,0,0,0,0,0,0,2
710,710,29679,198489,679168,256,180761600,0,256,6400,0,0,0,0,0,0,0,0,0,0,1
711,711,44067,293104,256768,256,102661120,0,2560,7168,0,0,0,0,0,0,0,3328,33607,0,163
712,712,17882,119953,768768,256,589318144,0,256,2304,0,0,0,0,0,0,0,256,28999,0,3
713,713,22596,151608,397568,0,78361600,11805,0,2048,256,0,0,256,768,18432,0,0,0,1792,33
714,714,47502,316353,487168,256,77849600,0,256,1280,0,256,256,0,0,0,61696,61696,27484,0,398
715,715,52002,345850,896768,256,281881600,0,256,5632,0,0,0,0,0,0,0,0,0,0,1
716,716,4155,27868,295168,256,230929664,0,5632,7168,0,0,0,0,0,0,0,3328,24048,0,57
717,717,21645,145387,589568,256,129049600,0,256,6656,0,0,0,0,0,0,0,1280,30467,0,14
718,718,12048,80352,410368,0,54284288,7648,0,1280,256,0,0,256,256,7680,0,0,0,512,14
719,719,37239,248122,179968,256,29204480,0,256,1536,0,512,512,0,0,0,0,0,0,0,2
720,720,50785,338221,320768,256,53010688,0,256,1536,0,6144,256,0,0,0,301056,0,0,0,2
721,721,1443,9608,103168,256,27661824,0,4352,5632,0,0,0,0,0,0,0,3328,51695,0,642
722,722,22008,147830,320768,256,205062400,0,256,1024,0,0,0,0,0,0,0,0,0,0,7
723,723,24541,164433,39168,0,26375168,16951,0,1024,256,0,0,256,10240,4864,0,0,0,1024,43
724,724,41417,276042,64768,256,26881280,0,256,1536,0,4352,4352,0,0,0,0,0,0,0,2
725,725,32331,216018,461568,256,55319808,0,256,1536,0,1536,256,0,0,0,201216,0,0,0,2
726,726,3017,20241,231168,256,53254912,0,2560,7168,0,0,0,256,0,0,0,3328,26200,0,760
727,727,21686,145703,730368,256,179968000,0,256,6400,0,0,0,0,0,0,0,0,0,0,6
728,728,6658,44378,179968,0,29207552,16926,0,1792,256,0,0,256,4096,16640,0,0,0,1536,31
729,729,37028,246792,13568,256,25868800,0,256,0,0,7424,7424,0,0,0,10752,10752,35665,0,465
730,730,39957,266591,410368,256,77081600,0,256,1024,0,2304,256,0,0,0,226816,0,0,0,371
731,731,3042,20400,269568,256,77067776,0,2816,7168,0,0,0,0,0,0,0,3328,25756,0,272
732,732,41000,273285,282368,256,52249600,0,256,1792,0,1792,256,0,0,0,215040,12800,35681,0,871
733,733,24046,161280,269568,0,51736576,6345,0,768,256,0,0,256,512,13056,0,0,0,768,23
734,734,42501,283082,115968,256,27912960,0,256,1280,0,1024,1024,0,0,0,0,0,0,0,275
735,735,27785,186049,90368,256,27399424,0,256,1280,0,11776,256,0,0,0,329728,0,0,0,2
736,736,3803,25649,256768,256,53784320,0,2560,7168,0,0,0,256,0,0,0,3328,25537,0,461
737,737,41123,274027,499968,256,102681600,0,256,6656,0,0,0,0,0,0,0,256,28272,0,8
738,738,32249,215417,384768,0,53783296,11152,0,1024,256,0,0,256,3840,12288,0,0,0,768,22
739,739,46886,312035,563968,256,79118848,0,256,2304,0,2304,2304,0,0,0,0,0,0,0,2
740,740,32568,217578,909568,256,154393600,0,256,6656,0,0,0,0,0,0,0,0,0,0,1
741,741,45049,299646,205568,256,153880576,0,4864,2304,0,0,0,0,0,0,0,3328,26282,0,52
742,742,22909,153811,64768,256,26898176,0,256,1024,0,4864,256,0,0,0,291840,7936,30572,0,548
743,743,44656,297127,154368,0,52752640,3075,0,7168,256,0,0,0,0,0,0,0,0,256,47
744,744,8916,59281,384768,256,53785600,0,256,1280,0,1280,1280,0,0,0,0,0,0,0,2
745,745,30660,205049,243968,256,30464000,0,256,512,0,5376,256,0,0,0,295680,0,0,0,2
746,746,52082,346364,64768,256,26897664,0,1280,5376,0,5376,256,0,0,0,295680,14080,24048,0,601
747,747,21051,141347,563968,256,154137600,0,256,6144,0,0,0,0,0,0,0,512,30885,0,9
748,748,23109,155147,243968,0,30485248,12883,0,1280,256,0,0,256,1792,11776,0,0,0,768,22
749,749,8799,58505,269568,256,51481600,0,256,256,0,7168,7168,0,0,0,4864,0,0,0,41
750,750,50912,339075,679168,256,179713280,0,256,6656,0,0,0,0,0,0,0,0,0,0,1
751,751,4141,27755,154368,256,102664704,0,4608,7168,0,0,0,0,0,0,0,3328,42358,0,63
752,752,41182,274404,602368,256,104729600,0,256,6144,0,0,0,0,0,0,0,256,35114,0,12
753,753,8671,57674,154368,0,28679424,14822,0,256,256,0,0,256,256,3328,0,0,0,256,7
754,754,14661,98139,768768,256,129304576,0,256,2048,0,256,256,0,0,0,55808,55808,31154,0,623
755,755,33176,221426,538368,256,78103808,0,256,512,0,4352,256,0,0,0,282880,0,0,0,161
756,756,44066,293096,243968,256,78360576,0,5120,7168,0,0,0,0,0,0,0,3328,26282,0,150
757,757,23905,160312,141568,256,28433152,0,256,1280,0,4864,256,0,0,0,291840,7936,40988,0,563
758,758,55375,368348,256768,0,30740224,4799,0,1280,256,0,0,256,5376,9728,0,0,0,1024,17
759,759,8006,53147,154368,256,28685312,0,256,2048,0,7424,7424,0,0,0,0,0,0,0,2
760,760,39564,263976,51968,256,26642176,0,256,2048,0,4096,256,0,0,0,264448,0,0,0,598
761,761,35654,237886,26368,256,26118912,0,5120,7168,0,0,0,256,0,0,231168,3328,26200,0,459
762,762,21646,145407,602368,256,129281280,0,256,6656,0,0,0,0,0,0,0,256,35224,0,7
763,763,26445,177389,39168,0,26368512,20905,0,256,256,0,0,256,16128,3328,0,0,0,256,8
764,764,36917,246048,167168,256,28939008,0,256,1024,0,4608,4608,0,0,0,0,0,0,0,2
765,765,29685,198586,730368,256,205849600,0,256,6656,0,0,0,0,0,0,0,0,0,0,1
766,766,1036,6996,128768,256,77329664,0,1280,7168,0,0,0,0,0,0,0,3328,24048,0,56
767,767,21104,141672,704768,256,205081600,0,256,6400,0,0,0,0,0,0,0,256,37143,0,5
768,768,32397,216423,538368,0,77849600,2408,0,1536,256,0,0,0,6144,0,0,0,0,2048,22
769,769,37845,252213,141568,256,28424960,0,256,1280,0,4608,4608,0,0,0,0,0,0,0,2
770,770,52000,345792,871168,256,257292288,0,256,6656,0,0,0,0,0,0,0,0,0,0,1
771,771,52117,346608,103168,256,27652096,0,1024,3328,0,5120,256,0,0,0,291840,14592,31865,0,612
772,772,24853,166320,282368,256,51716608,0,256,1024,0,6912,256,0,0,0,311040,5376,21382,0,576
773,773,47053,313320,64768,0,26880256,16668,0,512,256,0,0,256,256,4352,0,0,0,512,9
774,774,15866,106353,487168,256,77593600,0,256,1536,0,5376,5376,0,0,0,17152,14080,35681,0,528
775,775,50754,338043,295168,256,52498176,0,256,1536,0,2304,256,0,0,0,237312,0,0,0,2
776,776,1655,11081,218368,256,154134528,0,2816,7168,0,0,0,0,0,0,0,3328,22650,0,56
777,777,22785,153013,832768,256,156185600,0,256,6912,0,0,0,0,0,0,0,0,0,0,8
778,778,17952,120288,39168,0,26388224,6240,0,1536,256,0,0,256,5120,9728,0,0,0,1536,17
779,779,12295,82049,666368,256,103193600,0,256,1024,0,1280,1280,0,0,0,0,0,0,0,2
780,780,50856,338660,499968,256,103961600,0,256,5632,0,256,256,0,0,0,61696,0,0,0,2
781,781,1453,9703,167168,256,102660096,0,1024,7168,0,0,0,0,0,0,0,3328,14063,0,55
782,782,20956,140803,333568,256,77323520,0,256,3072,0,0,0,0,0,0,0,0,0,0,17
783,783,7267,48217,243968,0,30466304,2435,0,1024,256,0,0,256,256,18432,0,0,0,1024,31
784,784,8447,56138,243968,256,30477568,0,256,1536,0,5888,5888,0,0,0,0,0,0,0,2
785,785,26755,179469,218368,256,77337600,0,256,2048,0,0,0,0,0,0,0,0,0,0,1
786,786,52223,347267,205568,256,51712256,0,1024,5632,0,0,0,0,0,0,0,3328,34882,0,236
787,787,22496,150959,243968,256,52249600,0,256,1280,0,1792,256,0,0,0,215040,15360,26654,0,557
788,788,17021,114084,205568,0,29702400,10613,0,512,256,0,0,256,10496,3840,0,0,0,256,8
789,789,15715,105345,333568,256,53003776,0,256,1280,0,1792,1792,0,0,0,215040,30720,38993,0,669
790,790,34518,230234,819968,256,129536256,0,256,1280,0,2048,256,0,0,0,227328,0,0,0,2
791,791,45157,300306,26368,256,26114304,0,5376,0,0,1024,256,0,0,0,163840,40960,40784,0,638
792,792,17862,119817,589568,256,410137600,0,256,2304,0,0,0,0,0,0,0,512,31080,0,4
793,793,36016,240146,538368,0,128537600,0,0,0,0,0,0,0,0,3328,155392,3328,25868,0,271
794,794,14426,96578,461568,256,55297280,0,256,1536,0,1792,1792,0,0,0,30720,30720,34547,0,545
795,795,33318,222429,794368,256,129305600,0,256,5632,0,0,0,0,0,0,0,0,0,0,240
796,796,4148,27797,205568,256,153872128,0,4352,7168,0,0,0,0,0,0,0,3328,31735,0,60
797,797,25106,168077,615168,256,128281600,0,256,3584,0,256,256,0,0,0,61696,27648,21135,0,337
798,798,75,463,64000,0,26882816,4859,0,1792,256,0,0,256,256,18432,0,0,0,256,30
799,799,10955,73187,218368,256,29969408,0,256,1024,0,4864,4864,0,0,0,0,0,0,0,2
800,800,33359,222705,871168,256,153881600,0,256,6656,0,0,0,0,0,0,0,0,0,0,101
801,801,2916,19615,64768,256,26902272,0,4608,7168,0,0,0,256,0,0,0,3328,22513,0,648
802,802,19378,130151,589568,256,103705600,0,256,6656,0,0,0,0,0,0,0,0,0,0,4
803,803,20207,136050,167168,0,28946432,2752,0,2048,256,0,0,256,768,26368,0,0,0,512,44
804,804,47522,316483,538368,256,102937600,0,256,2304,0,768,768,0,0,0,0,0,0,0,2
805,805,40118,267641,909568,256,231449600,0,256,6144,0,0,0,0,0,0,0,0,0,0,1
806,806,1048,7077,231168,256,179730688,0,4608,7168,0,0,0,0,0,0,0,3328,34826,0,56
807,807,41216,274687,679168,256,129305600,0,256,6656,0,0,0,0,0,0,0,0,0,0,7
808,808,19688,132354,192768,0,29465600,10774,0,1024,256,0,0,256,5632,10240,0,0,0,256,18
809,809,46270,307882,896768,256,180226304,0,256,2048,0,256,256,0,0,0,61696,61696,40784,0,588
810,810,34136,227754,359168,256,53265664,0,256,768,0,6400,256,0,0,0,307200,0,0,0,2
811,811,43796,291311,64768,256,26902528,0,13568,7168,0,0,0,256,0,0,123392,3328,22650,0,590
812,812,22732,152640,743168,256,154393600,0,256,6144,0,0,0,0,0,0,0,256,39690,0,4
813,813,315,2107,51200,0,26626304,9807,0,2048,256,0,0,256,3328,10496,0,0,0,2048,18
814,814,42579,283552,179968,256,29185280,0,256,1536,0,4352,4352,0,0,0,0,0,0,0,106
815,815,51829,344971,525568,256,154137600,0,256,6656,0,0,0,256,0,0,0,0,0,0,1
816,816,4580,30271,141568,256,102678528,0,7168,7168,0,0,0,0,0,0,0,3328,22650,0,57
817,817,19244,129275,384768,256,54017536,0,256,256,0,13824,256,0,0,0,326656,3072,42636,0,577
818,818,19209,129070,346368,0,53269248,4436,0,1024,256,0,0,256,256,46336,0,0,0,1024,77
819,819,10387,69191,371968,256,53505280,0,256,768,0,3328,3328,0,0,0,0,0,0,0,2
820,820,33546,223985,141568,256,28437248,0,256,1536,0,2560,256,0,0,0,245760,0,0,0,2
821,821,1647,11005,128768,256,77064704,0,5120,7168,0,0,0,0,0,0,0,3328,42358,0,59
822,822,48923,325828,461568,256,384525824,0,256,2048,0,0,0,0,0,0,0,0,0,0,2
823,823,897,6166,679168,0,537881600,0,0,0,0,0,0,0,0,3328,29952,3328,34882,0,61
824,824,47513,316431,512768,256,78361600,0,256,1536,0,2048,2048,0,0,0,0,0,0,0,37
825,825,31701,211904,205568,256,29719808,0,256,1280,0,6656,256,0,0,0,306176,0,0,0,2
826,826,3290,22197,77568,256,27150848,0,768,7168,0,0,0,0,0,0,0,3328,37240,0,671
827,827,19487,130870,896768,256,206105600,0,256,6400,0,0,0,0,0,0,0,768,44452,0,10
828,828,6203,41248,51968,0,26624768,24354,0,1024,256,0,0,256,256,7680,0,0,0,256,17
829,829,46904,312175,602368,256,102928384,0,256,768,0,3584,3584,0,0,0,0,0,0,0,2
830,830,26759,179493,243968,256,102937600,0,256,2304,0,0,0,0,0,0,0,0,0,0,1
831,831,45457,302203,256768,256,179725824,0,4864,3328,0,0,0,0,0,0,0,3328,51695,0,73
832,832,21145,141931,819968,256,231424512,0,256,6144,0,0,0,0,0,0,0,256,27484,0,8
833,833,27968,187113,26368,0,26118400,3075,0,1792,256,0,0,256,1024,24576,0,0,0,1280,41
834,834,42448,282854,90368,256,27393792,0,256,768,0,9984,9984,0,0,0,0,0,0,0,2
835,835,34443,229717,679168,256,103698176,0,256,1536,0,1792,256,0,0,0,215040,0,0,0,570
836,836,3339,22547,154368,256,51734784,0,2560,7168,0,0,0,0,0,0,0,3328,35117,0,710
837,837,24353,163297,615168,256,103179776,0,256,1280,0,2816,256,0,0,0,253440,12032,38993,0,594
838,838,832,5627,154368,0,28685824,4561,0,6912,256,0,0,256,2560,15872,0,0,0,256,27
839,839,42365,282256,13568,256,25858304,0,256,0,0,2560,2560,0,0,0,0,0,0,0,1
840,840,34165,227917,384768,256,53771776,0,256,1792,0,4096,256,0,0,0,278528,0,0,0,2
841,841,52315,347948,13568,256,25874688,0,1536,0,0,10752,256,0,0,0,322560,7680,34826,0,610
842,842,22813,153126,858368,256,179737600,0,256,6656,0,0,0,0,0,0,0,0,0,0,6
843,843,6387,42561,218368,0,29963776,1457,0,2048,256,0,0,256,256,52736,0,0,0,1024,87
844,844,43508,289494,371968,256,77081600,0,256,1280,0,2304,2304,0,0,0,0,0,0,0,87
845,845,32027,213967,192768,256,29462784,0,256,512,0,5888,256,0,0,0,300288,0,0,0,2
846,846,3395,22951,256768,256,53785088,0,1792,6912,0,0,0,256,0,0,182272,3328,32447,0,401
847,847,24363,163335,627968,256,103425280,0,256,1792,0,768,256,0,0,0,139008,21504,35224,0,601
848,848,2198,14781,512768,0,179737600,0,0,0,0,0,0,0,0,3328,89856,3328,35117,0,163
849,849,16752,112322,218368,256,29975040,0,256,1280,0,2048,2048,0,0,0,227328,28416,23492,0,552
850,850,29787,198968,883968,256,257049600,0,256,6656,0,0,0,0,0,0,0,0,0,0,1
851,851,45244,300805,205568,256,179473664,0,5888,7168,0,0,0,0,0,0,0,3328,24048,0,57
852,852,41119,274008,499968,256,102681600,0,256,6912,0,0,0,0,0,0,0,0,0,0,8
853,853,39404,262806,179968,0,29205248,5644,0,768,256,0,0,256,2048,14592,0,0,0,768,25
854,854,9725,64844,525568,256,78873600,0,256,768,0,1280,1280,0,0,0,0,0,0,0,2
855,855,30273,202307,461568,256,77333760,0,256,768,0,8960,256,0,0,0,322560,0,0,0,2
856,856,45440,302120,154368,256,77314304,0,5632,3840,0,0,0,0,0,0,0,3328,40784,0,56
857,857,21155,141988,832768,256,231705600,0,256,6656,0,0,0,0,0,0,0,256,23178,0,5
858,858,2421,16314,115968,256,51972608,0,1792,5376,0,768,0,0,0,0,0,3328,21382,0,242
859,859,42370,282288,13568,256,25866496,0,256,0,0,5632,5632,0,0,0,0,0,0,0,1
860,860,50724,337849,256768,256,51725824,0,256,1280,0,3584,256,0,0,0,272384,0,0,0,2
861,861,2962,19920,141568,256,51476736,0,3840,4352,0,256,256,0,0,0,61696,61696,40741,0,788
862,862,17861,119816,589568,256,410137600,0,256,2304,0,0,0,0,0,0,0,0,0,0,2
863,863,4923,32648,231168,0,30232064,6000,0,1792,256,0,0,256,2048,19456,0,0,0,1792,33
864,864,43573,289880,512768,256,103961600,0,256,2048,0,512,512,0,0,0,0,0,0,0,3
865,865,51989,345539,768768,256,231193600,0,256,6656,0,0,0,0,0,0,0,0,0,0,101
866,866,4361,29072,154368,256,102678528,0,5888,7168,0,0,0,0,0,0,0,3328,22650,0,57
867,867,21181,142157,909568,256,257305600,0,256,6400,0,0,0,0,0,0,0,0,0,0,4
868,868,24140,161821,333568,0,52997376,1452,0,512,256,0,0,256,256,8192,0,0,0,256,15
869,869,9442,62884,192768,256,29455360,0,256,1024,0,4352,4352,0,0,0,0,0,0,0,2
870,870,34289,228740,499968,256,77332224,0,256,1280,0,3072,256,0,0,0,261120,0,0,0,2
871,871,3018,20248,231168,256,53259264,0,3072,4096,0,1536,256,0,0,0,199424,33536,32085,0,505
872,872,20012,134804,909568,256,256281600,0,256,5632,0,0,0,0,0,0,0,256,21809,0,6
873,873,38020,253404,295168,0,52232448,4802,0,1792,256,0,0,256,3328,15872,0,0,0,512,27
874,874,14705,98362,871168,256,179481600,0,256,1792,0,768,768,0,0,0,46336,46336,32085,0,535
875,875,25930,173816,192768,256,29455616,0,256,512,0,3584,256,0,0,0,272384,0,0,0,554
876,876,2742,18353,39168,256,26376704,0,256,6912,0,768,256,0,0,0,133120,45824,42358,0,492
877,877,22683,152271,640768,256,129294848,0,256,6656,0,0,0,0,0,0,0,512,32685,0,182
878,878,32006,213786,179968,0,29195264,4178,0,512,256,0,0,256,1024,9728,0,0,0,512,591
879,879,13425,89762,154368,256,28683520,0,256,1280,0,768,768,0,0,0,46336,46336,24111,0,523
880,880,51832,345056,563968,256,154905600,0,256,6656,0,0,0,0,0,0,0,0,0,0,1
881,881,35786,238655,154368,256,51718912,0,3840,7168,0,0,0,256,0,0,40448,3328,26200,0,684
882,882,25122,168180,666368,256,129305600,0,256,6656,0,0,0,0,0,0,0,0,0,0,7
883,883,52171,346910,141568,0,28418304,3243,0,5888,256,0,0,256,3840,18432,0,0,0,768,31
884,884,9374,62449,141568,256,28422400,0,256,1792,0,3072,3072,0,0,0,0,0,0,0,2
885,885,33912,226394,179968,256,29204224,0,256,1536,0,6400,256,0,0,0,307200,0,0,0,592
886,886,52611,349830,307968,256,102658304,0,1536,6656,0,0,0,0,0,0,0,3328,40784,0,66
887,887,17848,119750,512768,256,333337600,0,256,2304,0,0,0,0,0,0,0,256,35681,0,4
888,888,11660,77689,64768,0,26900224,1323,0,1280,256,0,0,256,256,19456,0,0,0,512,33
889,889,11397,76041,615168,256,79385600,0,256,1280,0,3072,3072,0,0,0,0,0,0,0,338
890,890,26097,175020,371968,256,53775616,0,256,1536,0,4608,256,0,0,0,285696,0,0,0,2
891,891,3771,25413,205568,256,52741888,0,3072,6912,0,0,0,256,0,0,121600,3328,31514,0,711
892,892,49708,330975,538368,256,179993600,0,256,6144,0,0,0,0,0,0,0,512,25537,0,6
893,893,32254,215456,384768,0,53780224,11763,0,1024,256,0,0,256,2560,21760,0,0,0,1024,616
894,894,16753,112338,231168,0,30222080,9940,0,768,256,0,0,0,2816,0,0,0,0,768,1
895,895,40083,267280,730368,256,179737600,0,256,6400,0,0,0,256,0,0,0,0,0,0,101
896,896,43824,291489,167168,256,128273664,0,15360,7168,0,0,0,0,0,0,0,3328,24048,0,58
897,897,18813,126411,231168,256,51993600,0,256,0,0,0,0,0,0,0,256,512,24655,0,30
898,898,46088,306550,525568,0,78101248,13792,0,256,256,0,0,256,256,4352,0,0,0,256,9
899,899,12309,82157,691968,256,103705600,0,256,1792,0,1536,1536,0,0,0,0,0,0,0,2
900,900,40092,267305,743168,256,179993600,0,256,6400,0,0,0,0,0,0,0,0,0,0,1
901,901,851,5785,205568,256,51972096,0,1024,5888,0,0,0,0,0,0,0,3328,31865,0,137
902,902,23778,159380,26368,256,26120960,0,256,768,0,6656,256,0,0,0,306176,5888,35114,0,444
903,903,18775,126120,167168,0,28942848,4616,0,1280,256,0,0,256,5632,13056,0,0,0,1024,22
904,904,15004,100374,256768,256,30720768,0,256,1280,0,10240,10240,0,0,0,0,0,0,0,2
905,905,33341,222599,832768,256,130073600,0,256,6144,0,0,0,0,0,0,0,0,0,0,1
906,906,1640,10983,103168,256,51469824,0,3840,7168,0,0,0,0,0,0,0,3328,51695,0,405
907,907,25133,168242,691968,256,153881600,0,256,6656,0,0,0,0,0,0,0,256,38612,0,3
908,908,36613,244129,192768,0,29458176,3313,0,1280,256,0,0,256,256,17408,0,0,0,256,30
909,909,14772,98766,39168,256,26392320,0,256,1024,0,2048,2048,0,0,0,227328,28416,23536,0,575
910,910,30223,201884,397568,256,54281216,0,256,1792,0,2816,256,0,0,0,253440,0,0,0,2
911,911,43826,291494,179968,256,128514304,0,17664,7168,0,0,0,0,0,0,0,3328,40784,0,58
912,912,48929,325893,538368,256,461336576,0,256,1792,0,0,0,0,0,0,0,256,31154,0,3
913,913,34918,232912,295168,0,51986176,3734,0,512,256,0,0,256,7680,4864,0,0,0,256,9
914,914,13796,92453,627968,256,128793600,0,256,2048,0,1024,1024,0,0,0,0,0,0,0,2
915,915,32547,217420,858368,256,130326784,0,256,6400,0,0,0,0,0,0,0,0,0,0,1
916,916,3415,23079,295168,256,77582080,0,3328,4352,0,0,0,0,0,0,0,3328,41507,0,252
917,917,25114,168142,653568,256,129049600,0,256,6144,0,0,0,0,0,0,0,0,0,0,55
918,918,23215,155944,346368,0,52993536,14616,0,256,256,0,0,256,16896,3584,0,0,0,256,8
919,919,13238,88462,871168,256,153881600,0,256,768,0,4352,4352,0,0,0,0,0,0,0,2
920,920,33297,222283,755968,256,128537600,0,256,3584,0,1792,256,0,0,0,200192,0,0,0,527
921,921,44668,297208,179968,256,77331200,0,3328,7168,0,0,0,256,0,0,33024,3328,34709,0,371
922,922,49718,331084,589568,256,205081600,0,256,6912,0,0,0,0,0,0,0,256,33127,0,7
923,923,41388,275838,39168,0,26382848,4794,0,768,256,0,0,0,256,0,0,0,0,512,2
924,924,37961,252979,243968,256,30466304,0,256,1280,0,2816,2816,0,0,0,23040,23040,23318,0,521
925,925,51772,344545,320768,256,77849600,0,256,2304,0,256,256,0,0,0,61696,0,0,0,2
926,926,1463,9740,205568,256,128536576,0,1792,7168,0,0,0,0,0,0,0,3328,26282,0,52
927,927,21708,145849,781568,256,205079808,0,256,6656,0,0,0,0,0,0,0,0,0,0,6
928,928,55213,367283,115968,0,27904512,10020,0,1024,256,0,0,256,2304,11008,0,0,0,256,20
929,929,12959,86527,461568,256,55571456,0,256,256,0,14080,14080,0,0,0,0,0,0,0,118
930,930,50814,338416,371968,256,77337600,0,256,1792,0,768,256,0,0,0,139008,0,0,0,2
931,931,3040,20389,269568,256,77061632,0,768,7168,0,0,0,0,0,0,0,3328,20202,0,271
932,932,49602,330228,231168,256,77593600,0,256,4352,0,0,0,0,0,0,0,512,33302,0,37
933,933,47552,316670,615168,256,128537600,0,256,6400,0,0,0,0,0,0,0,3328,37586,0,170
934,934,13641,91385,359168,256,53270784,0,256,1536,0,5120,5120,0,0,0,0,0,0,0,2
935,935,34740,231638,141568,256,28417280,0,256,1024,0,11008,256,0,0,0,330240,0,0,0,2
936,936,35830,238983,231168,256,53268224,0,5376,7168,0,0,0,256,0,0,104960,3328,31302,0,759
937,937,49666,330633,397568,256,129049600,0,256,6400,0,0,0,0,0,0,0,0,0,0,7
938,938,26540,178031,128768,0,28176128,14813,0,1792,256,0,0,256,14336,5632,0,0,0,1280,367
939,939,12394,82741,845568,256,129817600,0,256,1792,0,768,768,0,0,0,0,0,0,0,2
940,940,31021,207645,666368,256,103434496,0,256,1536,0,2048,256,0,0,0,223488,0,0,0,484
941,941,45241,300779,179968,256,153856256,0,4864,7168,0,0,0,0,0,0,0,3328,46416,0,64
942,942,49720,331090,589568,256,205081600,0,256,6400,0,0,0,0,0,0,0,512,34826,0,2
943,943,23131,155308,256768,0,30725888,5215,0,1280,256,0,0,256,768,16640,0,0,0,256,29
944,944,15684,105146,307968,256,52490496,0,256,256,0,10240,10240,0,0,0,327680,8192,27444,0,588
945,945,34792,232016,179968,256,29205248,0,256,1280,0,3584,256,0,0,0,272384,0,0,0,2
946,946,3414,23062,295168,256,77573632,0,2560,7168,0,0,0,0,0,0,0,3328,20202,0,310
947,947,20399,137289,51968,256,26642176,0,256,768,0,10752,256,0,0,0,322560,5120,30572,0,483
948,948,13129,87704,679168,0,103961600,13149,0,1280,256,0,0,256,256,13568,0,0,0,512,25
949,949,8932,59389,410368,256,54297600,0,256,1792,0,256,256,0,0,0,61696,61696,34995,0,454
950,950,26385,176988,179968,256,29184256,0,256,2816,0,3072,256,0,0,0,236800,0,0,0,411
951,951,45039,299580,128768,256,77064704,0,3584,6656,0,0,0,0,0,0,0,3328,42358,0,96
952,952,41296,275276,819968,256,155161600,0,256,5888,0,0,0,0,0,0,0,0,0,0,6
953,953,8696,57831,179968,0,29185792,13713,0,256,256,0,0,256,256,3328,0,0,0,256,7
954,954,47905,319063,218368,0,29967104,4011,0,1792,256,0,0,256,256,13568,0,0,0,1792,23
955,955,51835,345061,563968,256,154905600,0,256,6656,0,0,0,0,0,0,0,0,0,0,1
956,956,856,5821,231168,256,77328128,0,2048,5888,0,0,0,0,0,0,0,3328,31735,0,65
957,957,20984,140938,384768,256,78361600,0,256,6656,0,0,0,0,0,0,0,512,23178,0,158
958,958,255,1633,217600,0,29977600,0,0,768,0,0,0,0,2816,1792,198656,1792,44014,0,259
959,959,43295,288240,167168,256,28939008,0,256,1280,0,3584,3584,0,0,0,0,0,0,0,2
960,960,29567,197964,461568,256,128281600,0,256,6912,0,0,0,0,0,0,0,0,0,0,1
961,961,3777,25485,218368,256,53009664,0,3584,7168,0,0,0,0,0,0,0,3328,24048,0,232
962,962,19419,130449,717568,256,154393600,0,256,6656,0,0,0,0,0,0,0,512,35665,0,6
963,963,49351,328563,359168,0,53521664,7005,0,2560,256,0,0,256,512,24576,0,0,0,768,174
964,964,14334,95891,359168,256,53264640,0,256,1280,0,4096,4096,0,0,0,17408,0,0,0,2
965,965,51803,344728,423168,256,103961600,0,256,5888,0,0,0,0,0,0,0,0,0,0,1
966,966,52607,349808,282368,256,77069824,0,1536,6656,0,0,0,0,0,0,0,3328,36380,0,212
967,967,23286,156348,397568,256,54021888,0,256,768,0,6144,256,0,0,0,297728,7680,31514,0,592
968,968,41772,278329,474368,256,179481600,0,256,2304,0,0,0,0,0,0,0,3328,32685,0,59
969,969,13730,92000,461568,256,77337600,0,256,1024,0,512,512,0,0,0,0,0,0,0,2
970,970,29517,197607,307968,256,77081600,0,256,2816,0,768,256,0,0,0,138752,0,0,0,2
971,971,1457,9725,192768,256,128269824,0,3840,7168,0,0,0,0,0,0,0,3328,51695,0,74
972,972,21141,141897,794368,256,230937600,0,256,6656,0,0,0,0,0,0,0,256,23536,0,8
973,973,18985,127506,141568,0,28439808,13380,0,512,256,0,0,256,1536,5632,0,0,0,256,11
974,974,12185,81251,525568,256,77332992,0,256,1280,0,3328,3328,0,0,0,0,0,0,0,2
975,975,35180,234699,640768,256,103429632,0,256,3584,0,256,256,0,0,0,61440,0,0,0,2
976,976,52236,347337,243968,256,77060096,0,1024,7168,0,0,0,0,0,0,0,3328,31865,0,89
977,977,41279,275116,781568,256,154393600,0,256,6912,0,0,0,0,0,0,0,0,0,0,11
978,978,38658,257718,26368,0,26115328,6088,0,1280,256,0,0,256,2304,13568,0,0,0,256,24
979,979,46959,312578,781568,256,154624256,0,256,1792,0,256,256,0,0,0,61696,61696,34882,0,556
980,980,33313,222405,794368,256,129305600,0,256,5632,0,256,256,0,0,0,61696,0,0,0,172
981,981,3377,22809,231168,256,53252096,0,4864,2304,0,256,256,0,0,0,61696,61696,14063,0,395
982,982,19922,134181,640768,256,154649600,0,256,4608,0,0,0,0,0,0,0,0,0,0,249
983,983,23740,159103,883968,0,130052096,12597,0,256,256,0,0,256,6400,6656,0,0,0,256,13
984,984,42975,286204,576768,256,102937600,0,256,1280,0,1024,1024,0,0,0,0,0,0,0,2
985,985,31510,210703,51968,256,26646272,0,256,768,0,3072,256,0,0,0,261120,0,0,0,2
986,986,3043,20406,269568,256,77070080,0,2048,7168,0,0,0,0,0,0,0,3328,41507,0,272
987,987,19457,130682,819968,256,180505600,0,256,6400,0,0,0,0,0,0,0,256,41785,0,7
988,988,8165,54111,282368,0,51737600,0,0,768,0,0,0,0,256,2048,271104,2048,28522,0,268
989,989,9979,66568,26368,256,26131456,0,256,0,0,7680,7680,0,0,0,0,0,0,0,161
990,990,51865,345138,589568,256,179473664,0,256,6656,0,0,0,0,0,0,0,0,0,0,1
991,991,43825,291492,167168,256,128280576,0,14336,7168,0,0,0,0,0,0,0,3328,26282,0,54
992,992,23266,156272,384768,256,53771264,0,256,768,0,8704,256,0,0,0,322048,4096,32085,0,569
993,993,11120,74240,359168,0,53271808,11065,0,1024,256,0,0,256,256,6400,0,0,0,1024,12
994,994,14348,95994,371968,256,53522176,0,256,768,0,9216,9216,0,0,0,0,0,0,0,2
995,995,27289,182828,410368,256,77576704,0,256,3328,0,512,256,0,0,0,105216,0,0,0,374
996,996,3038,20376,256768,256,53784320,0,2048,7168,0,0,0,0,0,0,0,3328,25537,0,256
997,997,49639,330470,333568,256,103705600,0,256,6144,0,0,0,0,0,0,0,256,34547,0,6
998,998,20908,140531,243968,0,51481600,2733,0,1792,256,0,0,0,3072,0,0,0,0,2816,36
999,999,13791,92413,615168,256,128537600,0,256,1024,0,2304,2304,0,0,0,26368,26368,32440,0,451
