accuracy,macro_precision,macro_recall,macro_f1,per_class_f1,params,model_size_kb,train_time_sec,route,student,seed,protocol,pipeline_macro_f1,delta_vs_pipeline,rf_calibration_time_sec
0.9853024911032029,0.8980726449638494,0.9344098862341486,0.9141724840320972,"[0.8474164133738602, 0.9403973509933775, 0.8494572911750826, 0.9968184764037, 0.9367728882144664]",1189,4.64453125,98.80391439999948,D_Small_MLP,A,42,per_route_set_seed,0.9104146892847712,0.00375779474732596,
0.986067615658363,0.9081114341939773,0.9244506251345573,0.9147550770067197,"[0.8250232270052648, 0.9548511047070125, 0.8478209097404144, 0.9979015904767508, 0.948178553104156]",1189,4.64453125,132.81012520000513,E_KD_from_RF,A,42,per_route_set_seed,0.9248593568626194,-0.01010427985589979,56.93157329999667
0.9880249110320285,0.9122335906452033,0.946833030727267,0.9267837974714391,"[0.8800482218203737, 0.9377358490566038, 0.8853564547206165, 0.9973107198241171, 0.9334677419354839]",3397,13.26953125,98.48239889999968,D_Small_MLP,B,42,per_route_set_seed,0.9269351133563724,-0.000151315884933223,
0.9876868327402135,0.9181303346030525,0.9316647353781393,0.9238223598870234,"[0.8433354390397979, 0.9539347408829175, 0.869198312236287, 0.9980978527306599, 0.9545454545454546]",3397,13.26953125,132.84346200000437,E_KD_from_RF,B,42,per_route_set_seed,0.9223664084994161,0.001455951387607346,56.93157329999667
0.9850533807829182,0.8915841182706952,0.9349416142309384,0.9102986847864714,"[0.8487394957983193, 0.9298409728718429, 0.8533653846153846, 0.99670038299126, 0.9228471876555501]",1189,4.64453125,97.09480389999953,D_Small_MLP,A,123,per_route_set_seed,0.9178459200934146,-0.007547235306943234,
0.9861387900355872,0.9085627174454413,0.922433247015929,0.914560397957875,"[0.8188727042431919, 0.9538461538461539, 0.8505371321812237, 0.9979996077662286, 0.9515463917525773]",1189,4.64453125,133.14766090000194,E_KD_from_RF,A,123,per_route_set_seed,0.9147966345689703,-0.00023623661109528626,57.73788259999856
0.9883096085409253,0.9138041585216607,0.9468886908653182,0.9288483955535494,"[0.8823163138231631, 0.9395085066162571, 0.8911309244486156, 0.997281195096336, 0.9340050377833753]",3397,13.26953125,97.73153399999865,D_Small_MLP,B,123,per_route_set_seed,0.9297686610542165,-0.0009202655006671501,
0.9880427046263345,0.9207463934624862,0.9355913078381637,0.9262188729731713,"[0.8535462081670249, 0.9539347408829175, 0.871462829736211, 0.9980979273290586, 0.9540526587506454]",3397,13.26953125,133.5592611999964,E_KD_from_RF,B,123,per_route_set_seed,0.9209664391410678,0.005252433832103498,57.73788259999856
0.9844483985765125,0.8889127006050879,0.9346860184918144,0.9093820905179453,"[0.8485766202301636, 0.9289719626168225, 0.8460994579307094, 0.9963354848851032, 0.9269269269269269]",1189,4.64453125,98.97101799999655,D_Small_MLP,A,456,per_route_set_seed,0.9121138333393837,-0.0027317428214383987,
0.986405693950178,0.9110421412902747,0.9246299575033969,0.916940041898614,"[0.82453909726637, 0.9548511047070125, 0.8548800372699744, 0.9979015904767508, 0.9525283797729618]",1189,4.64453125,132.0678637000019,E_KD_from_RF,A,456,per_route_set_seed,0.9180034447190092,-0.0010634028203951873,57.824254799998016
0.9880604982206406,0.9121394829016044,0.9431814918331817,0.9263787611030958,"[0.8717466290373158, 0.9421800947867298, 0.8893577121425222, 0.9974190129441899, 0.9311903566047213]",3397,13.26953125,87.30292530000588,D_Small_MLP,B,456,per_route_set_seed,0.9184135930380389,0.007965168065056871,
0.989306049822064,0.9283057450366116,0.9420365802712667,0.9341295529370166,"[0.8736942070275404, 0.9539347408829175, 0.8913910391742904, 0.998019530177654, 0.9536082474226805]",3397,13.26953125,133.15100130000064,E_KD_from_RF,B,456,per_route_set_seed,0.9503661153015115,-0.01623656236449489,57.824254799998016
0.9808185053380782,0.8766494877133452,0.9358977903892318,0.9041185064274133,"[0.8545454545454545, 0.935969868173258, 0.8063364569388666, 0.9940925112734577, 0.9296482412060302]",1189,4.64453125,99.62557379999635,D_Small_MLP,A,789,per_route_set_seed,0.9073548996655656,-0.0032363932381522797,
0.9841637010676156,0.8968228772760496,0.9114544302145106,0.9028789932871755,"[0.7873868248517015, 0.9548511047070125, 0.8231404958677686, 0.997960384389096, 0.9510561566202989]",1189,4.64453125,130.36170549999952,E_KD_from_RF,A,789,per_route_set_seed,0.9205531658177485,-0.017674172530573018,57.262402599997586
0.988932384341637,0.917444048035696,0.9509310626008542,0.9323935382978442,"[0.8927250308261405, 0.9421800947867298, 0.8999525841631105, 0.9973206136089273, 0.9297893681043129]",3397,13.26953125,95.72047410000232,D_Small_MLP,B,789,per_route_set_seed,0.9363861765823744,-0.0039926382845302255,
0.9877935943060498,0.9188389443127575,0.932666366547901,0.9240647218369054,"[0.8452012383900929, 0.9530201342281879, 0.8683834048640916, 0.9981862567280071, 0.9555325749741469]",3397,13.26953125,132.7342514999982,E_KD_from_RF,B,789,per_route_set_seed,0.9389774512393881,-0.014912729402482783,57.262402599997586
0.986779359430605,0.9023147030605356,0.9401650133179984,0.9191464101414304,"[0.8633578431372549, 0.935969868173258, 0.8751486325802615, 0.9971040102095912, 0.9241516966067864]",1189,4.64453125,99.33215210000344,D_Small_MLP,A,1001,per_route_set_seed,0.8980606562713562,0.021085753870074164,
0.9860142348754448,0.9089439398297637,0.9212024615055192,0.9143188960111079,"[0.8138639281129654, 0.9548511047070125, 0.849340430455913, 0.9979605043829545, 0.9555785123966942]",1189,4.64453125,134.0418961000032,E_KD_from_RF,A,1001,per_route_set_seed,0.9324717616733122,-0.01815286566220431,57.03382789999887
0.9891459074733097,0.9208683479243863,0.9505744883826825,0.9341089561080252,"[0.8921174652241113, 0.9457659372026641, 0.89891355692017, 0.9974485289788227, 0.9362992922143579]",3397,13.26953125,98.0114698000034,D_Small_MLP,B,1001,per_route_set_seed,0.9336509589010845,0.0004579972069407301,
0.9900355871886121,0.9330378146103879,0.9455667043787767,0.9383563483133959,"[0.8840764331210191, 0.9539347408829175, 0.9001399906672889, 0.9980980019216064, 0.9555325749741469]",3397,13.26953125,134.65829329999542,E_KD_from_RF,B,1001,per_route_set_seed,0.9305941228111907,0.007762225502205178,57.03382789999887
0.986405693950178,0.9012612657020996,0.9434119473863763,0.9200508066144044,"[0.8706739526411658, 0.935969868173258, 0.8713574982231699, 0.9966411314083677, 0.9256115826260609]",1189,4.64453125,97.37642690000212,D_Small_MLP,A,2024,per_route_set_seed,0.9111751838527745,0.008875622761629898,
0.987135231316726,0.9157417286809416,0.9294061560953871,0.9212164061635605,"[0.83875, 0.9539347408829175, 0.8603219696969697, 0.9979901369648126, 0.9550851832731028]",1189,4.64453125,132.86950209999486,E_KD_from_RF,A,2024,per_route_set_seed,0.9154417760499027,0.005774630113657753,58.039337400005024
0.9904448398576512,0.9247977431649362,0.9616008201065729,0.9418534249364748,"[0.924724409448819, 0.9342105263157895, 0.9244712990936556, 0.9970745307468782, 0.9287863590772317]",3397,13.26953125,98.95964780000213,D_Small_MLP,B,2024,per_route_set_seed,0.927724968211243,0.014128456725231886,
0.9944128113879004,0.9597019353081295,0.9711109637286167,0.9647219856445133,"[0.9598965071151359, 0.9529298751200769, 0.9590182912711276, 0.9981570072935456, 0.9536082474226805]",3397,13.26953125,133.3357554999966,E_KD_from_RF,B,2024,per_route_set_seed,0.9479306391953889,0.01679134644912439,58.039337400005024
0.9866370106761566,0.9029563915851577,0.9427647484471692,0.9209501418309347,"[0.8699661850599447, 0.9333333333333333, 0.8725651255573809, 0.9967593683714353, 0.9321266968325792]",1189,4.64453125,96.74864690000686,D_Small_MLP,A,3141,per_route_set_seed,0.915740715319615,0.005209426511319726,
0.9845017793594306,0.9012423536390308,0.9165330751297003,0.9053659958844571,"[0.8011834319526627, 0.9539347408829175, 0.8196397730076487, 0.9980193748284112, 0.9540526587506454]",1189,4.64453125,134.3224149000016,E_KD_from_RF,A,3141,per_route_set_seed,0.9139138788778659,-0.008547882993408806,57.64513740000257
0.9884697508896797,0.9145106728341302,0.9494110044992574,0.9296937291630532,"[0.8878048780487805, 0.9377358490566038, 0.8926014319809069, 0.9972615647360207, 0.9330649219929542]",3397,13.26953125,99.860983700004,D_Small_MLP,B,3141,per_route_set_seed,0.9279084114731729,0.001785317689880217,
0.9888078291814947,0.9261664598058845,0.9352890107541038,0.9300770252711841,"[0.8566764609859615, 0.9539347408829175, 0.8861863240018357, 0.9981471859774329, 0.9554404145077721]",3397,13.26953125,133.82766309999715,E_KD_from_RF,B,3141,per_route_set_seed,0.9316570381459499,-0.0015800128747658349,57.64513740000257
0.9851957295373666,0.8959495281369902,0.9331858743103327,0.9126012286369967,"[0.8436452301127705, 0.9421800947867298, 0.8515366430260047, 0.9968578161822467, 0.9287863590772317]",1189,4.64453125,93.06659780000336,D_Small_MLP,A,5678,per_route_set_seed,0.9153505564345398,-0.0027493277975431107,
0.9866903914590748,0.9124479833929803,0.928537851120284,0.9190817511200544,"[0.8360808709175739, 0.9539347408829175, 0.8565350980855589, 0.9978523726868878, 0.9510056730273336]",1189,4.64453125,132.7904494999966,E_KD_from_RF,A,5678,per_route_set_seed,0.9193036779243725,-0.00022192680431809553,57.672703200005344
0.9881672597864769,0.9138688762084705,0.9439283229308091,0.9279178212690905,"[0.8750792644261256, 0.9439696106362773, 0.8901251738525731, 0.997350135437522, 0.9330649219929542]",3397,13.26953125,96.59815560000425,D_Small_MLP,B,5678,per_route_set_seed,0.9361287957605313,-0.008210974491440814,
0.9885231316725979,0.9239333478479974,0.9377501148250811,0.9288803156673546,"[0.8607439286812173, 0.9539347408829175, 0.8775804128660586, 0.9981373279479236, 0.9540051679586563]",3397,13.26953125,133.3025540000017,E_KD_from_RF,B,5678,per_route_set_seed,0.9374297092797471,-0.008549393612392486,57.672703200005344
0.9853914590747331,0.8963300395707504,0.9286971324991182,0.9106528554083695,"[0.8312807881773399, 0.9368520263901979, 0.851457000710732, 0.9973108253999411, 0.9363636363636364]",1189,4.64453125,102.70037709999451,D_Small_MLP,A,8192,per_route_set_seed,0.9018129608027963,0.008839894605573217,
0.9858718861209964,0.9084362787785922,0.9228382326621162,0.913912370820005,"[0.8197226502311248, 0.9548511047070125, 0.8424821002386634, 0.9979605443777699, 0.9545454545454546]",1189,4.64453125,134.43965970000136,E_KD_from_RF,A,8192,per_route_set_seed,0.9293214421170589,-0.015409071297053933,65.44502750000538
0.9883985765124556,0.9147413867799962,0.9464297204117574,0.9290112306541598,"[0.8797763280521901, 0.9395085066162571, 0.891554928252176, 0.9973796040944913, 0.9368367862556847]",3397,13.26953125,98.05906360000517,D_Small_MLP,B,8192,per_route_set_seed,0.9346336567545972,-0.005622426100437394,
0.9874199288256228,0.9160724741611371,0.9303623357819889,0.9220640040511118,"[0.8392576281849639, 0.9539347408829175, 0.8654117647058823, 0.9981076390591143, 0.9536082474226805]",3397,13.26953125,127.85035300000163,E_KD_from_RF,B,8192,per_route_set_seed,0.9571708320135194,-0.035106827962407605,65.44502750000538
0.984608540925267,0.893735425565908,0.928862627139868,0.9093756930669649,"[0.8342507645259939, 0.9377358490566038, 0.8399529964747356, 0.996867789287643, 0.9380710659898477]",1189,4.64453125,86.13565120000567,D_Small_MLP,A,9999,per_route_set_seed,0.9191605167991035,-0.009784823732138626,
0.9860142348754448,0.9092693916009654,0.9224311295917905,0.9145158402859288,"[0.8194878201124297, 0.9548511047070125, 0.8458087367178276, 0.99798019413668, 0.9544513457556936]",1189,4.64453125,127.2346791999953,E_KD_from_RF,A,9999,per_route_set_seed,0.9147797232628927,-0.00026388297696389174,58.55065739999554
0.9884519572953737,0.9186807975608708,0.9440283732282436,0.9300489402216938,"[0.8750780762023735, 0.9466666666666667, 0.8860818713450292, 0.9975764117156454, 0.9448416751787538]",3397,13.26953125,87.20487069999945,D_Small_MLP,B,9999,per_route_set_seed,0.9418611554157135,-0.011812215194019648,
0.9870284697508896,0.9140862806788889,0.9304459277722078,0.9200471638875248,"[0.8394160583941606, 0.9529298751200769, 0.8582449373191899, 0.9980486561222188, 0.9515962924819773]",3397,13.26953125,126.06551700000273,E_KD_from_RF,B,9999,per_route_set_seed,0.9542756381869797,-0.03422847429945486,58.55065739999554
