student_name,Config,n_seeds,accuracy_mean,accuracy_std,macro_f1_mean,macro_f1_std,macro_precision_mean,macro_recall_mean,ece_mean,train_time_sec_mean,per_class_f1_mean,per_class_f1_std,class_names,params,size_kb,flops_per_sample
student_A_32_16,A_RF_500,5,0.883295310519645,0.00017056720944814892,0.8729127170995901,0.0002286097730070966,0.9150542461055068,0.8566366058931074,0.06725512492566055,11.77964940071106,"[0.9482497788832009, 0.6210131350716058, 1.0, 1.0, 1.0, 0.7551867219917012, 1.0, 0.9782685150215322, 0.7270456384435288, 0.9191408717624763, 0.8928750321416056, 0.7458867195595312, 0.7493643848932928, 0.9436880389580409, 0.8129719197673364]","[0.00045429813454074997, 0.0010544393608808743, 0.0, 0.0, 0.0, 0.0, 0.0, 0.0001993736985284138, 0.0018860098518697918, 0.0, 0.0003890458974808787, 0.0016712102873770029, 0.000474457048939597, 0.0010369128923220353, 0.002060879241695232]","[""Backdoor"", ""DDoS_HTTP"", ""DDoS_ICMP"", ""DDoS_TCP"", ""DDoS_UDP"", ""Fingerprinting"", ""MITM"", ""Normal"", ""Password"", ""Port_Scanning"", ""Ransomware"", ""SQL_injection"", ""Uploading"", ""Vulnerability_scanner"", ""XSS""]",,109879.5703125,
student_B_64_32,A_RF_500,5,0.883295310519645,0.00017056720944814892,0.8729127170995901,0.0002286097730070966,0.9150542461055068,0.8566366058931074,0.06725512492566055,11.77964940071106,"[0.9482497788832009, 0.6210131350716058, 1.0, 1.0, 1.0, 0.7551867219917012, 1.0, 0.9782685150215322, 0.7270456384435288, 0.9191408717624763, 0.8928750321416056, 0.7458867195595312, 0.7493643848932928, 0.9436880389580409, 0.8129719197673364]","[0.00045429813454074997, 0.0010544393608808743, 0.0, 0.0, 0.0, 0.0, 0.0, 0.0001993736985284138, 0.0018860098518697918, 0.0, 0.0003890458974808787, 0.0016712102873770029, 0.000474457048939597, 0.0010369128923220353, 0.002060879241695232]","[""Backdoor"", ""DDoS_HTTP"", ""DDoS_ICMP"", ""DDoS_TCP"", ""DDoS_UDP"", ""Fingerprinting"", ""MITM"", ""Normal"", ""Password"", ""Port_Scanning"", ""Ransomware"", ""SQL_injection"", ""Uploading"", ""Vulnerability_scanner"", ""XSS""]",,109879.5703125,
student_B_64_32,E_KD_from_RF,5,0.7308998732572877,0.003108944738571885,0.7111136033552754,0.0025191373569126373,0.7563831818189417,0.7075252865887155,0.0193712689362098,285.27168135643007,"[0.865678224269814, 0.5963474567617235, 0.9950552677193898, 0.7649616424752429, 0.9976955544516949, 0.6877024904113199, 1.0, 0.9290405017171199, 0.38405869992767777, 0.7301024633426766, 0.7940518551380558, 0.3792905809207024, 0.3795584681989237, 0.85935956597379, 0.30380127902100007]","[0.0037478963773195932, 0.0005606410099172924, 0.0010189675724269751, 0.01812779024152814, 0.0006112062604343586, 0.01837397727914501, 0.0, 0.007693900546271578, 0.014336182217398305, 0.03361839932245087, 0.02579824503248181, 0.021673945595863803, 0.017068966232207, 0.0017262945659279052, 0.007135338959219247]","[""Backdoor"", ""DDoS_HTTP"", ""DDoS_ICMP"", ""DDoS_TCP"", ""DDoS_UDP"", ""Fingerprinting"", ""MITM"", ""Normal"", ""Password"", ""Port_Scanning"", ""Ransomware"", ""SQL_injection"", ""Uploading"", ""Vulnerability_scanner"", ""XSS""]",5391.0,21.05859375,10767.0
student_B_64_32,J_CoDistill_RF_CL,5,0.7303506548373468,0.0027396824875373193,0.7100166051660612,0.0029967792019069553,0.7541915289532184,0.7076610437272749,0.02138518315430276,423.33919138908385,"[0.8704526715868177, 0.5964955214420864, 0.9928042370086401, 0.7595158061629845, 0.9964470513704746, 0.6615820423693165, 1.0, 0.9320480077108515, 0.3417885500703569, 0.7361661596232487, 0.8148928108406102, 0.3777503831144274, 0.3742805289306238, 0.8562871894932608, 0.3397381177672195]","[0.02030530469876656, 8.14487380446451e-05, 0.0013827555775266555, 0.017719889715285157, 0.00042051968365781716, 0.014196303999186248, 0.0, 0.003316983634309477, 0.013082504846821316, 0.03859977983838834, 0.01473545800119459, 0.023207529349315224, 0.005338689836591728, 0.004359474947680457, 0.016347996405451357]","[""Backdoor"", ""DDoS_HTTP"", ""DDoS_ICMP"", ""DDoS_TCP"", ""DDoS_UDP"", ""Fingerprinting"", ""MITM"", ""Normal"", ""Password"", ""Port_Scanning"", ""Ransomware"", ""SQL_injection"", ""Uploading"", ""Vulnerability_scanner"", ""XSS""]",5391.0,21.05859375,10767.0
student_A_32_16,J_CoDistill_RF_CL,5,0.7242839036755385,0.005662545786030117,0.7009653876781078,0.00650830066359128,0.7392164575418316,0.7015509079506083,0.025711159469535394,481.37143630981444,"[0.8495737670108164, 0.5962254091202722, 0.9909772857289998, 0.7906526819010551, 0.9966784332557698, 0.6400480443800687, 1.0, 0.9293669548777796, 0.3626475866243731, 0.6653913878411895, 0.8034198362967219, 0.36541372241584485, 0.3697689525687619, 0.8383599709958384, 0.31595678215412626]","[0.02897660052149113, 0.0002759841399537978, 0.001449591555842963, 0.007873000754050435, 0.0008898827634449376, 0.009184643620553275, 0.0, 0.0009549722869361451, 0.010382048475839026, 0.026736852065415505, 0.020704695535956327, 0.0362741751364776, 0.030275260636832592, 0.01747571709947849, 0.007375665203518863]","[""Backdoor"", ""DDoS_HTTP"", ""DDoS_ICMP"", ""DDoS_TCP"", ""DDoS_UDP"", ""Fingerprinting"", ""MITM"", ""Normal"", ""Password"", ""Port_Scanning"", ""Ransomware"", ""SQL_injection"", ""Uploading"", ""Vulnerability_scanner"", ""XSS""]",2191.0,8.55859375,4367.0
student_A_32_16,B_Full_MLP,5,0.7243092522179975,0.003970215322122829,0.6880046381393555,0.003667851320988283,0.7527108888960592,0.7207224839699871,0.0212024472965487,266.10875396728517,"[0.899884609861749, 0.5958693597360514, 0.9934754662574685, 0.7474947558652154, 0.9953337915877025, 0.2723419551889953, 1.0, 0.9111599147490057, 0.39684553142334755, 0.7614287784816277, 0.8159060337891798, 0.3556187633819005, 0.39204268949868115, 0.8626736484498408, 0.31999427381956624]","[0.01288303027134102, 0.00046979986640580313, 0.001443257299966637, 0.0006732563468756794, 0.0010427284443732642, 0.01763147396857969, 0.0, 0.0034812230127475915, 0.019926171647764633, 0.0022825763911118978, 0.014801334094758358, 0.05438397671465554, 0.005385543571752149, 0.015211881787173708, 0.032998479781023174]","[""Backdoor"", ""DDoS_HTTP"", ""DDoS_ICMP"", ""DDoS_TCP"", ""DDoS_UDP"", ""Fingerprinting"", ""MITM"", ""Normal"", ""Password"", ""Port_Scanning"", ""Ransomware"", ""SQL_injection"", ""Uploading"", ""Vulnerability_scanner"", ""XSS""]",74511.0,291.05859375,146959.0
student_B_64_32,B_Full_MLP,5,0.7243092522179975,0.003970215322122829,0.6880046381393555,0.003667851320988283,0.7527108888960592,0.7207224839699871,0.0212024472965487,266.10875396728517,"[0.899884609861749, 0.5958693597360514, 0.9934754662574685, 0.7474947558652154, 0.9953337915877025, 0.2723419551889953, 1.0, 0.9111599147490057, 0.39684553142334755, 0.7614287784816277, 0.8159060337891798, 0.3556187633819005, 0.39204268949868115, 0.8626736484498408, 0.31999427381956624]","[0.01288303027134102, 0.00046979986640580313, 0.001443257299966637, 0.0006732563468756794, 0.0010427284443732642, 0.01763147396857969, 0.0, 0.0034812230127475915, 0.019926171647764633, 0.0022825763911118978, 0.014801334094758358, 0.05438397671465554, 0.005385543571752149, 0.015211881787173708, 0.032998479781023174]","[""Backdoor"", ""DDoS_HTTP"", ""DDoS_ICMP"", ""DDoS_TCP"", ""DDoS_UDP"", ""Fingerprinting"", ""MITM"", ""Normal"", ""Password"", ""Port_Scanning"", ""Ransomware"", ""SQL_injection"", ""Uploading"", ""Vulnerability_scanner"", ""XSS""]",74511.0,291.05859375,146959.0
student_B_64_32,D_Small_MLP,5,0.7236417405999156,0.0010543287372920416,0.6877902329866025,0.0017505599009097338,0.7237075860885446,0.7127742674600805,0.01900970346926636,210.96816592216493,"[0.8807901499096038, 0.5816609771266491, 0.9934284075586023, 0.7604033852497042, 0.9961225424696668, 0.33573737579485896, 1.0, 0.9191335744345361, 0.3610198786244842, 0.736410435296331, 0.8162259487479716, 0.38763051501595436, 0.3798907365999466, 0.8577833485327645, 0.3106162194379627]","[0.014747454158251062, 0.032743706494066945, 0.0009968234264635721, 0.015715753666684207, 0.0007220183343496924, 0.07545060264916098, 0.0, 0.003582070194214901, 0.01730099742804812, 0.03311681230165845, 0.013829789129612972, 0.027083437926312223, 0.012171097705834385, 0.0031798609415138474, 0.029981725241532465]","[""Backdoor"", ""DDoS_HTTP"", ""DDoS_ICMP"", ""DDoS_TCP"", ""DDoS_UDP"", ""Fingerprinting"", ""MITM"", ""Normal"", ""Password"", ""Port_Scanning"", ""Ransomware"", ""SQL_injection"", ""Uploading"", ""Vulnerability_scanner"", ""XSS""]",5391.0,21.05859375,10767.0
student_A_32_16,E_KD_from_RF,5,0.7108914237431347,0.010981703228716678,0.6862567935701351,0.010815779293660356,0.7403879665056158,0.6866405780471828,0.04255351704424525,284.57945761680605,"[0.7741080079559208, 0.5963474560183724, 0.9938599167984371, 0.7895040936563987, 0.9970486720884724, 0.6706782567250698, 1.0, 0.9231924571810974, 0.36449115506721597, 0.6474123201590812, 0.6804666320434463, 0.38212768418736254, 0.35664779028822124, 0.8272011918643127, 0.2907662695186185]","[0.07603167261847933, 0.00047999064632572863, 0.0007455611911743423, 0.006621934055407109, 0.00037992005143864805, 0.00821030441710374, 0.0, 0.0076477458000666415, 0.009820896156708071, 0.023331861745384874, 0.10682027776566108, 0.023864551909376842, 0.019839179292837055, 0.02087862481632109, 0.02345114975960928]","[""Backdoor"", ""DDoS_HTTP"", ""DDoS_ICMP"", ""DDoS_TCP"", ""DDoS_UDP"", ""Fingerprinting"", ""MITM"", ""Normal"", ""Password"", ""Port_Scanning"", ""Ransomware"", ""SQL_injection"", ""Uploading"", ""Vulnerability_scanner"", ""XSS""]",2191.0,8.55859375,4367.0
student_B_64_32,F_KD_from_CL_MLP,5,0.7198394592310942,0.003502168178575099,0.6860256335405955,0.0033334298589540894,0.7234408647795216,0.7145570895579328,0.0191008221024091,278.1021681785584,"[0.8756605445051727, 0.5963345555273104, 0.9900588700011846, 0.754970730219965, 0.9959375737191802, 0.27619583548947124, 1.0, 0.9139207729553107, 0.3725704836602724, 0.7482125419637133, 0.8071325188619631, 0.38364086252476715, 0.38893040896480224, 0.8543407633161282, 0.33247804139969317]","[0.014101301032963868, 0.0003865907195913771, 0.002301766581438724, 0.009057699882231915, 0.0001269324747304822, 0.020094589301429204, 0.0, 0.0019315014293182834, 0.01761407104687349, 0.016277929744443403, 0.013628059429753724, 0.0225892426859813, 0.0029709727164569017, 0.012142131703184702, 0.012029069086907714]","[""Backdoor"", ""DDoS_HTTP"", ""DDoS_ICMP"", ""DDoS_TCP"", ""DDoS_UDP"", ""Fingerprinting"", ""MITM"", ""Normal"", ""Password"", ""Port_Scanning"", ""Ransomware"", ""SQL_injection"", ""Uploading"", ""Vulnerability_scanner"", ""XSS""]",5391.0,21.05859375,10767.0
student_B_64_32,E2_KD_from_MLP,5,0.718943810730883,0.00308329127614191,0.6849906124055322,0.0028029103044537947,0.7156546081493124,0.7107167345846379,0.020659981320112826,250.05921869277955,"[0.8793930997510069, 0.596446234003486, 0.9922281732534355, 0.7744145765456574, 0.99626182560062, 0.31648246135751035, 1.0, 0.9118706937967295, 0.364960251078137, 0.7042518527334559, 0.8064875708391697, 0.37327558999306387, 0.3887689453935109, 0.8532249403873278, 0.31679297134987194]","[0.02373887292411775, 0.0002495882788918228, 0.0013338229190251328, 0.018872052453817022, 0.0003805241958072597, 0.059929163844493455, 0.0, 0.0029967405603906825, 0.024606589008736926, 0.04027753775898404, 0.028617362912242636, 0.02103000774141099, 0.018261481161431517, 0.01228777532298287, 0.022397792894844924]","[""Backdoor"", ""DDoS_HTTP"", ""DDoS_ICMP"", ""DDoS_TCP"", ""DDoS_UDP"", ""Fingerprinting"", ""MITM"", ""Normal"", ""Password"", ""Port_Scanning"", ""Ransomware"", ""SQL_injection"", ""Uploading"", ""Vulnerability_scanner"", ""XSS""]",5391.0,21.05859375,10767.0
student_A_32_16,C_CL_MLP_loss_fair,5,0.7213772708069286,0.006831446562555816,0.6825225323022788,0.01211036184307896,0.764877790134735,0.7194867551939209,0.02174197053828721,222.2733151435852,"[0.8981807909386837, 0.5962383318178643, 0.9891830127303904, 0.7671674620185078, 0.9944514408618936, 0.25840062920240353, 1.0, 0.9087033855559818, 0.3883763689690519, 0.7081119677546871, 0.8128080412039631, 0.3542370996135745, 0.3814187564479065, 0.8709888937530945, 0.3095718036661771]","[0.008545589370293684, 0.0004207911021176507, 0.004171389858578329, 0.026205038871477272, 0.0009437523355387586, 0.013097516301500464, 0.0, 0.0029831813360097423, 0.03914879864342594, 0.07514518316391972, 0.004475256961880381, 0.05435209108639176, 0.00692350046761579, 0.02746175603889497, 0.06851521945884799]","[""Backdoor"", ""DDoS_HTTP"", ""DDoS_ICMP"", ""DDoS_TCP"", ""DDoS_UDP"", ""Fingerprinting"", ""MITM"", ""Normal"", ""Password"", ""Port_Scanning"", ""Ransomware"", ""SQL_injection"", ""Uploading"", ""Vulnerability_scanner"", ""XSS""]",74511.0,291.05859375,146959.0
student_B_64_32,C_CL_MLP_loss_fair,5,0.7213772708069286,0.006831446562555816,0.6825225323022788,0.01211036184307896,0.764877790134735,0.7194867551939209,0.02174197053828721,222.2733151435852,"[0.8981807909386837, 0.5962383318178643, 0.9891830127303904, 0.7671674620185078, 0.9944514408618936, 0.25840062920240353, 1.0, 0.9087033855559818, 0.3883763689690519, 0.7081119677546871, 0.8128080412039631, 0.3542370996135745, 0.3814187564479065, 0.8709888937530945, 0.3095718036661771]","[0.008545589370293684, 0.0004207911021176507, 0.004171389858578329, 0.026205038871477272, 0.0009437523355387586, 0.013097516301500464, 0.0, 0.0029831813360097423, 0.03914879864342594, 0.07514518316391972, 0.004475256961880381, 0.05435209108639176, 0.00692350046761579, 0.02746175603889497, 0.06851521945884799]","[""Backdoor"", ""DDoS_HTTP"", ""DDoS_ICMP"", ""DDoS_TCP"", ""DDoS_UDP"", ""Fingerprinting"", ""MITM"", ""Normal"", ""Password"", ""Port_Scanning"", ""Ransomware"", ""SQL_injection"", ""Uploading"", ""Vulnerability_scanner"", ""XSS""]",74511.0,291.05859375,146959.0
student_A_32_16,E2_KD_from_MLP,5,0.7121335023236164,0.0045354100346230615,0.6772016431237727,0.004406885804093424,0.7149063578880359,0.7092554010272972,0.024603453467654742,292.20309538841246,"[0.8551739940167126, 0.5942076537171018, 0.9909320590663768, 0.7449667800784046, 0.99589090355479, 0.262277987454252, 1.0, 0.9125529661506124, 0.3568349369417172, 0.7594201883200008, 0.7947465380406494, 0.36264020868871205, 0.3802456540372674, 0.83517002727946, 0.31296474951053244]","[0.027922012688436755, 0.0042606322750289635, 0.0008321506611631942, 0.0019237422359214681, 0.0006430982219813027, 0.0018692799860430065, 0.0, 0.002392981990630732, 0.019821560242652383, 0.005432952308555682, 0.022917009069174137, 0.02232351411264872, 0.014375572714634993, 0.020649953291667092, 0.013557088940258488]","[""Backdoor"", ""DDoS_HTTP"", ""DDoS_ICMP"", ""DDoS_TCP"", ""DDoS_UDP"", ""Fingerprinting"", ""MITM"", ""Normal"", ""Password"", ""Port_Scanning"", ""Ransomware"", ""SQL_injection"", ""Uploading"", ""Vulnerability_scanner"", ""XSS""]",2191.0,8.55859375,4367.0
student_A_32_16,F_KD_from_CL_MLP,5,0.7076975073933249,0.01503195640205872,0.6713437942988801,0.01667020674274006,0.7116386943497831,0.7035228669794458,0.029171143547865125,283.0802303314209,"[0.8594235187655739, 0.5958822673062207, 0.9887044509298717, 0.7202441060424187, 0.9954736964143611, 0.2708317543878945, 1.0, 0.9097205479729711, 0.37226323433119834, 0.6922925140944282, 0.7950647587734764, 0.3676959297049844, 0.36920191170131933, 0.8398041672603069, 0.293554056798176]","[0.011500458898713145, 0.0005424493376768286, 0.002718514905535078, 0.05993410207883889, 0.00045210201463437543, 0.03220888796595741, 0.0, 0.0059116686857368555, 0.02193854411953812, 0.1364803260814702, 0.007713702314516223, 0.023021967769448894, 0.003877630657577993, 0.024432368175976493, 0.03264597295468398]","[""Backdoor"", ""DDoS_HTTP"", ""DDoS_ICMP"", ""DDoS_TCP"", ""DDoS_UDP"", ""Fingerprinting"", ""MITM"", ""Normal"", ""Password"", ""Port_Scanning"", ""Ransomware"", ""SQL_injection"", ""Uploading"", ""Vulnerability_scanner"", ""XSS""]",2191.0,8.55859375,4367.0
student_A_32_16,D_Small_MLP,5,0.7000591465990705,0.01911478721893943,0.6645890335790353,0.02000789031989544,0.7049351987299051,0.696006002635808,0.038259933799517816,224.64309272766113,"[0.7872760607620405, 0.5960407916451848, 0.9891479574201023, 0.7525162582105837, 0.9955665661187698, 0.2727694004240358, 1.0, 0.904966913587371, 0.3417953155690309, 0.7400025825513653, 0.6931303052013237, 0.3763975384885362, 0.37329912477454963, 0.8281575985840497, 0.31776909034858764]","[0.11711417532691044, 0.0005679454945053174, 0.0010709923702451934, 0.010270537772354435, 0.0003024266022098665, 0.022933295574906188, 0.0, 0.010334879996367008, 0.02964678080023769, 0.015588175088586658, 0.18963021212266135, 0.02188256065518844, 0.008197593845835746, 0.022385568427332424, 0.012268350043794571]","[""Backdoor"", ""DDoS_HTTP"", ""DDoS_ICMP"", ""DDoS_TCP"", ""DDoS_UDP"", ""Fingerprinting"", ""MITM"", ""Normal"", ""Password"", ""Port_Scanning"", ""Ransomware"", ""SQL_injection"", ""Uploading"", ""Vulnerability_scanner"", ""XSS""]",2191.0,8.55859375,4367.0
